2026-01-07-15-30-01 iter1 exposure_us=23697 mean=186.33561266952228 returncode=0
2026-01-07-15-30-01 iter1 factor=0.759 new_exposure=17995
2026-01-07-15-30-15 iter2 exposure_us=17995 mean=170.15074504214635 returncode=0
2026-01-07-15-30-29 final reuse exposure_us=17995 mean=170.15074504214635
Iteration 1: running shutter 23697us -> rpicam-still --camera 0 --width 9248 --height 6944 --shutter 23697 --nopreview 1 -t 5023ms -o /media/pi/USB DISK/winter_images/rpicam_2026-01-07-15-30-01_iter1.jpg --quality 95 --metadata - --metadata-format json
Adjusting exposure: 23697 -> 17995 (factor 0.759)
Iteration 2: running shutter 17995us -> rpicam-still --camera 0 --width 9248 --height 6944 --shutter 17995 --nopreview 1 -t 5017ms -o /media/pi/USB DISK/winter_images/rpicam_2026-01-07-15-30-15_iter2.jpg --quality 95 --metadata - --metadata-format json
Mean brightness 170.15074504214635 within tolerance 5.0% of target 170.0 -> reusing image
Capture complete. Final exposure (us): 17995
2026-01-07-16-00-01 iter1 exposure_us=17995 mean=164.09483089443677 returncode=0
2026-01-07-16-00-13 final reuse exposure_us=17995 mean=164.09483089443677
Iteration 1: running shutter 17995us -> rpicam-still --camera 0 --width 9248 --height 6944 --shutter 17995 --nopreview 1 -t 5017ms -o /media/pi/USB DISK/winter_images/rpicam_2026-01-07-16-00-01_iter1.jpg --quality 95 --metadata - --metadata-format json
Mean brightness 164.09483089443677 within tolerance 5.0% of target 170.0 -> reusing image
Capture complete. Final exposure (us): 17995
2026-01-07-16-30-01 iter1 exposure_us=17995 mean=145.53809338088294 returncode=0
2026-01-07-16-30-01 iter1 factor=1.594 new_exposure=28679
2026-01-07-16-30-15 iter2 exposure_us=28679 mean=153.1564605169333 returncode=0
2026-01-07-16-30-15 iter2 factor=1.365 new_exposure=39144
2026-01-07-16-30-27 iter3 exposure_us=39144 mean=170.1068301260554 returncode=0
2026-01-07-16-30-40 final reuse exposure_us=39144 mean=170.1068301260554
Iteration 1: running shutter 17995us -> rpicam-still --camera 0 --width 9248 --height 6944 --shutter 17995 --nopreview 1 -t 5017ms -o /media/pi/USB DISK/winter_images/rpicam_2026-01-07-16-30-01_iter1.jpg --quality 95 --metadata - --metadata-format json
Adjusting exposure: 17995 -> 28679 (factor 1.594)
Iteration 2: running shutter 28679us -> rpicam-still --camera 0 --width 9248 --height 6944 --shutter 28679 --nopreview 1 -t 5028ms -o /media/pi/USB DISK/winter_images/rpicam_2026-01-07-16-30-15_iter2.jpg --quality 95 --metadata - --metadata-format json
Adjusting exposure: 28679 -> 39144 (factor 1.365)
Iteration 3: running shutter 39144us -> rpicam-still --camera 0 --width 9248 --height 6944 --shutter 39144 --nopreview 1 -t 5039ms -o /media/pi/USB DISK/winter_images/rpicam_2026-01-07-16-30-27_iter3.jpg --quality 95 --metadata - --metadata-format json
Mean brightness 170.1068301260554 within tolerance 5.0% of target 170.0 -> reusing image
Capture complete. Final exposure (us): 39144
2026-01-07-17-00-02 iter1 exposure_us=39144 mean=145.15766509921687 returncode=0
2026-01-07-17-00-02 iter1 factor=1.606 new_exposure=62877
2026-01-07-17-00-13 iter2 exposure_us=62877 mean=150.41517679622845 returncode=0
2026-01-07-17-00-13 iter2 factor=1.444 new_exposure=90774
2026-01-07-17-00-26 iter3 exposure_us=90774 mean=164.31264659415712 returncode=0
2026-01-07-17-00-38 final reuse exposure_us=90774 mean=164.31264659415712
Iteration 1: running shutter 39144us -> rpicam-still --camera 0 --width 9248 --height 6944 --shutter 39144 --nopreview 1 -t 5039ms -o /media/pi/USB DISK/winter_images/rpicam_2026-01-07-17-00-02_iter1.jpg --quality 95 --metadata - --metadata-format json
Adjusting exposure: 39144 -> 62877 (factor 1.606)
Iteration 2: running shutter 62877us -> rpicam-still --camera 0 --width 9248 --height 6944 --shutter 62877 --nopreview 1 -t 5062ms -o /media/pi/USB DISK/winter_images/rpicam_2026-01-07-17-00-13_iter2.jpg --quality 95 --metadata - --metadata-format json
Adjusting exposure: 62877 -> 90774 (factor 1.444)
Iteration 3: running shutter 90774us -> rpicam-still --camera 0 --width 9248 --height 6944 --shutter 90774 --nopreview 1 -t 5090ms -o /media/pi/USB DISK/winter_images/rpicam_2026-01-07-17-00-26_iter3.jpg --quality 95 --metadata - --metadata-format json
Mean brightness 164.31264659415712 within tolerance 5.0% of target 170.0 -> reusing image
Capture complete. Final exposure (us): 90774
2026-01-07-17-30-01 iter1 exposure_us=90774 mean=145.4473222912564 returncode=0
2026-01-07-17-30-01 iter1 factor=1.597 new_exposure=144941
2026-01-07-17-30-14 iter2 exposure_us=144941 mean=145.9003565691872 returncode=0
2026-01-07-17-30-14 iter2 factor=1.582 new_exposure=229281
2026-01-07-17-30-27 iter3 exposure_us=229281 mean=145.3767399764104 returncode=0
2026-01-07-17-30-27 iter3 factor=1.599 new_exposure=366632
2026-01-07-17-30-41 iter4 exposure_us=366632 mean=146.65021403930405 returncode=0
2026-01-07-17-30-41 iter4 factor=1.558 new_exposure=571122
2026-01-07-17-30-53 iter5 exposure_us=571122 mean=147.0002854957804 returncode=0
2026-01-07-17-30-53 iter5 factor=1.547 new_exposure=883326
2026-01-07-17-31-09 final exposure_us=883326 mean=166.78570598587513 returncode=0
Iteration 1: running shutter 90774us -> rpicam-still --camera 0 --width 9248 --height 6944 --shutter 90774 --nopreview 1 -t 5090ms -o /media/pi/USB DISK/winter_images/rpicam_2026-01-07-17-30-01_iter1.jpg --quality 95 --metadata - --metadata-format json
Adjusting exposure: 90774 -> 144941 (factor 1.597)
Iteration 2: running shutter 144941us -> rpicam-still --camera 0 --width 9248 --height 6944 --shutter 144941 --nopreview 1 -t 5144ms -o /media/pi/USB DISK/winter_images/rpicam_2026-01-07-17-30-14_iter2.jpg --quality 95 --metadata - --metadata-format json
Adjusting exposure: 144941 -> 229281 (factor 1.582)
Iteration 3: running shutter 229281us -> rpicam-still --camera 0 --width 9248 --height 6944 --shutter 229281 --nopreview 1 -t 5229ms -o /media/pi/USB DISK/winter_images/rpicam_2026-01-07-17-30-27_iter3.jpg --quality 95 --metadata - --metadata-format json
Adjusting exposure: 229281 -> 366632 (factor 1.599)
Iteration 4: running shutter 366632us -> rpicam-still --camera 0 --width 9248 --height 6944 --shutter 366632 --nopreview 1 -t 5366ms -o /media/pi/USB DISK/winter_images/rpicam_2026-01-07-17-30-41_iter4.jpg --quality 95 --metadata - --metadata-format json
Adjusting exposure: 366632 -> 571122 (factor 1.558)
Iteration 5: running shutter 571122us -> rpicam-still --camera 0 --width 9248 --height 6944 --shutter 571122 --nopreview 1 -t 5571ms -o /media/pi/USB DISK/winter_images/rpicam_2026-01-07-17-30-53_iter5.jpg --quality 95 --metadata - --metadata-format json
Adjusting exposure: 571122 -> 883326 (factor 1.547)
Final capture attempt 1: rpicam-still --camera 0 --width 9248 --height 6944 --shutter 883326 --nopreview 1 -t 5883ms -o /media/pi/USB DISK/winter_images/rpicam_2026-01-07-17-31-09_ex883326us.jpg --quality 95 --metadata - --metadata-format json
Capture complete. Final exposure (us): 883326
2026-01-07-18-00-01 iter1 exposure_us=883326 mean=23.96834550352399 returncode=0
2026-01-07-18-00-01 iter1 factor=20.000 new_exposure=17666520
2026-01-07-18-00-17 iter2 exposure_us=17666520 mean=68.81516083811371 returncode=0
2026-01-07-18-00-17 iter2 factor=15.076 new_exposure=240000000
2026-01-07-18-01-21 final exposure_us=240000000 mean=201.86525148855202 returncode=0
Iteration 1: running shutter 883326us -> rpicam-still --camera 0 --width 9248 --height 6944 --shutter 883326 --nopreview 1 -t 5883ms -o /media/pi/USB DISK/winter_images/rpicam_2026-01-07-18-00-01_iter1.jpg --quality 95 --metadata - --metadata-format json
Adjusting exposure: 883326 -> 17666520 (factor 20.000)
Iteration 2: running shutter 17666520us -> rpicam-still --camera 0 --width 9248 --height 6944 --shutter 17666520 --nopreview 1 -t 22666ms -o /media/pi/USB DISK/winter_images/rpicam_2026-01-07-18-00-17_iter2.jpg --quality 95 --metadata - --metadata-format json
Adjusting exposure: 17666520 -> 240000000 (factor 15.076)
Reached MaxExposure without achieving target brightness; stopping loop early
Final capture attempt 1: rpicam-still --camera 0 --width 9248 --height 6944 --shutter 240000000 --nopreview 1 -t 245000ms -o /media/pi/USB DISK/winter_images/rpicam_2026-01-07-18-01-21_ex240000000us.jpg --quality 95 --metadata - --metadata-format json
Capture complete. Final exposure (us): 240000000
2026-01-07-18-30-01 iter1 exposure_us=240000000 mean=155.36789497953475 returncode=0
2026-01-07-18-30-01 iter1 factor=1.278 new_exposure=240000000
2026-01-07-18-42-13 final exposure_us=240000000 mean=157.09822693012214 returncode=0
Iteration 1: running shutter 240000000us -> rpicam-still --camera 0 --width 9248 --height 6944 --shutter 240000000 --nopreview 1 -t 245000ms -o /media/pi/USB DISK/winter_images/rpicam_2026-01-07-18-30-01_iter1.jpg --quality 95 --metadata - --metadata-format json
Adjusting exposure: 240000000 -> 240000000 (factor 1.278)
Reached MaxExposure without achieving target brightness; stopping loop early
Final capture attempt 1: rpicam-still --camera 0 --width 9248 --height 6944 --shutter 240000000 --nopreview 1 -t 245000ms -o /media/pi/USB DISK/winter_images/rpicam_2026-01-07-18-42-13_ex240000000us.jpg --quality 95 --metadata - --metadata-format json
Capture complete. Final exposure (us): 240000000
2026-01-07-19-00-02 iter1 exposure_us=240000000 mean=147.61838935719567 returncode=0
2026-01-07-19-00-02 iter1 factor=1.527 new_exposure=240000000
2026-01-07-19-12-13 final exposure_us=240000000 mean=140.7048609432803 returncode=0
Iteration 1: running shutter 240000000us -> rpicam-still --camera 0 --width 9248 --height 6944 --shutter 240000000 --nopreview 1 -t 245000ms -o /media/pi/USB DISK/winter_images/rpicam_2026-01-07-19-00-02_iter1.jpg --quality 95 --metadata - --metadata-format json
Adjusting exposure: 240000000 -> 240000000 (factor 1.527)
Reached MaxExposure without achieving target brightness; stopping loop early
Final capture attempt 1: rpicam-still --camera 0 --width 9248 --height 6944 --shutter 240000000 --nopreview 1 -t 245000ms -o /media/pi/USB DISK/winter_images/rpicam_2026-01-07-19-12-13_ex240000000us.jpg --quality 95 --metadata - --metadata-format json
Capture complete. Final exposure (us): 240000000
2026-01-07-19-30-01 iter1 exposure_us=240000000 mean=138.4351564088337 returncode=0
2026-01-07-19-30-01 iter1 factor=1.852 new_exposure=240000000
2026-01-07-19-42-14 final exposure_us=240000000 mean=140.81832013373423 returncode=0
Iteration 1: running shutter 240000000us -> rpicam-still --camera 0 --width 9248 --height 6944 --shutter 240000000 --nopreview 1 -t 245000ms -o /media/pi/USB DISK/winter_images/rpicam_2026-01-07-19-30-01_iter1.jpg --quality 95 --metadata - --metadata-format json
Adjusting exposure: 240000000 -> 240000000 (factor 1.852)
Reached MaxExposure without achieving target brightness; stopping loop early
Final capture attempt 1: rpicam-still --camera 0 --width 9248 --height 6944 --shutter 240000000 --nopreview 1 -t 245000ms -o /media/pi/USB DISK/winter_images/rpicam_2026-01-07-19-42-14_ex240000000us.jpg --quality 95 --metadata - --metadata-format json
Capture complete. Final exposure (us): 240000000
2026-01-07-20-00-01 iter1 exposure_us=240000000 mean=137.76687388442687 returncode=0
2026-01-07-20-00-01 iter1 factor=1.879 new_exposure=240000000
2026-01-07-20-12-15 final exposure_us=240000000 mean=141.6191408274351 returncode=0
Iteration 1: running shutter 240000000us -> rpicam-still --camera 0 --width 9248 --height 6944 --shutter 240000000 --nopreview 1 -t 245000ms -o /media/pi/USB DISK/winter_images/rpicam_2026-01-07-20-00-01_iter1.jpg --quality 95 --metadata - --metadata-format json
Adjusting exposure: 240000000 -> 240000000 (factor 1.879)
Reached MaxExposure without achieving target brightness; stopping loop early
Final capture attempt 1: rpicam-still --camera 0 --width 9248 --height 6944 --shutter 240000000 --nopreview 1 -t 245000ms -o /media/pi/USB DISK/winter_images/rpicam_2026-01-07-20-12-15_ex240000000us.jpg --quality 95 --metadata - --metadata-format json
Capture complete. Final exposure (us): 240000000
2026-01-07-20-30-01 iter1 exposure_us=240000000 mean=135.7049639827468 returncode=0
2026-01-07-20-30-01 iter1 factor=1.966 new_exposure=240000000
2026-01-07-20-42-13 final exposure_us=240000000 mean=135.1900263589188 returncode=0
Iteration 1: running shutter 240000000us -> rpicam-still --camera 0 --width 9248 --height 6944 --shutter 240000000 --nopreview 1 -t 245000ms -o /media/pi/USB DISK/winter_images/rpicam_2026-01-07-20-30-01_iter1.jpg --quality 95 --metadata - --metadata-format json
Adjusting exposure: 240000000 -> 240000000 (factor 1.966)
Reached MaxExposure without achieving target brightness; stopping loop early
Final capture attempt 1: rpicam-still --camera 0 --width 9248 --height 6944 --shutter 240000000 --nopreview 1 -t 245000ms -o /media/pi/USB DISK/winter_images/rpicam_2026-01-07-20-42-13_ex240000000us.jpg --quality 95 --metadata - --metadata-format json
Capture complete. Final exposure (us): 240000000
2026-01-07-21-00-01 iter1 exposure_us=240000000 mean=134.9413963151081 returncode=0
2026-01-07-21-00-01 iter1 factor=1.999 new_exposure=240000000
2026-01-07-21-12-12 final exposure_us=240000000 mean=136.313831509092 returncode=0
Iteration 1: running shutter 240000000us -> rpicam-still --camera 0 --width 9248 --height 6944 --shutter 240000000 --nopreview 1 -t 245000ms -o /media/pi/USB DISK/winter_images/rpicam_2026-01-07-21-00-01_iter1.jpg --quality 95 --metadata - --metadata-format json
Adjusting exposure: 240000000 -> 240000000 (factor 1.999)
Reached MaxExposure without achieving target brightness; stopping loop early
Final capture attempt 1: rpicam-still --camera 0 --width 9248 --height 6944 --shutter 240000000 --nopreview 1 -t 245000ms -o /media/pi/USB DISK/winter_images/rpicam_2026-01-07-21-12-12_ex240000000us.jpg --quality 95 --metadata - --metadata-format json
Capture complete. Final exposure (us): 240000000
2026-01-07-21-30-01 iter1 exposure_us=240000000 mean=135.20366768179045 returncode=0
2026-01-07-21-30-01 iter1 factor=1.988 new_exposure=240000000
2026-01-07-21-42-15 final exposure_us=240000000 mean=137.0939523883854 returncode=0
Iteration 1: running shutter 240000000us -> rpicam-still --camera 0 --width 9248 --height 6944 --shutter 240000000 --nopreview 1 -t 245000ms -o /media/pi/USB DISK/winter_images/rpicam_2026-01-07-21-30-01_iter1.jpg --quality 95 --metadata - --metadata-format json
Adjusting exposure: 240000000 -> 240000000 (factor 1.988)
Reached MaxExposure without achieving target brightness; stopping loop early
Final capture attempt 1: rpicam-still --camera 0 --width 9248 --height 6944 --shutter 240000000 --nopreview 1 -t 245000ms -o /media/pi/USB DISK/winter_images/rpicam_2026-01-07-21-42-15_ex240000000us.jpg --quality 95 --metadata - --metadata-format json
Capture complete. Final exposure (us): 240000000
2026-01-07-22-00-01 iter1 exposure_us=240000000 mean=135.94514424528705 returncode=0
2026-01-07-22-00-01 iter1 factor=1.955 new_exposure=240000000
2026-01-07-22-12-14 final exposure_us=240000000 mean=134.51736176859265 returncode=0
Iteration 1: running shutter 240000000us -> rpicam-still --camera 0 --width 9248 --height 6944 --shutter 240000000 --nopreview 1 -t 245000ms -o /media/pi/USB DISK/winter_images/rpicam_2026-01-07-22-00-01_iter1.jpg --quality 95 --metadata - --metadata-format json
Adjusting exposure: 240000000 -> 240000000 (factor 1.955)
Reached MaxExposure without achieving target brightness; stopping loop early
Final capture attempt 1: rpicam-still --camera 0 --width 9248 --height 6944 --shutter 240000000 --nopreview 1 -t 245000ms -o /media/pi/USB DISK/winter_images/rpicam_2026-01-07-22-12-14_ex240000000us.jpg --quality 95 --metadata - --metadata-format json
Capture complete. Final exposure (us): 240000000
2026-01-07-22-30-01 iter1 exposure_us=240000000 mean=135.20526793126524 returncode=0
2026-01-07-22-30-01 iter1 factor=1.988 new_exposure=240000000
2026-01-07-22-38-13 final exposure_us=240000000 mean=133.92916895470236 returncode=0
Iteration 1: running shutter 240000000us -> rpicam-still --camera 0 --width 9248 --height 6944 --shutter 240000000 --nopreview 1 -t 245000ms -o /media/pi/USB DISK/winter_images/rpicam_2026-01-07-22-30-01_iter1.jpg --quality 95 --metadata - --metadata-format json
Adjusting exposure: 240000000 -> 240000000 (factor 1.988)
Reached MaxExposure without achieving target brightness; stopping loop early
Final capture attempt 1: rpicam-still --camera 0 --width 9248 --height 6944 --shutter 240000000 --nopreview 1 -t 245000ms -o /media/pi/USB DISK/winter_images/rpicam_2026-01-07-22-38-13_ex240000000us.jpg --quality 95 --metadata - --metadata-format json
Capture complete. Final exposure (us): 240000000
2026-01-07-23-00-01 iter1 exposure_us=240000000 mean=91.19054230370398 returncode=0
2026-01-07-23-00-01 iter1 factor=6.479 new_exposure=240000000
2026-01-07-23-12-15 final exposure_us=240000000 mean=89.44507913904414 returncode=0
Iteration 1: running shutter 240000000us -> rpicam-still --camera 0 --width 9248 --height 6944 --shutter 240000000 --nopreview 1 -t 245000ms -o /media/pi/USB DISK/winter_images/rpicam_2026-01-07-23-00-01_iter1.jpg --quality 95 --metadata - --metadata-format json
Adjusting exposure: 240000000 -> 240000000 (factor 6.479)
Reached MaxExposure without achieving target brightness; stopping loop early
Final capture attempt 1: rpicam-still --camera 0 --width 9248 --height 6944 --shutter 240000000 --nopreview 1 -t 245000ms -o /media/pi/USB DISK/winter_images/rpicam_2026-01-07-23-12-15_ex240000000us.jpg --quality 95 --metadata - --metadata-format json
Capture complete. Final exposure (us): 240000000
2026-01-07-23-30-01 iter1 exposure_us=240000000 mean=89.33626676847803 returncode=0
2026-01-07-23-30-01 iter1 factor=6.891 new_exposure=240000000
2026-01-07-23-42-15 final exposure_us=240000000 mean=95.09273657873966 returncode=0
Iteration 1: running shutter 240000000us -> rpicam-still --camera 0 --width 9248 --height 6944 --shutter 240000000 --nopreview 1 -t 245000ms -o /media/pi/USB DISK/winter_images/rpicam_2026-01-07-23-30-01_iter1.jpg --quality 95 --metadata - --metadata-format json
Adjusting exposure: 240000000 -> 240000000 (factor 6.891)
Reached MaxExposure without achieving target brightness; stopping loop early
Final capture attempt 1: rpicam-still --camera 0 --width 9248 --height 6944 --shutter 240000000 --nopreview 1 -t 245000ms -o /media/pi/USB DISK/winter_images/rpicam_2026-01-07-23-42-15_ex240000000us.jpg --quality 95 --metadata - --metadata-format json
Capture complete. Final exposure (us): 240000000
2026-01-08-00-00-02 iter1 exposure_us=240000000 mean=100.46912025380004 returncode=0
2026-01-08-00-00-02 iter1 factor=4.845 new_exposure=240000000
2026-01-08-00-12-13 final exposure_us=240000000 mean=98.91339717368209 returncode=0
Iteration 1: running shutter 240000000us -> rpicam-still --camera 0 --width 9248 --height 6944 --shutter 240000000 --nopreview 1 -t 245000ms -o /media/pi/USB DISK/winter_images/rpicam_2026-01-08-00-00-02_iter1.jpg --quality 95 --metadata - --metadata-format json
Adjusting exposure: 240000000 -> 240000000 (factor 4.845)
Reached MaxExposure without achieving target brightness; stopping loop early
Final capture attempt 1: rpicam-still --camera 0 --width 9248 --height 6944 --shutter 240000000 --nopreview 1 -t 245000ms -o /media/pi/USB DISK/winter_images/rpicam_2026-01-08-00-12-13_ex240000000us.jpg --quality 95 --metadata - --metadata-format json
Capture complete. Final exposure (us): 240000000
2026-01-08-00-30-01 iter1 exposure_us=240000000 mean=85.48712450468803 returncode=0
2026-01-08-00-30-01 iter1 factor=7.864 new_exposure=240000000
2026-01-08-00-42-13 final exposure_us=240000000 mean=93.89121212408114 returncode=0
Iteration 1: running shutter 240000000us -> rpicam-still --camera 0 --width 9248 --height 6944 --shutter 240000000 --nopreview 1 -t 245000ms -o /media/pi/USB DISK/winter_images/rpicam_2026-01-08-00-30-01_iter1.jpg --quality 95 --metadata - --metadata-format json
Adjusting exposure: 240000000 -> 240000000 (factor 7.864)
Reached MaxExposure without achieving target brightness; stopping loop early
Final capture attempt 1: rpicam-still --camera 0 --width 9248 --height 6944 --shutter 240000000 --nopreview 1 -t 245000ms -o /media/pi/USB DISK/winter_images/rpicam_2026-01-08-00-42-13_ex240000000us.jpg --quality 95 --metadata - --metadata-format json
Capture complete. Final exposure (us): 240000000
2026-01-08-01-00-02 iter1 exposure_us=240000000 mean=92.02029793401587 returncode=0
2026-01-08-01-00-02 iter1 factor=6.305 new_exposure=240000000
2026-01-08-01-12-14 final exposure_us=240000000 mean=81.31816667235562 returncode=0
Iteration 1: running shutter 240000000us -> rpicam-still --camera 0 --width 9248 --height 6944 --shutter 240000000 --nopreview 1 -t 245000ms -o /media/pi/USB DISK/winter_images/rpicam_2026-01-08-01-00-02_iter1.jpg --quality 95 --metadata - --metadata-format json
Adjusting exposure: 240000000 -> 240000000 (factor 6.305)
Reached MaxExposure without achieving target brightness; stopping loop early
Final capture attempt 1: rpicam-still --camera 0 --width 9248 --height 6944 --shutter 240000000 --nopreview 1 -t 245000ms -o /media/pi/USB DISK/winter_images/rpicam_2026-01-08-01-12-14_ex240000000us.jpg --quality 95 --metadata - --metadata-format json
Capture complete. Final exposure (us): 240000000
2026-01-08-01-30-01 iter1 exposure_us=240000000 mean=80.92481445110064 returncode=0
2026-01-08-01-30-01 iter1 factor=9.270 new_exposure=240000000
2026-01-08-01-42-15 final exposure_us=240000000 mean=81.0793507912534 returncode=0
Iteration 1: running shutter 240000000us -> rpicam-still --camera 0 --width 9248 --height 6944 --shutter 240000000 --nopreview 1 -t 245000ms -o /media/pi/USB DISK/winter_images/rpicam_2026-01-08-01-30-01_iter1.jpg --quality 95 --metadata - --metadata-format json
Adjusting exposure: 240000000 -> 240000000 (factor 9.270)
Reached MaxExposure without achieving target brightness; stopping loop early
Final capture attempt 1: rpicam-still --camera 0 --width 9248 --height 6944 --shutter 240000000 --nopreview 1 -t 245000ms -o /media/pi/USB DISK/winter_images/rpicam_2026-01-08-01-42-15_ex240000000us.jpg --quality 95 --metadata - --metadata-format json
Capture complete. Final exposure (us): 240000000
2026-01-08-02-00-01 iter1 exposure_us=240000000 mean=77.7634529803679 returncode=0
2026-01-08-02-00-01 iter1 factor=10.448 new_exposure=240000000
2026-01-08-02-12-13 final exposure_us=240000000 mean=88.20531752786503 returncode=0
Iteration 1: running shutter 240000000us -> rpicam-still --camera 0 --width 9248 --height 6944 --shutter 240000000 --nopreview 1 -t 245000ms -o /media/pi/USB DISK/winter_images/rpicam_2026-01-08-02-00-01_iter1.jpg --quality 95 --metadata - --metadata-format json
Adjusting exposure: 240000000 -> 240000000 (factor 10.448)
Reached MaxExposure without achieving target brightness; stopping loop early
Final capture attempt 1: rpicam-still --camera 0 --width 9248 --height 6944 --shutter 240000000 --nopreview 1 -t 245000ms -o /media/pi/USB DISK/winter_images/rpicam_2026-01-08-02-12-13_ex240000000us.jpg --quality 95 --metadata - --metadata-format json
Capture complete. Final exposure (us): 240000000
2026-01-08-02-30-01 iter1 exposure_us=240000000 mean=81.54426796290741 returncode=0
2026-01-08-02-30-01 iter1 factor=9.061 new_exposure=240000000
2026-01-08-02-38-13 final exposure_us=240000000 mean=80.32006820754867 returncode=0
Iteration 1: running shutter 240000000us -> rpicam-still --camera 0 --width 9248 --height 6944 --shutter 240000000 --nopreview 1 -t 245000ms -o /media/pi/USB DISK/winter_images/rpicam_2026-01-08-02-30-01_iter1.jpg --quality 95 --metadata - --metadata-format json
Adjusting exposure: 240000000 -> 240000000 (factor 9.061)
Reached MaxExposure without achieving target brightness; stopping loop early
Final capture attempt 1: rpicam-still --camera 0 --width 9248 --height 6944 --shutter 240000000 --nopreview 1 -t 245000ms -o /media/pi/USB DISK/winter_images/rpicam_2026-01-08-02-38-13_ex240000000us.jpg --quality 95 --metadata - --metadata-format json
Capture complete. Final exposure (us): 240000000
2026-01-08-03-00-01 iter1 exposure_us=240000000 mean=77.78267950325291 returncode=0
2026-01-08-03-00-01 iter1 factor=10.440 new_exposure=240000000
2026-01-08-03-12-14 final exposure_us=240000000 mean=78.32720234752463 returncode=0
Iteration 1: running shutter 240000000us -> rpicam-still --camera 0 --width 9248 --height 6944 --shutter 240000000 --nopreview 1 -t 245000ms -o /media/pi/USB DISK/winter_images/rpicam_2026-01-08-03-00-01_iter1.jpg --quality 95 --metadata - --metadata-format json
Adjusting exposure: 240000000 -> 240000000 (factor 10.440)
Reached MaxExposure without achieving target brightness; stopping loop early
Final capture attempt 1: rpicam-still --camera 0 --width 9248 --height 6944 --shutter 240000000 --nopreview 1 -t 245000ms -o /media/pi/USB DISK/winter_images/rpicam_2026-01-08-03-12-14_ex240000000us.jpg --quality 95 --metadata - --metadata-format json
Capture complete. Final exposure (us): 240000000
2026-01-08-03-30-01 iter1 exposure_us=240000000 mean=76.63616241162617 returncode=0
2026-01-08-03-30-01 iter1 factor=10.916 new_exposure=240000000
2026-01-08-03-42-15 final exposure_us=240000000 mean=60.80514895859909 returncode=0
Iteration 1: running shutter 240000000us -> rpicam-still --camera 0 --width 9248 --height 6944 --shutter 240000000 --nopreview 1 -t 245000ms -o /media/pi/USB DISK/winter_images/rpicam_2026-01-08-03-30-01_iter1.jpg --quality 95 --metadata - --metadata-format json
Adjusting exposure: 240000000 -> 240000000 (factor 10.916)
Reached MaxExposure without achieving target brightness; stopping loop early
Final capture attempt 1: rpicam-still --camera 0 --width 9248 --height 6944 --shutter 240000000 --nopreview 1 -t 245000ms -o /media/pi/USB DISK/winter_images/rpicam_2026-01-08-03-42-15_ex240000000us.jpg --quality 95 --metadata - --metadata-format json
Capture complete. Final exposure (us): 240000000
2026-01-08-04-00-01 iter1 exposure_us=240000000 mean=80.66335033331407 returncode=0
2026-01-08-04-00-01 iter1 factor=9.361 new_exposure=240000000
2026-01-08-04-12-13 final exposure_us=240000000 mean=74.36992337924852 returncode=0
Iteration 1: running shutter 240000000us -> rpicam-still --camera 0 --width 9248 --height 6944 --shutter 240000000 --nopreview 1 -t 245000ms -o /media/pi/USB DISK/winter_images/rpicam_2026-01-08-04-00-01_iter1.jpg --quality 95 --metadata - --metadata-format json
Adjusting exposure: 240000000 -> 240000000 (factor 9.361)
Reached MaxExposure without achieving target brightness; stopping loop early
Final capture attempt 1: rpicam-still --camera 0 --width 9248 --height 6944 --shutter 240000000 --nopreview 1 -t 245000ms -o /media/pi/USB DISK/winter_images/rpicam_2026-01-08-04-12-13_ex240000000us.jpg --quality 95 --metadata - --metadata-format json
Capture complete. Final exposure (us): 240000000
2026-01-08-04-30-01 iter1 exposure_us=240000000 mean=74.94804026627254 returncode=0
2026-01-08-04-30-01 iter1 factor=11.670 new_exposure=240000000
2026-01-08-04-42-14 final exposure_us=240000000 mean=60.8627019118843 returncode=0
Iteration 1: running shutter 240000000us -> rpicam-still --camera 0 --width 9248 --height 6944 --shutter 240000000 --nopreview 1 -t 245000ms -o /media/pi/USB DISK/winter_images/rpicam_2026-01-08-04-30-01_iter1.jpg --quality 95 --metadata - --metadata-format json
Adjusting exposure: 240000000 -> 240000000 (factor 11.670)
Reached MaxExposure without achieving target brightness; stopping loop early
Final capture attempt 1: rpicam-still --camera 0 --width 9248 --height 6944 --shutter 240000000 --nopreview 1 -t 245000ms -o /media/pi/USB DISK/winter_images/rpicam_2026-01-08-04-42-14_ex240000000us.jpg --quality 95 --metadata - --metadata-format json
Capture complete. Final exposure (us): 240000000
2026-01-08-05-00-01 iter1 exposure_us=240000000 mean=79.15177911178704 returncode=0
2026-01-08-05-00-01 iter1 factor=9.908 new_exposure=240000000
2026-01-08-05-08-15 final exposure_us=240000000 mean=80.48336087800277 returncode=0
Iteration 1: running shutter 240000000us -> rpicam-still --camera 0 --width 9248 --height 6944 --shutter 240000000 --nopreview 1 -t 245000ms -o /media/pi/USB DISK/winter_images/rpicam_2026-01-08-05-00-01_iter1.jpg --quality 95 --metadata - --metadata-format json
Adjusting exposure: 240000000 -> 240000000 (factor 9.908)
Reached MaxExposure without achieving target brightness; stopping loop early
Final capture attempt 1: rpicam-still --camera 0 --width 9248 --height 6944 --shutter 240000000 --nopreview 1 -t 245000ms -o /media/pi/USB DISK/winter_images/rpicam_2026-01-08-05-08-15_ex240000000us.jpg --quality 95 --metadata - --metadata-format json
Capture complete. Final exposure (us): 240000000
2026-01-08-05-30-01 iter1 exposure_us=240000000 mean=62.34122041769151 returncode=0
2026-01-08-05-30-01 iter1 factor=20.000 new_exposure=240000000
2026-01-08-05-42-13 final exposure_us=240000000 mean=79.15105050114211 returncode=0
Iteration 1: running shutter 240000000us -> rpicam-still --camera 0 --width 9248 --height 6944 --shutter 240000000 --nopreview 1 -t 245000ms -o /media/pi/USB DISK/winter_images/rpicam_2026-01-08-05-30-01_iter1.jpg --quality 95 --metadata - --metadata-format json
Adjusting exposure: 240000000 -> 240000000 (factor 20.000)
Reached MaxExposure without achieving target brightness; stopping loop early
Final capture attempt 1: rpicam-still --camera 0 --width 9248 --height 6944 --shutter 240000000 --nopreview 1 -t 245000ms -o /media/pi/USB DISK/winter_images/rpicam_2026-01-08-05-42-13_ex240000000us.jpg --quality 95 --metadata - --metadata-format json
Capture complete. Final exposure (us): 240000000
2026-01-08-06-00-01 iter1 exposure_us=240000000 mean=83.39206828441172 returncode=0
2026-01-08-06-00-01 iter1 factor=8.472 new_exposure=240000000
2026-01-08-06-12-13 final exposure_us=240000000 mean=76.41334109915907 returncode=0
Iteration 1: running shutter 240000000us -> rpicam-still --camera 0 --width 9248 --height 6944 --shutter 240000000 --nopreview 1 -t 245000ms -o /media/pi/USB DISK/winter_images/rpicam_2026-01-08-06-00-01_iter1.jpg --quality 95 --metadata - --metadata-format json
Adjusting exposure: 240000000 -> 240000000 (factor 8.472)
Reached MaxExposure without achieving target brightness; stopping loop early
Final capture attempt 1: rpicam-still --camera 0 --width 9248 --height 6944 --shutter 240000000 --nopreview 1 -t 245000ms -o /media/pi/USB DISK/winter_images/rpicam_2026-01-08-06-12-13_ex240000000us.jpg --quality 95 --metadata - --metadata-format json
Capture complete. Final exposure (us): 240000000
2026-01-08-06-30-01 iter1 exposure_us=240000000 mean=89.23429956956691 returncode=0
2026-01-08-06-30-01 iter1 factor=6.914 new_exposure=240000000
2026-01-08-06-42-15 final exposure_us=240000000 mean=81.06206344091835 returncode=0
Iteration 1: running shutter 240000000us -> rpicam-still --camera 0 --width 9248 --height 6944 --shutter 240000000 --nopreview 1 -t 245000ms -o /media/pi/USB DISK/winter_images/rpicam_2026-01-08-06-30-01_iter1.jpg --quality 95 --metadata - --metadata-format json
Adjusting exposure: 240000000 -> 240000000 (factor 6.914)
Reached MaxExposure without achieving target brightness; stopping loop early
Final capture attempt 1: rpicam-still --camera 0 --width 9248 --height 6944 --shutter 240000000 --nopreview 1 -t 245000ms -o /media/pi/USB DISK/winter_images/rpicam_2026-01-08-06-42-15_ex240000000us.jpg --quality 95 --metadata - --metadata-format json
Capture complete. Final exposure (us): 240000000
2026-01-08-07-00-01 iter1 exposure_us=240000000 mean=98.25665432207039 returncode=0
2026-01-08-07-00-01 iter1 factor=5.179 new_exposure=240000000
2026-01-08-07-12-15 final exposure_us=240000000 mean=148.28330871826316 returncode=0
Iteration 1: running shutter 240000000us -> rpicam-still --camera 0 --width 9248 --height 6944 --shutter 240000000 --nopreview 1 -t 245000ms -o /media/pi/USB DISK/winter_images/rpicam_2026-01-08-07-00-01_iter1.jpg --quality 95 --metadata - --metadata-format json
Adjusting exposure: 240000000 -> 240000000 (factor 5.179)
Reached MaxExposure without achieving target brightness; stopping loop early
Final capture attempt 1: rpicam-still --camera 0 --width 9248 --height 6944 --shutter 240000000 --nopreview 1 -t 245000ms -o /media/pi/USB DISK/winter_images/rpicam_2026-01-08-07-12-15_ex240000000us.jpg --quality 95 --metadata - --metadata-format json
Capture complete. Final exposure (us): 240000000
2026-01-08-07-30-01 iter1 exposure_us=240000000 mean=252.85685416911664 returncode=0
2026-01-08-07-30-01 iter1 factor=0.050 new_exposure=12000000 [saturated]
2026-01-08-07-42-12 iter2 exposure_us=12000000 mean=157.03038158455982 returncode=0
2026-01-08-07-42-12 iter2 factor=1.222 new_exposure=14663405
2026-01-08-07-43-00 iter3 exposure_us=14663405 mean=179.9847358483538 returncode=0
2026-01-08-07-43-00 iter3 factor=0.883 new_exposure=12951847
2026-01-08-07-43-55 iter4 exposure_us=12951847 mean=182.06485341705468 returncode=0
2026-01-08-07-43-55 iter4 factor=0.814 new_exposure=10543872
2026-01-08-07-44-48 iter5 exposure_us=10543872 mean=175.5669326591227 returncode=0
2026-01-08-07-45-20 final reuse exposure_us=10543872 mean=175.5669326591227
Iteration 1: running shutter 240000000us -> rpicam-still --camera 0 --width 9248 --height 6944 --shutter 240000000 --nopreview 1 -t 245000ms -o /media/pi/USB DISK/winter_images/rpicam_2026-01-08-07-30-01_iter1.jpg --quality 95 --metadata - --metadata-format json
Adjusting exposure (saturated): 240000000 -> 12000000 (factor 0.050)
Iteration 2: running shutter 12000000us -> rpicam-still --camera 0 --width 9248 --height 6944 --shutter 12000000 --nopreview 1 -t 17000ms -o /media/pi/USB DISK/winter_images/rpicam_2026-01-08-07-42-12_iter2.jpg --quality 95 --metadata - --metadata-format json
Adjusting exposure: 12000000 -> 14663405 (factor 1.222)
Iteration 3: running shutter 14663405us -> rpicam-still --camera 0 --width 9248 --height 6944 --shutter 14663405 --nopreview 1 -t 19663ms -o /media/pi/USB DISK/winter_images/rpicam_2026-01-08-07-43-00_iter3.jpg --quality 95 --metadata - --metadata-format json
Adjusting exposure: 14663405 -> 12951847 (factor 0.883)
Iteration 4: running shutter 12951847us -> rpicam-still --camera 0 --width 9248 --height 6944 --shutter 12951847 --nopreview 1 -t 17951ms -o /media/pi/USB DISK/winter_images/rpicam_2026-01-08-07-43-55_iter4.jpg --quality 95 --metadata - --metadata-format json
Adjusting exposure: 12951847 -> 10543872 (factor 0.814)
Iteration 5: running shutter 10543872us -> rpicam-still --camera 0 --width 9248 --height 6944 --shutter 10543872 --nopreview 1 -t 15543ms -o /media/pi/USB DISK/winter_images/rpicam_2026-01-08-07-44-48_iter5.jpg --quality 95 --metadata - --metadata-format json
Mean brightness 175.5669326591227 within tolerance 5.0% of target 170.0 -> reusing image
Capture complete. Final exposure (us): 10543872
2026-01-08-08-00-01 iter1 exposure_us=10543872 mean=252.96201179193807 returncode=0
2026-01-08-08-00-01 iter1 factor=0.050 new_exposure=527194 [saturated]
2026-01-08-08-00-44 iter2 exposure_us=527194 mean=166.05696718396206 returncode=0
2026-01-08-08-00-59 final reuse exposure_us=527194 mean=166.05696718396206
Iteration 1: running shutter 10543872us -> rpicam-still --camera 0 --width 9248 --height 6944 --shutter 10543872 --nopreview 1 -t 15543ms -o /media/pi/USB DISK/winter_images/rpicam_2026-01-08-08-00-01_iter1.jpg --quality 95 --metadata - --metadata-format json
Adjusting exposure (saturated): 10543872 -> 527194 (factor 0.050)
Iteration 2: running shutter 527194us -> rpicam-still --camera 0 --width 9248 --height 6944 --shutter 527194 --nopreview 1 -t 5527ms -o /media/pi/USB DISK/winter_images/rpicam_2026-01-08-08-00-44_iter2.jpg --quality 95 --metadata - --metadata-format json
Mean brightness 166.05696718396206 within tolerance 5.0% of target 170.0 -> reusing image
Capture complete. Final exposure (us): 527194
2026-01-08-08-30-01 iter1 exposure_us=527194 mean=252.9603749639977 returncode=0
2026-01-08-08-30-01 iter1 factor=0.050 new_exposure=26360 [saturated]
2026-01-08-08-30-13 iter2 exposure_us=26360 mean=150.73810134748277 returncode=0
2026-01-08-08-30-13 iter2 factor=1.250 new_exposure=32950
2026-01-08-08-30-25 iter3 exposure_us=32950 mean=164.54545969834803 returncode=0
2026-01-08-08-30-39 final reuse exposure_us=32950 mean=164.54545969834803
Iteration 1: running shutter 527194us -> rpicam-still --camera 0 --width 9248 --height 6944 --shutter 527194 --nopreview 1 -t 5527ms -o /media/pi/USB DISK/winter_images/rpicam_2026-01-08-08-30-01_iter1.jpg --quality 95 --metadata - --metadata-format json
Adjusting exposure (saturated): 527194 -> 26360 (factor 0.050)
Iteration 2: running shutter 26360us -> rpicam-still --camera 0 --width 9248 --height 6944 --shutter 26360 --nopreview 1 -t 5026ms -o /media/pi/USB DISK/winter_images/rpicam_2026-01-08-08-30-13_iter2.jpg --quality 95 --metadata - --metadata-format json
Adjusting exposure: 26360 -> 32950 (factor 1.250)
Iteration 3: running shutter 32950us -> rpicam-still --camera 0 --width 9248 --height 6944 --shutter 32950 --nopreview 1 -t 5032ms -o /media/pi/USB DISK/winter_images/rpicam_2026-01-08-08-30-25_iter3.jpg --quality 95 --metadata - --metadata-format json
Mean brightness 164.54545969834803 within tolerance 5.0% of target 170.0 -> reusing image
Capture complete. Final exposure (us): 32950
2026-01-08-09-00-01 iter1 exposure_us=32950 mean=231.23348743108485 returncode=0
2026-01-08-09-00-01 iter1 factor=0.397 new_exposure=13093
2026-01-08-09-00-13 iter2 exposure_us=13093 mean=180.39778799476383 returncode=0
2026-01-08-09-00-13 iter2 factor=0.837 new_exposure=10957
2026-01-08-09-00-26 iter3 exposure_us=10957 mean=170.1136132747098 returncode=0
2026-01-08-09-00-38 final reuse exposure_us=10957 mean=170.1136132747098
Iteration 1: running shutter 32950us -> rpicam-still --camera 0 --width 9248 --height 6944 --shutter 32950 --nopreview 1 -t 5032ms -o /media/pi/USB DISK/winter_images/rpicam_2026-01-08-09-00-01_iter1.jpg --quality 95 --metadata - --metadata-format json
Adjusting exposure: 32950 -> 13093 (factor 0.397)
Iteration 2: running shutter 13093us -> rpicam-still --camera 0 --width 9248 --height 6944 --shutter 13093 --nopreview 1 -t 5013ms -o /media/pi/USB DISK/winter_images/rpicam_2026-01-08-09-00-13_iter2.jpg --quality 95 --metadata - --metadata-format json
Adjusting exposure: 13093 -> 10957 (factor 0.837)
Iteration 3: running shutter 10957us -> rpicam-still --camera 0 --width 9248 --height 6944 --shutter 10957 --nopreview 1 -t 5010ms -o /media/pi/USB DISK/winter_images/rpicam_2026-01-08-09-00-26_iter3.jpg --quality 95 --metadata - --metadata-format json
Mean brightness 170.1136132747098 within tolerance 5.0% of target 170.0 -> reusing image
Capture complete. Final exposure (us): 10957
2026-01-08-09-30-01 iter1 exposure_us=10957 mean=230.4430496025794 returncode=0
2026-01-08-09-30-01 iter1 factor=0.401 new_exposure=4399
2026-01-08-09-30-13 iter2 exposure_us=4399 mean=187.3933786312497 returncode=0
2026-01-08-09-30-13 iter2 factor=0.747 new_exposure=3284
2026-01-08-09-30-26 iter3 exposure_us=3284 mean=172.3997014891998 returncode=0
2026-01-08-09-30-37 final reuse exposure_us=3284 mean=172.3997014891998
Iteration 1: running shutter 10957us -> rpicam-still --camera 0 --width 9248 --height 6944 --shutter 10957 --nopreview 1 -t 5010ms -o /media/pi/USB DISK/winter_images/rpicam_2026-01-08-09-30-01_iter1.jpg --quality 95 --metadata - --metadata-format json
Adjusting exposure: 10957 -> 4399 (factor 0.401)
Iteration 2: running shutter 4399us -> rpicam-still --camera 0 --width 9248 --height 6944 --shutter 4399 --nopreview 1 -t 5004ms -o /media/pi/USB DISK/winter_images/rpicam_2026-01-08-09-30-13_iter2.jpg --quality 95 --metadata - --metadata-format json
Adjusting exposure: 4399 -> 3284 (factor 0.747)
Iteration 3: running shutter 3284us -> rpicam-still --camera 0 --width 9248 --height 6944 --shutter 3284 --nopreview 1 -t 5003ms -o /media/pi/USB DISK/winter_images/rpicam_2026-01-08-09-30-26_iter3.jpg --quality 95 --metadata - --metadata-format json
Mean brightness 172.3997014891998 within tolerance 5.0% of target 170.0 -> reusing image
Capture complete. Final exposure (us): 3284
2026-01-08-10-00-01 iter1 exposure_us=3284 mean=175.6183078848534 returncode=0
2026-01-08-10-00-14 final reuse exposure_us=3284 mean=175.6183078848534
Iteration 1: running shutter 3284us -> rpicam-still --camera 0 --width 9248 --height 6944 --shutter 3284 --nopreview 1 -t 5003ms -o /media/pi/USB DISK/winter_images/rpicam_2026-01-08-10-00-01_iter1.jpg --quality 95 --metadata - --metadata-format json
Mean brightness 175.6183078848534 within tolerance 5.0% of target 170.0 -> reusing image
Capture complete. Final exposure (us): 3284
2026-01-08-10-30-01 iter1 exposure_us=3284 mean=143.5198648941906 returncode=0
2026-01-08-10-30-01 iter1 factor=1.662 new_exposure=5458
2026-01-08-10-30-13 iter2 exposure_us=5458 mean=151.0111863923997 returncode=0
2026-01-08-10-30-13 iter2 factor=1.427 new_exposure=7787
2026-01-08-10-30-26 iter3 exposure_us=7787 mean=161.24118849834764 returncode=0
2026-01-08-10-30-26 iter3 factor=1.113 new_exposure=8670
2026-01-08-10-30-37 iter4 exposure_us=8670 mean=167.67671368164795 returncode=0
2026-01-08-10-30-51 final reuse exposure_us=8670 mean=167.67671368164795
Iteration 1: running shutter 3284us -> rpicam-still --camera 0 --width 9248 --height 6944 --shutter 3284 --nopreview 1 -t 5003ms -o /media/pi/USB DISK/winter_images/rpicam_2026-01-08-10-30-01_iter1.jpg --quality 95 --metadata - --metadata-format json
Adjusting exposure: 3284 -> 5458 (factor 1.662)
Iteration 2: running shutter 5458us -> rpicam-still --camera 0 --width 9248 --height 6944 --shutter 5458 --nopreview 1 -t 5005ms -o /media/pi/USB DISK/winter_images/rpicam_2026-01-08-10-30-13_iter2.jpg --quality 95 --metadata - --metadata-format json
Adjusting exposure: 5458 -> 7787 (factor 1.427)
Iteration 3: running shutter 7787us -> rpicam-still --camera 0 --width 9248 --height 6944 --shutter 7787 --nopreview 1 -t 5007ms -o /media/pi/USB DISK/winter_images/rpicam_2026-01-08-10-30-26_iter3.jpg --quality 95 --metadata - --metadata-format json
Adjusting exposure: 7787 -> 8670 (factor 1.113)
Iteration 4: running shutter 8670us -> rpicam-still --camera 0 --width 9248 --height 6944 --shutter 8670 --nopreview 1 -t 5008ms -o /media/pi/USB DISK/winter_images/rpicam_2026-01-08-10-30-37_iter4.jpg --quality 95 --metadata - --metadata-format json
Mean brightness 167.67671368164795 within tolerance 5.0% of target 170.0 -> reusing image
Capture complete. Final exposure (us): 8670
2026-01-08-11-00-02 iter1 exposure_us=8670 mean=180.39992614544633 returncode=0
2026-01-08-11-00-02 iter1 factor=0.837 new_exposure=7255
2026-01-08-11-00-13 iter2 exposure_us=7255 mean=169.81339082344869 returncode=0
2026-01-08-11-00-27 final reuse exposure_us=7255 mean=169.81339082344869
Iteration 1: running shutter 8670us -> rpicam-still --camera 0 --width 9248 --height 6944 --shutter 8670 --nopreview 1 -t 5008ms -o /media/pi/USB DISK/winter_images/rpicam_2026-01-08-11-00-02_iter1.jpg --quality 95 --metadata - --metadata-format json
Adjusting exposure: 8670 -> 7255 (factor 0.837)
Iteration 2: running shutter 7255us -> rpicam-still --camera 0 --width 9248 --height 6944 --shutter 7255 --nopreview 1 -t 5007ms -o /media/pi/USB DISK/winter_images/rpicam_2026-01-08-11-00-13_iter2.jpg --quality 95 --metadata - --metadata-format json
Mean brightness 169.81339082344869 within tolerance 5.0% of target 170.0 -> reusing image
Capture complete. Final exposure (us): 7255
2026-01-08-11-30-01 iter1 exposure_us=7255 mean=194.9339476844165 returncode=0
2026-01-08-11-30-01 iter1 factor=0.663 new_exposure=4812
2026-01-08-11-30-13 iter2 exposure_us=4812 mean=169.42221577613492 returncode=0
2026-01-08-11-30-27 final reuse exposure_us=4812 mean=169.42221577613492
Iteration 1: running shutter 7255us -> rpicam-still --camera 0 --width 9248 --height 6944 --shutter 7255 --nopreview 1 -t 5007ms -o /media/pi/USB DISK/winter_images/rpicam_2026-01-08-11-30-01_iter1.jpg --quality 95 --metadata - --metadata-format json
Adjusting exposure: 7255 -> 4812 (factor 0.663)
Iteration 2: running shutter 4812us -> rpicam-still --camera 0 --width 9248 --height 6944 --shutter 4812 --nopreview 1 -t 5004ms -o /media/pi/USB DISK/winter_images/rpicam_2026-01-08-11-30-13_iter2.jpg --quality 95 --metadata - --metadata-format json
Mean brightness 169.42221577613492 within tolerance 5.0% of target 170.0 -> reusing image
Capture complete. Final exposure (us): 4812
2026-01-08-12-00-01 iter1 exposure_us=4812 mean=186.01903176474573 returncode=0
2026-01-08-12-00-01 iter1 factor=0.763 new_exposure=3673
2026-01-08-12-00-13 iter2 exposure_us=3673 mean=169.11345335097985 returncode=0
2026-01-08-12-00-27 final reuse exposure_us=3673 mean=169.11345335097985
Iteration 1: running shutter 4812us -> rpicam-still --camera 0 --width 9248 --height 6944 --shutter 4812 --nopreview 1 -t 5004ms -o /media/pi/USB DISK/winter_images/rpicam_2026-01-08-12-00-01_iter1.jpg --quality 95 --metadata - --metadata-format json
Adjusting exposure: 4812 -> 3673 (factor 0.763)
Iteration 2: running shutter 3673us -> rpicam-still --camera 0 --width 9248 --height 6944 --shutter 3673 --nopreview 1 -t 5003ms -o /media/pi/USB DISK/winter_images/rpicam_2026-01-08-12-00-13_iter2.jpg --quality 95 --metadata - --metadata-format json
Mean brightness 169.11345335097985 within tolerance 5.0% of target 170.0 -> reusing image
Capture complete. Final exposure (us): 3673
2026-01-08-12-30-01 iter1 exposure_us=3673 mean=162.95750720606674 returncode=0
2026-01-08-12-30-13 final reuse exposure_us=3673 mean=162.95750720606674
Iteration 1: running shutter 3673us -> rpicam-still --camera 0 --width 9248 --height 6944 --shutter 3673 --nopreview 1 -t 5003ms -o /media/pi/USB DISK/winter_images/rpicam_2026-01-08-12-30-01_iter1.jpg --quality 95 --metadata - --metadata-format json
Mean brightness 162.95750720606674 within tolerance 5.0% of target 170.0 -> reusing image
Capture complete. Final exposure (us): 3673
2026-01-08-13-00-01 iter1 exposure_us=3673 mean=156.523095384679 returncode=0
2026-01-08-13-00-01 iter1 factor=1.238 new_exposure=4547
2026-01-08-13-00-15 iter2 exposure_us=4547 mean=162.54680366498474 returncode=0
2026-01-08-13-00-27 final reuse exposure_us=4547 mean=162.54680366498474
Iteration 1: running shutter 3673us -> rpicam-still --camera 0 --width 9248 --height 6944 --shutter 3673 --nopreview 1 -t 5003ms -o /media/pi/USB DISK/winter_images/rpicam_2026-01-08-13-00-01_iter1.jpg --quality 95 --metadata - --metadata-format json
Adjusting exposure: 3673 -> 4547 (factor 1.238)
Iteration 2: running shutter 4547us -> rpicam-still --camera 0 --width 9248 --height 6944 --shutter 4547 --nopreview 1 -t 5004ms -o /media/pi/USB DISK/winter_images/rpicam_2026-01-08-13-00-15_iter2.jpg --quality 95 --metadata - --metadata-format json
Mean brightness 162.54680366498474 within tolerance 5.0% of target 170.0 -> reusing image
Capture complete. Final exposure (us): 4547
2026-01-08-13-30-01 iter1 exposure_us=4547 mean=157.38947519976918 returncode=0
2026-01-08-13-30-01 iter1 factor=1.211 new_exposure=5506
2026-01-08-13-30-15 iter2 exposure_us=5506 mean=164.81451919670263 returncode=0
2026-01-08-13-30-27 final reuse exposure_us=5506 mean=164.81451919670263
Iteration 1: running shutter 4547us -> rpicam-still --camera 0 --width 9248 --height 6944 --shutter 4547 --nopreview 1 -t 5004ms -o /media/pi/USB DISK/winter_images/rpicam_2026-01-08-13-30-01_iter1.jpg --quality 95 --metadata - --metadata-format json
Adjusting exposure: 4547 -> 5506 (factor 1.211)
Iteration 2: running shutter 5506us -> rpicam-still --camera 0 --width 9248 --height 6944 --shutter 5506 --nopreview 1 -t 5005ms -o /media/pi/USB DISK/winter_images/rpicam_2026-01-08-13-30-15_iter2.jpg --quality 95 --metadata - --metadata-format json
Mean brightness 164.81451919670263 within tolerance 5.0% of target 170.0 -> reusing image
Capture complete. Final exposure (us): 5506
2026-01-08-14-00-01 iter1 exposure_us=5506 mean=159.71128529907574 returncode=0
2026-01-08-14-00-01 iter1 factor=1.148 new_exposure=6321
2026-01-08-14-00-15 iter2 exposure_us=6321 mean=167.70886823953964 returncode=0
2026-01-08-14-00-28 final reuse exposure_us=6321 mean=167.70886823953964
Iteration 1: running shutter 5506us -> rpicam-still --camera 0 --width 9248 --height 6944 --shutter 5506 --nopreview 1 -t 5005ms -o /media/pi/USB DISK/winter_images/rpicam_2026-01-08-14-00-01_iter1.jpg --quality 95 --metadata - --metadata-format json
Adjusting exposure: 5506 -> 6321 (factor 1.148)
Iteration 2: running shutter 6321us -> rpicam-still --camera 0 --width 9248 --height 6944 --shutter 6321 --nopreview 1 -t 5006ms -o /media/pi/USB DISK/winter_images/rpicam_2026-01-08-14-00-15_iter2.jpg --quality 95 --metadata - --metadata-format json
Mean brightness 167.70886823953964 within tolerance 5.0% of target 170.0 -> reusing image
Capture complete. Final exposure (us): 6321
2026-01-08-14-30-01 iter1 exposure_us=6321 mean=159.88036404745128 returncode=0
2026-01-08-14-30-01 iter1 factor=1.144 new_exposure=7231
2026-01-08-14-30-13 iter2 exposure_us=7231 mean=163.88146870465454 returncode=0
2026-01-08-14-30-27 final reuse exposure_us=7231 mean=163.88146870465454
Iteration 1: running shutter 6321us -> rpicam-still --camera 0 --width 9248 --height 6944 --shutter 6321 --nopreview 1 -t 5006ms -o /media/pi/USB DISK/winter_images/rpicam_2026-01-08-14-30-01_iter1.jpg --quality 95 --metadata - --metadata-format json
Adjusting exposure: 6321 -> 7231 (factor 1.144)
Iteration 2: running shutter 7231us -> rpicam-still --camera 0 --width 9248 --height 6944 --shutter 7231 --nopreview 1 -t 5007ms -o /media/pi/USB DISK/winter_images/rpicam_2026-01-08-14-30-13_iter2.jpg --quality 95 --metadata - --metadata-format json
Mean brightness 163.88146870465454 within tolerance 5.0% of target 170.0 -> reusing image
Capture complete. Final exposure (us): 7231
2026-01-08-15-00-01 iter1 exposure_us=7231 mean=157.6233123608492 returncode=0
2026-01-08-15-00-01 iter1 factor=1.204 new_exposure=8706
2026-01-08-15-00-13 iter2 exposure_us=8706 mean=167.7810067197242 returncode=0
2026-01-08-15-00-27 final reuse exposure_us=8706 mean=167.7810067197242
Iteration 1: running shutter 7231us -> rpicam-still --camera 0 --width 9248 --height 6944 --shutter 7231 --nopreview 1 -t 5007ms -o /media/pi/USB DISK/winter_images/rpicam_2026-01-08-15-00-01_iter1.jpg --quality 95 --metadata - --metadata-format json
Adjusting exposure: 7231 -> 8706 (factor 1.204)
Iteration 2: running shutter 8706us -> rpicam-still --camera 0 --width 9248 --height 6944 --shutter 8706 --nopreview 1 -t 5008ms -o /media/pi/USB DISK/winter_images/rpicam_2026-01-08-15-00-13_iter2.jpg --quality 95 --metadata - --metadata-format json
Mean brightness 167.7810067197242 within tolerance 5.0% of target 170.0 -> reusing image
Capture complete. Final exposure (us): 8706
2026-01-08-15-30-01 iter1 exposure_us=8706 mean=163.44587187490035 returncode=0
2026-01-08-15-30-13 final reuse exposure_us=8706 mean=163.44587187490035
Iteration 1: running shutter 8706us -> rpicam-still --camera 0 --width 9248 --height 6944 --shutter 8706 --nopreview 1 -t 5008ms -o /media/pi/USB DISK/winter_images/rpicam_2026-01-08-15-30-01_iter1.jpg --quality 95 --metadata - --metadata-format json
Mean brightness 163.44587187490035 within tolerance 5.0% of target 170.0 -> reusing image
Capture complete. Final exposure (us): 8706
2026-01-08-16-00-01 iter1 exposure_us=8706 mean=156.14301331375174 returncode=0
2026-01-08-16-00-01 iter1 factor=1.251 new_exposure=10888
2026-01-08-16-00-15 iter2 exposure_us=10888 mean=159.3472388288214 returncode=0
2026-01-08-16-00-15 iter2 factor=1.157 new_exposure=12597
2026-01-08-16-00-27 iter3 exposure_us=12597 mean=163.4224725417029 returncode=0
2026-01-08-16-00-41 final reuse exposure_us=12597 mean=163.4224725417029
Iteration 1: running shutter 8706us -> rpicam-still --camera 0 --width 9248 --height 6944 --shutter 8706 --nopreview 1 -t 5008ms -o /media/pi/USB DISK/winter_images/rpicam_2026-01-08-16-00-01_iter1.jpg --quality 95 --metadata - --metadata-format json
Adjusting exposure: 8706 -> 10888 (factor 1.251)
Iteration 2: running shutter 10888us -> rpicam-still --camera 0 --width 9248 --height 6944 --shutter 10888 --nopreview 1 -t 5010ms -o /media/pi/USB DISK/winter_images/rpicam_2026-01-08-16-00-15_iter2.jpg --quality 95 --metadata - --metadata-format json
Adjusting exposure: 10888 -> 12597 (factor 1.157)
Iteration 3: running shutter 12597us -> rpicam-still --camera 0 --width 9248 --height 6944 --shutter 12597 --nopreview 1 -t 5012ms -o /media/pi/USB DISK/winter_images/rpicam_2026-01-08-16-00-27_iter3.jpg --quality 95 --metadata - --metadata-format json
Mean brightness 163.4224725417029 within tolerance 5.0% of target 170.0 -> reusing image
Capture complete. Final exposure (us): 12597
2026-01-08-16-30-01 iter1 exposure_us=12597 mean=148.70421098645815 returncode=0
2026-01-08-16-30-01 iter1 factor=1.494 new_exposure=18821
2026-01-08-16-30-13 iter2 exposure_us=18821 mean=154.11553756049383 returncode=0
2026-01-08-16-30-13 iter2 factor=1.325 new_exposure=24938
2026-01-08-16-30-27 iter3 exposure_us=24938 mean=156.7733056836053 returncode=0
2026-01-08-16-30-27 iter3 factor=1.230 new_exposure=30674
2026-01-08-16-30-40 iter4 exposure_us=30674 mean=168.02892076615396 returncode=0
2026-01-08-16-30-52 final reuse exposure_us=30674 mean=168.02892076615396
Iteration 1: running shutter 12597us -> rpicam-still --camera 0 --width 9248 --height 6944 --shutter 12597 --nopreview 1 -t 5012ms -o /media/pi/USB DISK/winter_images/rpicam_2026-01-08-16-30-01_iter1.jpg --quality 95 --metadata - --metadata-format json
Adjusting exposure: 12597 -> 18821 (factor 1.494)
Iteration 2: running shutter 18821us -> rpicam-still --camera 0 --width 9248 --height 6944 --shutter 18821 --nopreview 1 -t 5018ms -o /media/pi/USB DISK/winter_images/rpicam_2026-01-08-16-30-13_iter2.jpg --quality 95 --metadata - --metadata-format json
Adjusting exposure: 18821 -> 24938 (factor 1.325)
Iteration 3: running shutter 24938us -> rpicam-still --camera 0 --width 9248 --height 6944 --shutter 24938 --nopreview 1 -t 5024ms -o /media/pi/USB DISK/winter_images/rpicam_2026-01-08-16-30-27_iter3.jpg --quality 95 --metadata - --metadata-format json
Adjusting exposure: 24938 -> 30674 (factor 1.230)
Iteration 4: running shutter 30674us -> rpicam-still --camera 0 --width 9248 --height 6944 --shutter 30674 --nopreview 1 -t 5030ms -o /media/pi/USB DISK/winter_images/rpicam_2026-01-08-16-30-40_iter4.jpg --quality 95 --metadata - --metadata-format json
Mean brightness 168.02892076615396 within tolerance 5.0% of target 170.0 -> reusing image
Capture complete. Final exposure (us): 30674
2026-01-08-17-00-01 iter1 exposure_us=30674 mean=143.74008916674472 returncode=0
2026-01-08-17-00-01 iter1 factor=1.654 new_exposure=50744
2026-01-08-17-00-14 iter2 exposure_us=50744 mean=143.40413165681358 returncode=0
2026-01-08-17-00-14 iter2 factor=1.666 new_exposure=84537
2026-01-08-17-00-26 iter3 exposure_us=84537 mean=143.95779214125758 returncode=0
2026-01-08-17-00-26 iter3 factor=1.647 new_exposure=139216
2026-01-08-17-00-39 iter4 exposure_us=139216 mean=150.68356572052446 returncode=0
2026-01-08-17-00-39 iter4 factor=1.436 new_exposure=199912
2026-01-08-17-00-51 iter5 exposure_us=199912 mean=150.8987799267596 returncode=0
2026-01-08-17-00-51 iter5 factor=1.430 new_exposure=285844
2026-01-08-17-01-04 final exposure_us=285844 mean=170.3422826569551 returncode=0
Iteration 1: running shutter 30674us -> rpicam-still --camera 0 --width 9248 --height 6944 --shutter 30674 --nopreview 1 -t 5030ms -o /media/pi/USB DISK/winter_images/rpicam_2026-01-08-17-00-01_iter1.jpg --quality 95 --metadata - --metadata-format json
Adjusting exposure: 30674 -> 50744 (factor 1.654)
Iteration 2: running shutter 50744us -> rpicam-still --camera 0 --width 9248 --height 6944 --shutter 50744 --nopreview 1 -t 5050ms -o /media/pi/USB DISK/winter_images/rpicam_2026-01-08-17-00-14_iter2.jpg --quality 95 --metadata - --metadata-format json
Adjusting exposure: 50744 -> 84537 (factor 1.666)
Iteration 3: running shutter 84537us -> rpicam-still --camera 0 --width 9248 --height 6944 --shutter 84537 --nopreview 1 -t 5084ms -o /media/pi/USB DISK/winter_images/rpicam_2026-01-08-17-00-26_iter3.jpg --quality 95 --metadata - --metadata-format json
Adjusting exposure: 84537 -> 139216 (factor 1.647)
Iteration 4: running shutter 139216us -> rpicam-still --camera 0 --width 9248 --height 6944 --shutter 139216 --nopreview 1 -t 5139ms -o /media/pi/USB DISK/winter_images/rpicam_2026-01-08-17-00-39_iter4.jpg --quality 95 --metadata - --metadata-format json
Adjusting exposure: 139216 -> 199912 (factor 1.436)
Iteration 5: running shutter 199912us -> rpicam-still --camera 0 --width 9248 --height 6944 --shutter 199912 --nopreview 1 -t 5199ms -o /media/pi/USB DISK/winter_images/rpicam_2026-01-08-17-00-51_iter5.jpg --quality 95 --metadata - --metadata-format json
Adjusting exposure: 199912 -> 285844 (factor 1.430)
Final capture attempt 1: rpicam-still --camera 0 --width 9248 --height 6944 --shutter 285844 --nopreview 1 -t 5285ms -o /media/pi/USB DISK/winter_images/rpicam_2026-01-08-17-01-04_ex285844us.jpg --quality 95 --metadata - --metadata-format json
Capture complete. Final exposure (us): 285844
2026-01-08-17-30-01 iter1 exposure_us=285844 mean=146.48650497541877 returncode=0
2026-01-08-17-30-01 iter1 factor=1.563 new_exposure=446769
2026-01-08-17-30-14 iter2 exposure_us=446769 mean=147.25985616020603 returncode=0
2026-01-08-17-30-14 iter2 factor=1.538 new_exposure=687348
2026-01-08-17-30-29 iter3 exposure_us=687348 mean=147.39201121328512 returncode=0
2026-01-08-17-30-29 iter3 factor=1.534 new_exposure=1054634
2026-01-08-17-30-43 iter4 exposure_us=1054634 mean=150.01374454920133 returncode=0
2026-01-08-17-30-43 iter4 factor=1.455 new_exposure=1534813
2026-01-08-17-30-58 iter5 exposure_us=1534813 mean=147.9854667636445 returncode=0
2026-01-08-17-30-58 iter5 factor=1.516 new_exposure=2326725
2026-01-08-17-31-16 final exposure_us=2326725 mean=151.19011912091094 returncode=0
Iteration 1: running shutter 285844us -> rpicam-still --camera 0 --width 9248 --height 6944 --shutter 285844 --nopreview 1 -t 5285ms -o /media/pi/USB DISK/winter_images/rpicam_2026-01-08-17-30-01_iter1.jpg --quality 95 --metadata - --metadata-format json
Adjusting exposure: 285844 -> 446769 (factor 1.563)
Iteration 2: running shutter 446769us -> rpicam-still --camera 0 --width 9248 --height 6944 --shutter 446769 --nopreview 1 -t 5446ms -o /media/pi/USB DISK/winter_images/rpicam_2026-01-08-17-30-14_iter2.jpg --quality 95 --metadata - --metadata-format json
Adjusting exposure: 446769 -> 687348 (factor 1.538)
Iteration 3: running shutter 687348us -> rpicam-still --camera 0 --width 9248 --height 6944 --shutter 687348 --nopreview 1 -t 5687ms -o /media/pi/USB DISK/winter_images/rpicam_2026-01-08-17-30-29_iter3.jpg --quality 95 --metadata - --metadata-format json
Adjusting exposure: 687348 -> 1054634 (factor 1.534)
Iteration 4: running shutter 1054634us -> rpicam-still --camera 0 --width 9248 --height 6944 --shutter 1054634 --nopreview 1 -t 6054ms -o /media/pi/USB DISK/winter_images/rpicam_2026-01-08-17-30-43_iter4.jpg --quality 95 --metadata - --metadata-format json
Adjusting exposure: 1054634 -> 1534813 (factor 1.455)
Iteration 5: running shutter 1534813us -> rpicam-still --camera 0 --width 9248 --height 6944 --shutter 1534813 --nopreview 1 -t 6534ms -o /media/pi/USB DISK/winter_images/rpicam_2026-01-08-17-30-58_iter5.jpg --quality 95 --metadata - --metadata-format json
Adjusting exposure: 1534813 -> 2326725 (factor 1.516)
Final capture attempt 1: rpicam-still --camera 0 --width 9248 --height 6944 --shutter 2326725 --nopreview 1 -t 7326ms -o /media/pi/USB DISK/winter_images/rpicam_2026-01-08-17-31-16_ex2326725us.jpg --quality 95 --metadata - --metadata-format json
Capture complete. Final exposure (us): 2326725
2026-01-08-18-00-01 iter1 exposure_us=2326725 mean=22.217752150670513 returncode=0
2026-01-08-18-00-01 iter1 factor=20.000 new_exposure=46534500
2026-01-08-18-00-21 iter2 exposure_us=46534500 mean=83.11334028318988 returncode=0
2026-01-08-18-00-21 iter2 factor=8.557 new_exposure=240000000
2026-01-08-18-02-56 final exposure_us=240000000 mean=173.9104949394962 returncode=0
Iteration 1: running shutter 2326725us -> rpicam-still --camera 0 --width 9248 --height 6944 --shutter 2326725 --nopreview 1 -t 7326ms -o /media/pi/USB DISK/winter_images/rpicam_2026-01-08-18-00-01_iter1.jpg --quality 95 --metadata - --metadata-format json
Adjusting exposure: 2326725 -> 46534500 (factor 20.000)
Iteration 2: running shutter 46534500us -> rpicam-still --camera 0 --width 9248 --height 6944 --shutter 46534500 --nopreview 1 -t 51534ms -o /media/pi/USB DISK/winter_images/rpicam_2026-01-08-18-00-21_iter2.jpg --quality 95 --metadata - --metadata-format json
Adjusting exposure: 46534500 -> 240000000 (factor 8.557)
Reached MaxExposure without achieving target brightness; stopping loop early
Final capture attempt 1: rpicam-still --camera 0 --width 9248 --height 6944 --shutter 240000000 --nopreview 1 -t 245000ms -o /media/pi/USB DISK/winter_images/rpicam_2026-01-08-18-02-56_ex240000000us.jpg --quality 95 --metadata - --metadata-format json
Capture complete. Final exposure (us): 240000000
2026-01-08-18-30-01 iter1 exposure_us=240000000 mean=173.20791958193976 returncode=0
2026-01-08-18-42-17 final reuse exposure_us=240000000 mean=173.20791958193976
Iteration 1: running shutter 240000000us -> rpicam-still --camera 0 --width 9248 --height 6944 --shutter 240000000 --nopreview 1 -t 245000ms -o /media/pi/USB DISK/winter_images/rpicam_2026-01-08-18-30-01_iter1.jpg --quality 95 --metadata - --metadata-format json
Mean brightness 173.20791958193976 within tolerance 5.0% of target 170.0 -> reusing image
Capture complete. Final exposure (us): 240000000
2026-01-08-19-00-01 iter1 exposure_us=240000000 mean=184.08417625233204 returncode=0
2026-01-08-19-00-01 iter1 factor=0.788 new_exposure=189020379
2026-01-08-19-12-22 iter2 exposure_us=189020379 mean=166.83304113643203 returncode=0
2026-01-08-19-22-08 final reuse exposure_us=189020379 mean=166.83304113643203
Iteration 1: running shutter 240000000us -> rpicam-still --camera 0 --width 9248 --height 6944 --shutter 240000000 --nopreview 1 -t 245000ms -o /media/pi/USB DISK/winter_images/rpicam_2026-01-08-19-00-01_iter1.jpg --quality 95 --metadata - --metadata-format json
Adjusting exposure: 240000000 -> 189020379 (factor 0.788)
Iteration 2: running shutter 189020379us -> rpicam-still --camera 0 --width 9248 --height 6944 --shutter 189020379 --nopreview 1 -t 194020ms -o /media/pi/USB DISK/winter_images/rpicam_2026-01-08-19-12-22_iter2.jpg --quality 95 --metadata - --metadata-format json
Mean brightness 166.83304113643203 within tolerance 5.0% of target 170.0 -> reusing image
Capture complete. Final exposure (us): 189020379
2026-01-08-19-30-01 iter1 exposure_us=189020379 mean=151.5991862700666 returncode=0
2026-01-08-19-30-01 iter1 factor=1.410 new_exposure=240000000
2026-01-08-19-39-42 final exposure_us=240000000 mean=164.95513950955146 returncode=0
Iteration 1: running shutter 189020379us -> rpicam-still --camera 0 --width 9248 --height 6944 --shutter 189020379 --nopreview 1 -t 194020ms -o /media/pi/USB DISK/winter_images/rpicam_2026-01-08-19-30-01_iter1.jpg --quality 95 --metadata - --metadata-format json
Adjusting exposure: 189020379 -> 240000000 (factor 1.410)
Reached MaxExposure without achieving target brightness; stopping loop early
Final capture attempt 1: rpicam-still --camera 0 --width 9248 --height 6944 --shutter 240000000 --nopreview 1 -t 245000ms -o /media/pi/USB DISK/winter_images/rpicam_2026-01-08-19-39-42_ex240000000us.jpg --quality 95 --metadata - --metadata-format json
Capture complete. Final exposure (us): 240000000
2026-01-08-20-00-01 iter1 exposure_us=240000000 mean=179.88873134420396 returncode=0
2026-01-08-20-00-01 iter1 factor=0.885 new_exposure=212368139
2026-01-08-20-12-18 iter2 exposure_us=212368139 mean=161.37690743695487 returncode=0
2026-01-08-20-12-18 iter2 factor=1.111 new_exposure=235847793
2026-01-08-20-19-40 iter3 exposure_us=235847793 mean=173.93371296870265 returncode=0
2026-01-08-20-31-42 final reuse exposure_us=235847793 mean=173.93371296870265
Iteration 1: running shutter 240000000us -> rpicam-still --camera 0 --width 9248 --height 6944 --shutter 240000000 --nopreview 1 -t 245000ms -o /media/pi/USB DISK/winter_images/rpicam_2026-01-08-20-00-01_iter1.jpg --quality 95 --metadata - --metadata-format json
Adjusting exposure: 240000000 -> 212368139 (factor 0.885)
Iteration 2: running shutter 212368139us -> rpicam-still --camera 0 --width 9248 --height 6944 --shutter 212368139 --nopreview 1 -t 217368ms -o /media/pi/USB DISK/winter_images/rpicam_2026-01-08-20-12-18_iter2.jpg --quality 95 --metadata - --metadata-format json
Adjusting exposure: 212368139 -> 235847793 (factor 1.111)
Iteration 3: running shutter 235847793us -> rpicam-still --camera 0 --width 9248 --height 6944 --shutter 235847793 --nopreview 1 -t 240847ms -o /media/pi/USB DISK/winter_images/rpicam_2026-01-08-20-19-40_iter3.jpg --quality 95 --metadata - --metadata-format json
Mean brightness 173.93371296870265 within tolerance 5.0% of target 170.0 -> reusing image
Capture complete. Final exposure (us): 235847793
2026-01-08-21-00-01 iter1 exposure_us=235847793 mean=183.23625678998474 returncode=0
2026-01-08-21-00-01 iter1 factor=0.799 new_exposure=188340772
2026-01-08-21-12-03 iter2 exposure_us=188340772 mean=166.386755235034 returncode=0
2026-01-08-21-21-45 final reuse exposure_us=188340772 mean=166.386755235034
Iteration 1: running shutter 235847793us -> rpicam-still --camera 0 --width 9248 --height 6944 --shutter 235847793 --nopreview 1 -t 240847ms -o /media/pi/USB DISK/winter_images/rpicam_2026-01-08-21-00-01_iter1.jpg --quality 95 --metadata - --metadata-format json
Adjusting exposure: 235847793 -> 188340772 (factor 0.799)
Iteration 2: running shutter 188340772us -> rpicam-still --camera 0 --width 9248 --height 6944 --shutter 188340772 --nopreview 1 -t 193340ms -o /media/pi/USB DISK/winter_images/rpicam_2026-01-08-21-12-03_iter2.jpg --quality 95 --metadata - --metadata-format json
Mean brightness 166.386755235034 within tolerance 5.0% of target 170.0 -> reusing image
Capture complete. Final exposure (us): 188340772
2026-01-08-21-30-01 iter1 exposure_us=188340772 mean=169.5926798346236 returncode=0
2026-01-08-21-39-40 final reuse exposure_us=188340772 mean=169.5926798346236
Iteration 1: running shutter 188340772us -> rpicam-still --camera 0 --width 9248 --height 6944 --shutter 188340772 --nopreview 1 -t 193340ms -o /media/pi/USB DISK/winter_images/rpicam_2026-01-08-21-30-01_iter1.jpg --quality 95 --metadata - --metadata-format json
Mean brightness 169.5926798346236 within tolerance 5.0% of target 170.0 -> reusing image
Capture complete. Final exposure (us): 188340772
2026-01-08-22-00-01 iter1 exposure_us=188340772 mean=181.02441641386156 returncode=0
2026-01-08-22-00-01 iter1 factor=0.828 new_exposure=155983852
2026-01-08-22-09-42 iter2 exposure_us=155983852 mean=166.84848520616737 returncode=0
2026-01-08-22-17-47 final reuse exposure_us=155983852 mean=166.84848520616737
Iteration 1: running shutter 188340772us -> rpicam-still --camera 0 --width 9248 --height 6944 --shutter 188340772 --nopreview 1 -t 193340ms -o /media/pi/USB DISK/winter_images/rpicam_2026-01-08-22-00-01_iter1.jpg --quality 95 --metadata - --metadata-format json
Adjusting exposure: 188340772 -> 155983852 (factor 0.828)
Iteration 2: running shutter 155983852us -> rpicam-still --camera 0 --width 9248 --height 6944 --shutter 155983852 --nopreview 1 -t 160983ms -o /media/pi/USB DISK/winter_images/rpicam_2026-01-08-22-09-42_iter2.jpg --quality 95 --metadata - --metadata-format json
Mean brightness 166.84848520616737 within tolerance 5.0% of target 170.0 -> reusing image
Capture complete. Final exposure (us): 155983852
2026-01-08-22-30-02 iter1 exposure_us=155983852 mean=167.3431021453885 returncode=0
2026-01-08-22-38-08 final reuse exposure_us=155983852 mean=167.3431021453885
Iteration 1: running shutter 155983852us -> rpicam-still --camera 0 --width 9248 --height 6944 --shutter 155983852 --nopreview 1 -t 160983ms -o /media/pi/USB DISK/winter_images/rpicam_2026-01-08-22-30-02_iter1.jpg --quality 95 --metadata - --metadata-format json
Mean brightness 167.3431021453885 within tolerance 5.0% of target 170.0 -> reusing image
Capture complete. Final exposure (us): 155983852
2026-01-08-23-00-01 iter1 exposure_us=155983852 mean=166.11172589440187 returncode=0
2026-01-08-23-08-05 final reuse exposure_us=155983852 mean=166.11172589440187
Iteration 1: running shutter 155983852us -> rpicam-still --camera 0 --width 9248 --height 6944 --shutter 155983852 --nopreview 1 -t 160983ms -o /media/pi/USB DISK/winter_images/rpicam_2026-01-08-23-00-01_iter1.jpg --quality 95 --metadata - --metadata-format json
Mean brightness 166.11172589440187 within tolerance 5.0% of target 170.0 -> reusing image
Capture complete. Final exposure (us): 155983852
2026-01-08-23-30-01 iter1 exposure_us=155983852 mean=146.0574071688685 returncode=0
2026-01-08-23-30-01 iter1 factor=1.577 new_exposure=240000000
2026-01-08-23-38-05 final exposure_us=240000000 mean=163.82408230874182 returncode=0
Iteration 1: running shutter 155983852us -> rpicam-still --camera 0 --width 9248 --height 6944 --shutter 155983852 --nopreview 1 -t 160983ms -o /media/pi/USB DISK/winter_images/rpicam_2026-01-08-23-30-01_iter1.jpg --quality 95 --metadata - --metadata-format json
Adjusting exposure: 155983852 -> 240000000 (factor 1.577)
Reached MaxExposure without achieving target brightness; stopping loop early
Final capture attempt 1: rpicam-still --camera 0 --width 9248 --height 6944 --shutter 240000000 --nopreview 1 -t 245000ms -o /media/pi/USB DISK/winter_images/rpicam_2026-01-08-23-38-05_ex240000000us.jpg --quality 95 --metadata - --metadata-format json
Capture complete. Final exposure (us): 240000000
2026-01-09-00-00-01 iter1 exposure_us=240000000 mean=143.61012220353038 returncode=0
2026-01-09-00-00-01 iter1 factor=1.659 new_exposure=240000000
2026-01-09-00-12-17 final exposure_us=240000000 mean=146.5439741828598 returncode=0
Iteration 1: running shutter 240000000us -> rpicam-still --camera 0 --width 9248 --height 6944 --shutter 240000000 --nopreview 1 -t 245000ms -o /media/pi/USB DISK/winter_images/rpicam_2026-01-09-00-00-01_iter1.jpg --quality 95 --metadata - --metadata-format json
Adjusting exposure: 240000000 -> 240000000 (factor 1.659)
Reached MaxExposure without achieving target brightness; stopping loop early
Final capture attempt 1: rpicam-still --camera 0 --width 9248 --height 6944 --shutter 240000000 --nopreview 1 -t 245000ms -o /media/pi/USB DISK/winter_images/rpicam_2026-01-09-00-12-17_ex240000000us.jpg --quality 95 --metadata - --metadata-format json
Capture complete. Final exposure (us): 240000000
2026-01-09-00-30-01 iter1 exposure_us=240000000 mean=151.27197073311655 returncode=0
2026-01-09-00-30-01 iter1 factor=1.419 new_exposure=240000000
2026-01-09-00-42-13 final exposure_us=240000000 mean=136.22884964291694 returncode=0
Iteration 1: running shutter 240000000us -> rpicam-still --camera 0 --width 9248 --height 6944 --shutter 240000000 --nopreview 1 -t 245000ms -o /media/pi/USB DISK/winter_images/rpicam_2026-01-09-00-30-01_iter1.jpg --quality 95 --metadata - --metadata-format json
Adjusting exposure: 240000000 -> 240000000 (factor 1.419)
Reached MaxExposure without achieving target brightness; stopping loop early
Final capture attempt 1: rpicam-still --camera 0 --width 9248 --height 6944 --shutter 240000000 --nopreview 1 -t 245000ms -o /media/pi/USB DISK/winter_images/rpicam_2026-01-09-00-42-13_ex240000000us.jpg --quality 95 --metadata - --metadata-format json
Capture complete. Final exposure (us): 240000000
2026-01-09-01-00-01 iter1 exposure_us=240000000 mean=130.0547116676367 returncode=0
2026-01-09-01-00-01 iter1 factor=2.233 new_exposure=240000000
2026-01-09-01-12-21 final exposure_us=240000000 mean=113.68035234358805 returncode=0
Iteration 1: running shutter 240000000us -> rpicam-still --camera 0 --width 9248 --height 6944 --shutter 240000000 --nopreview 1 -t 245000ms -o /media/pi/USB DISK/winter_images/rpicam_2026-01-09-01-00-01_iter1.jpg --quality 95 --metadata - --metadata-format json
Adjusting exposure: 240000000 -> 240000000 (factor 2.233)
Reached MaxExposure without achieving target brightness; stopping loop early
Final capture attempt 1: rpicam-still --camera 0 --width 9248 --height 6944 --shutter 240000000 --nopreview 1 -t 245000ms -o /media/pi/USB DISK/winter_images/rpicam_2026-01-09-01-12-21_ex240000000us.jpg --quality 95 --metadata - --metadata-format json
Capture complete. Final exposure (us): 240000000
2026-01-09-01-30-01 iter1 exposure_us=240000000 mean=114.70653652975659 returncode=0
2026-01-09-01-30-01 iter1 factor=3.255 new_exposure=240000000
2026-01-09-01-42-21 final exposure_us=240000000 mean=124.78783504254999 returncode=0
Iteration 1: running shutter 240000000us -> rpicam-still --camera 0 --width 9248 --height 6944 --shutter 240000000 --nopreview 1 -t 245000ms -o /media/pi/USB DISK/winter_images/rpicam_2026-01-09-01-30-01_iter1.jpg --quality 95 --metadata - --metadata-format json
Adjusting exposure: 240000000 -> 240000000 (factor 3.255)
Reached MaxExposure without achieving target brightness; stopping loop early
Final capture attempt 1: rpicam-still --camera 0 --width 9248 --height 6944 --shutter 240000000 --nopreview 1 -t 245000ms -o /media/pi/USB DISK/winter_images/rpicam_2026-01-09-01-42-21_ex240000000us.jpg --quality 95 --metadata - --metadata-format json
Capture complete. Final exposure (us): 240000000
2026-01-09-02-00-01 iter1 exposure_us=240000000 mean=101.27314533943321 returncode=0
2026-01-09-02-00-01 iter1 factor=4.730 new_exposure=240000000
2026-01-09-02-12-21 final exposure_us=240000000 mean=97.5936203636756 returncode=0
Iteration 1: running shutter 240000000us -> rpicam-still --camera 0 --width 9248 --height 6944 --shutter 240000000 --nopreview 1 -t 245000ms -o /media/pi/USB DISK/winter_images/rpicam_2026-01-09-02-00-01_iter1.jpg --quality 95 --metadata - --metadata-format json
Adjusting exposure: 240000000 -> 240000000 (factor 4.730)
Reached MaxExposure without achieving target brightness; stopping loop early
Final capture attempt 1: rpicam-still --camera 0 --width 9248 --height 6944 --shutter 240000000 --nopreview 1 -t 245000ms -o /media/pi/USB DISK/winter_images/rpicam_2026-01-09-02-12-21_ex240000000us.jpg --quality 95 --metadata - --metadata-format json
Capture complete. Final exposure (us): 240000000
2026-01-09-02-30-01 iter1 exposure_us=240000000 mean=94.00080609657287 returncode=0
2026-01-09-02-30-01 iter1 factor=5.915 new_exposure=240000000
2026-01-09-02-42-22 final exposure_us=240000000 mean=91.09942970606174 returncode=0
Iteration 1: running shutter 240000000us -> rpicam-still --camera 0 --width 9248 --height 6944 --shutter 240000000 --nopreview 1 -t 245000ms -o /media/pi/USB DISK/winter_images/rpicam_2026-01-09-02-30-01_iter1.jpg --quality 95 --metadata - --metadata-format json
Adjusting exposure: 240000000 -> 240000000 (factor 5.915)
Reached MaxExposure without achieving target brightness; stopping loop early
Final capture attempt 1: rpicam-still --camera 0 --width 9248 --height 6944 --shutter 240000000 --nopreview 1 -t 245000ms -o /media/pi/USB DISK/winter_images/rpicam_2026-01-09-02-42-22_ex240000000us.jpg --quality 95 --metadata - --metadata-format json
Capture complete. Final exposure (us): 240000000
2026-01-09-03-00-01 iter1 exposure_us=240000000 mean=84.15231762030001 returncode=0
2026-01-09-03-00-01 iter1 factor=8.244 new_exposure=240000000
2026-01-09-03-12-22 final exposure_us=240000000 mean=100.8171561474744 returncode=0
Iteration 1: running shutter 240000000us -> rpicam-still --camera 0 --width 9248 --height 6944 --shutter 240000000 --nopreview 1 -t 245000ms -o /media/pi/USB DISK/winter_images/rpicam_2026-01-09-03-00-01_iter1.jpg --quality 95 --metadata - --metadata-format json
Adjusting exposure: 240000000 -> 240000000 (factor 8.244)
Reached MaxExposure without achieving target brightness; stopping loop early
Final capture attempt 1: rpicam-still --camera 0 --width 9248 --height 6944 --shutter 240000000 --nopreview 1 -t 245000ms -o /media/pi/USB DISK/winter_images/rpicam_2026-01-09-03-12-22_ex240000000us.jpg --quality 95 --metadata - --metadata-format json
Capture complete. Final exposure (us): 240000000
2026-01-09-03-30-01 iter1 exposure_us=240000000 mean=100.4366329393178 returncode=0
2026-01-09-03-30-01 iter1 factor=4.849 new_exposure=240000000
2026-01-09-03-42-18 final exposure_us=240000000 mean=102.65754175395253 returncode=0
Iteration 1: running shutter 240000000us -> rpicam-still --camera 0 --width 9248 --height 6944 --shutter 240000000 --nopreview 1 -t 245000ms -o /media/pi/USB DISK/winter_images/rpicam_2026-01-09-03-30-01_iter1.jpg --quality 95 --metadata - --metadata-format json
Adjusting exposure: 240000000 -> 240000000 (factor 4.849)
Reached MaxExposure without achieving target brightness; stopping loop early
Final capture attempt 1: rpicam-still --camera 0 --width 9248 --height 6944 --shutter 240000000 --nopreview 1 -t 245000ms -o /media/pi/USB DISK/winter_images/rpicam_2026-01-09-03-42-18_ex240000000us.jpg --quality 95 --metadata - --metadata-format json
Capture complete. Final exposure (us): 240000000
2026-01-09-04-00-01 iter1 exposure_us=240000000 mean=100.6821284780219 returncode=0
2026-01-09-04-00-01 iter1 factor=4.814 new_exposure=240000000
2026-01-09-04-12-14 final exposure_us=240000000 mean=94.64789927178177 returncode=0
Iteration 1: running shutter 240000000us -> rpicam-still --camera 0 --width 9248 --height 6944 --shutter 240000000 --nopreview 1 -t 245000ms -o /media/pi/USB DISK/winter_images/rpicam_2026-01-09-04-00-01_iter1.jpg --quality 95 --metadata - --metadata-format json
Adjusting exposure: 240000000 -> 240000000 (factor 4.814)
Reached MaxExposure without achieving target brightness; stopping loop early
Final capture attempt 1: rpicam-still --camera 0 --width 9248 --height 6944 --shutter 240000000 --nopreview 1 -t 245000ms -o /media/pi/USB DISK/winter_images/rpicam_2026-01-09-04-12-14_ex240000000us.jpg --quality 95 --metadata - --metadata-format json
Capture complete. Final exposure (us): 240000000
2026-01-09-04-30-01 iter1 exposure_us=240000000 mean=78.72256074734804 returncode=0
2026-01-09-04-30-01 iter1 factor=10.070 new_exposure=240000000
2026-01-09-04-42-17 final exposure_us=240000000 mean=102.09118802807532 returncode=0
Iteration 1: running shutter 240000000us -> rpicam-still --camera 0 --width 9248 --height 6944 --shutter 240000000 --nopreview 1 -t 245000ms -o /media/pi/USB DISK/winter_images/rpicam_2026-01-09-04-30-01_iter1.jpg --quality 95 --metadata - --metadata-format json
Adjusting exposure: 240000000 -> 240000000 (factor 10.070)
Reached MaxExposure without achieving target brightness; stopping loop early
Final capture attempt 1: rpicam-still --camera 0 --width 9248 --height 6944 --shutter 240000000 --nopreview 1 -t 245000ms -o /media/pi/USB DISK/winter_images/rpicam_2026-01-09-04-42-17_ex240000000us.jpg --quality 95 --metadata - --metadata-format json
Capture complete. Final exposure (us): 240000000
2026-01-09-05-00-01 iter1 exposure_us=240000000 mean=108.86841740224315 returncode=0
2026-01-09-05-00-01 iter1 factor=3.808 new_exposure=240000000
2026-01-09-05-12-17 final exposure_us=240000000 mean=91.79943636461938 returncode=0
Iteration 1: running shutter 240000000us -> rpicam-still --camera 0 --width 9248 --height 6944 --shutter 240000000 --nopreview 1 -t 245000ms -o /media/pi/USB DISK/winter_images/rpicam_2026-01-09-05-00-01_iter1.jpg --quality 95 --metadata - --metadata-format json
Adjusting exposure: 240000000 -> 240000000 (factor 3.808)
Reached MaxExposure without achieving target brightness; stopping loop early
Final capture attempt 1: rpicam-still --camera 0 --width 9248 --height 6944 --shutter 240000000 --nopreview 1 -t 245000ms -o /media/pi/USB DISK/winter_images/rpicam_2026-01-09-05-12-17_ex240000000us.jpg --quality 95 --metadata - --metadata-format json
Capture complete. Final exposure (us): 240000000
2026-01-09-05-30-02 iter1 exposure_us=240000000 mean=99.402300506748 returncode=0
2026-01-09-05-30-02 iter1 factor=5.002 new_exposure=240000000
2026-01-09-05-42-15 final exposure_us=240000000 mean=112.16860789990213 returncode=0
Iteration 1: running shutter 240000000us -> rpicam-still --camera 0 --width 9248 --height 6944 --shutter 240000000 --nopreview 1 -t 245000ms -o /media/pi/USB DISK/winter_images/rpicam_2026-01-09-05-30-02_iter1.jpg --quality 95 --metadata - --metadata-format json
Adjusting exposure: 240000000 -> 240000000 (factor 5.002)
Reached MaxExposure without achieving target brightness; stopping loop early
Final capture attempt 1: rpicam-still --camera 0 --width 9248 --height 6944 --shutter 240000000 --nopreview 1 -t 245000ms -o /media/pi/USB DISK/winter_images/rpicam_2026-01-09-05-42-15_ex240000000us.jpg --quality 95 --metadata - --metadata-format json
Capture complete. Final exposure (us): 240000000
2026-01-09-06-00-01 iter1 exposure_us=240000000 mean=111.89519262104747 returncode=0
2026-01-09-06-00-01 iter1 factor=3.507 new_exposure=240000000
2026-01-09-06-08-15 final exposure_us=240000000 mean=110.02523791107406 returncode=0
Iteration 1: running shutter 240000000us -> rpicam-still --camera 0 --width 9248 --height 6944 --shutter 240000000 --nopreview 1 -t 245000ms -o /media/pi/USB DISK/winter_images/rpicam_2026-01-09-06-00-01_iter1.jpg --quality 95 --metadata - --metadata-format json
Adjusting exposure: 240000000 -> 240000000 (factor 3.507)
Reached MaxExposure without achieving target brightness; stopping loop early
Final capture attempt 1: rpicam-still --camera 0 --width 9248 --height 6944 --shutter 240000000 --nopreview 1 -t 245000ms -o /media/pi/USB DISK/winter_images/rpicam_2026-01-09-06-08-15_ex240000000us.jpg --quality 95 --metadata - --metadata-format json
Capture complete. Final exposure (us): 240000000
2026-01-09-06-30-01 iter1 exposure_us=240000000 mean=89.83739008085445 returncode=0
2026-01-09-06-30-01 iter1 factor=6.776 new_exposure=240000000
2026-01-09-06-42-16 final exposure_us=240000000 mean=116.7940689380591 returncode=0
Iteration 1: running shutter 240000000us -> rpicam-still --camera 0 --width 9248 --height 6944 --shutter 240000000 --nopreview 1 -t 245000ms -o /media/pi/USB DISK/winter_images/rpicam_2026-01-09-06-30-01_iter1.jpg --quality 95 --metadata - --metadata-format json
Adjusting exposure: 240000000 -> 240000000 (factor 6.776)
Reached MaxExposure without achieving target brightness; stopping loop early
Final capture attempt 1: rpicam-still --camera 0 --width 9248 --height 6944 --shutter 240000000 --nopreview 1 -t 245000ms -o /media/pi/USB DISK/winter_images/rpicam_2026-01-09-06-42-16_ex240000000us.jpg --quality 95 --metadata - --metadata-format json
Capture complete. Final exposure (us): 240000000
2026-01-09-07-00-01 iter1 exposure_us=240000000 mean=128.09819650256924 returncode=0
2026-01-09-07-00-01 iter1 factor=2.337 new_exposure=240000000
2026-01-09-07-12-19 final exposure_us=240000000 mean=145.76997017601514 returncode=0
Iteration 1: running shutter 240000000us -> rpicam-still --camera 0 --width 9248 --height 6944 --shutter 240000000 --nopreview 1 -t 245000ms -o /media/pi/USB DISK/winter_images/rpicam_2026-01-09-07-00-01_iter1.jpg --quality 95 --metadata - --metadata-format json
Adjusting exposure: 240000000 -> 240000000 (factor 2.337)
Reached MaxExposure without achieving target brightness; stopping loop early
Final capture attempt 1: rpicam-still --camera 0 --width 9248 --height 6944 --shutter 240000000 --nopreview 1 -t 245000ms -o /media/pi/USB DISK/winter_images/rpicam_2026-01-09-07-12-19_ex240000000us.jpg --quality 95 --metadata - --metadata-format json
Capture complete. Final exposure (us): 240000000
2026-01-09-07-30-01 iter1 exposure_us=240000000 mean=246.43084911932633 returncode=0
2026-01-09-07-30-01 iter1 factor=0.050 new_exposure=12000000 [saturated]
2026-01-09-07-42-15 iter2 exposure_us=12000000 mean=128.67787357248994 returncode=0
2026-01-09-07-42-15 iter2 factor=1.250 new_exposure=15000000
2026-01-09-07-43-08 iter3 exposure_us=15000000 mean=156.2861025250945 returncode=0
2026-01-09-07-43-08 iter3 factor=1.246 new_exposure=18687663
2026-01-09-07-44-10 iter4 exposure_us=18687663 mean=191.9467220088937 returncode=0
2026-01-09-07-44-10 iter4 factor=0.750 new_exposure=14015747
2026-01-09-07-45-17 iter5 exposure_us=14015747 mean=189.15969404394824 returncode=0
2026-01-09-07-45-17 iter5 factor=0.750 new_exposure=10511810
2026-01-09-07-46-11 final exposure_us=10511810 mean=184.46248600394856 returncode=0
Iteration 1: running shutter 240000000us -> rpicam-still --camera 0 --width 9248 --height 6944 --shutter 240000000 --nopreview 1 -t 245000ms -o /media/pi/USB DISK/winter_images/rpicam_2026-01-09-07-30-01_iter1.jpg --quality 95 --metadata - --metadata-format json
Adjusting exposure (saturated): 240000000 -> 12000000 (factor 0.050)
Iteration 2: running shutter 12000000us -> rpicam-still --camera 0 --width 9248 --height 6944 --shutter 12000000 --nopreview 1 -t 17000ms -o /media/pi/USB DISK/winter_images/rpicam_2026-01-09-07-42-15_iter2.jpg --quality 95 --metadata - --metadata-format json
Adjusting exposure: 12000000 -> 15000000 (factor 1.250)
Iteration 3: running shutter 15000000us -> rpicam-still --camera 0 --width 9248 --height 6944 --shutter 15000000 --nopreview 1 -t 20000ms -o /media/pi/USB DISK/winter_images/rpicam_2026-01-09-07-43-08_iter3.jpg --quality 95 --metadata - --metadata-format json
Adjusting exposure: 15000000 -> 18687663 (factor 1.246)
Iteration 4: running shutter 18687663us -> rpicam-still --camera 0 --width 9248 --height 6944 --shutter 18687663 --nopreview 1 -t 23687ms -o /media/pi/USB DISK/winter_images/rpicam_2026-01-09-07-44-10_iter4.jpg --quality 95 --metadata - --metadata-format json
Adjusting exposure: 18687663 -> 14015747 (factor 0.750)
Iteration 5: running shutter 14015747us -> rpicam-still --camera 0 --width 9248 --height 6944 --shutter 14015747 --nopreview 1 -t 19015ms -o /media/pi/USB DISK/winter_images/rpicam_2026-01-09-07-45-17_iter5.jpg --quality 95 --metadata - --metadata-format json
Adjusting exposure: 14015747 -> 10511810 (factor 0.750)
Final capture attempt 1: rpicam-still --camera 0 --width 9248 --height 6944 --shutter 10511810 --nopreview 1 -t 15511ms -o /media/pi/USB DISK/winter_images/rpicam_2026-01-09-07-46-11_ex10511810us.jpg --quality 95 --metadata - --metadata-format json
Capture complete. Final exposure (us): 10511810
2026-01-09-08-00-01 iter1 exposure_us=10511810 mean=208.44771157395596 returncode=0
2026-01-09-08-00-01 iter1 factor=0.542 new_exposure=5702074
2026-01-09-08-00-44 iter2 exposure_us=5702074 mean=167.98328054241145 returncode=0
2026-01-09-08-01-14 final reuse exposure_us=5702074 mean=167.98328054241145
Iteration 1: running shutter 10511810us -> rpicam-still --camera 0 --width 9248 --height 6944 --shutter 10511810 --nopreview 1 -t 15511ms -o /media/pi/USB DISK/winter_images/rpicam_2026-01-09-08-00-01_iter1.jpg --quality 95 --metadata - --metadata-format json
Adjusting exposure: 10511810 -> 5702074 (factor 0.542)
Iteration 2: running shutter 5702074us -> rpicam-still --camera 0 --width 9248 --height 6944 --shutter 5702074 --nopreview 1 -t 10702ms -o /media/pi/USB DISK/winter_images/rpicam_2026-01-09-08-00-44_iter2.jpg --quality 95 --metadata - --metadata-format json
Mean brightness 167.98328054241145 within tolerance 5.0% of target 170.0 -> reusing image
Capture complete. Final exposure (us): 5702074
2026-01-09-08-30-01 iter1 exposure_us=5702074 mean=252.96161164003078 returncode=0
2026-01-09-08-30-01 iter1 factor=0.050 new_exposure=285104 [saturated]
2026-01-09-08-30-29 iter2 exposure_us=285104 mean=218.95067193815976 returncode=0
2026-01-09-08-30-29 iter2 factor=0.468 new_exposure=133448
2026-01-09-08-30-41 iter3 exposure_us=133448 mean=181.31846168258573 returncode=0
2026-01-09-08-30-41 iter3 factor=0.824 new_exposure=109985
2026-01-09-08-30-55 iter4 exposure_us=109985 mean=173.36502222301397 returncode=0
2026-01-09-08-31-07 final reuse exposure_us=109985 mean=173.36502222301397
Iteration 1: running shutter 5702074us -> rpicam-still --camera 0 --width 9248 --height 6944 --shutter 5702074 --nopreview 1 -t 10702ms -o /media/pi/USB DISK/winter_images/rpicam_2026-01-09-08-30-01_iter1.jpg --quality 95 --metadata - --metadata-format json
Adjusting exposure (saturated): 5702074 -> 285104 (factor 0.050)
Iteration 2: running shutter 285104us -> rpicam-still --camera 0 --width 9248 --height 6944 --shutter 285104 --nopreview 1 -t 5285ms -o /media/pi/USB DISK/winter_images/rpicam_2026-01-09-08-30-29_iter2.jpg --quality 95 --metadata - --metadata-format json
Adjusting exposure: 285104 -> 133448 (factor 0.468)
Iteration 3: running shutter 133448us -> rpicam-still --camera 0 --width 9248 --height 6944 --shutter 133448 --nopreview 1 -t 5133ms -o /media/pi/USB DISK/winter_images/rpicam_2026-01-09-08-30-41_iter3.jpg --quality 95 --metadata - --metadata-format json
Adjusting exposure: 133448 -> 109985 (factor 0.824)
Iteration 4: running shutter 109985us -> rpicam-still --camera 0 --width 9248 --height 6944 --shutter 109985 --nopreview 1 -t 5109ms -o /media/pi/USB DISK/winter_images/rpicam_2026-01-09-08-30-55_iter4.jpg --quality 95 --metadata - --metadata-format json
Mean brightness 173.36502222301397 within tolerance 5.0% of target 170.0 -> reusing image
Capture complete. Final exposure (us): 109985
2026-01-09-09-00-01 iter1 exposure_us=109985 mean=157.12834815199798 returncode=0
2026-01-09-09-00-01 iter1 factor=1.219 new_exposure=134063
2026-01-09-09-00-16 iter2 exposure_us=134063 mean=161.1203899765848 returncode=0
2026-01-09-09-00-16 iter2 factor=1.116 new_exposure=149605
2026-01-09-09-00-31 iter3 exposure_us=149605 mean=159.66022976508557 returncode=0
2026-01-09-09-00-31 iter3 factor=1.149 new_exposure=171929
2026-01-09-09-00-44 iter4 exposure_us=171929 mean=157.6782943883495 returncode=0
2026-01-09-09-00-44 iter4 factor=1.202 new_exposure=206726
2026-01-09-09-01-00 iter5 exposure_us=206726 mean=167.61791959875742 returncode=0
2026-01-09-09-01-14 final reuse exposure_us=206726 mean=167.61791959875742
Iteration 1: running shutter 109985us -> rpicam-still --camera 0 --width 9248 --height 6944 --shutter 109985 --nopreview 1 -t 5109ms -o /media/pi/USB DISK/winter_images/rpicam_2026-01-09-09-00-01_iter1.jpg --quality 95 --metadata - --metadata-format json
Adjusting exposure: 109985 -> 134063 (factor 1.219)
Iteration 2: running shutter 134063us -> rpicam-still --camera 0 --width 9248 --height 6944 --shutter 134063 --nopreview 1 -t 5134ms -o /media/pi/USB DISK/winter_images/rpicam_2026-01-09-09-00-16_iter2.jpg --quality 95 --metadata - --metadata-format json
Adjusting exposure: 134063 -> 149605 (factor 1.116)
Iteration 3: running shutter 149605us -> rpicam-still --camera 0 --width 9248 --height 6944 --shutter 149605 --nopreview 1 -t 5149ms -o /media/pi/USB DISK/winter_images/rpicam_2026-01-09-09-00-31_iter3.jpg --quality 95 --metadata - --metadata-format json
Adjusting exposure: 149605 -> 171929 (factor 1.149)
Iteration 4: running shutter 171929us -> rpicam-still --camera 0 --width 9248 --height 6944 --shutter 171929 --nopreview 1 -t 5171ms -o /media/pi/USB DISK/winter_images/rpicam_2026-01-09-09-00-44_iter4.jpg --quality 95 --metadata - --metadata-format json
Adjusting exposure: 171929 -> 206726 (factor 1.202)
Iteration 5: running shutter 206726us -> rpicam-still --camera 0 --width 9248 --height 6944 --shutter 206726 --nopreview 1 -t 5206ms -o /media/pi/USB DISK/winter_images/rpicam_2026-01-09-09-01-00_iter5.jpg --quality 95 --metadata - --metadata-format json
Mean brightness 167.61791959875742 within tolerance 5.0% of target 170.0 -> reusing image
Capture complete. Final exposure (us): 206726
2026-01-09-09-30-01 iter1 exposure_us=206726 mean=228.34313961145418 returncode=0
2026-01-09-09-30-01 iter1 factor=0.413 new_exposure=85306
2026-01-09-09-30-17 iter2 exposure_us=85306 mean=188.11695955807608 returncode=0
2026-01-09-09-30-17 iter2 factor=0.738 new_exposure=62957
2026-01-09-09-30-31 iter3 exposure_us=62957 mean=167.5547970018178 returncode=0
2026-01-09-09-30-45 final reuse exposure_us=62957 mean=167.5547970018178
Iteration 1: running shutter 206726us -> rpicam-still --camera 0 --width 9248 --height 6944 --shutter 206726 --nopreview 1 -t 5206ms -o /media/pi/USB DISK/winter_images/rpicam_2026-01-09-09-30-01_iter1.jpg --quality 95 --metadata - --metadata-format json
Adjusting exposure: 206726 -> 85306 (factor 0.413)
Iteration 2: running shutter 85306us -> rpicam-still --camera 0 --width 9248 --height 6944 --shutter 85306 --nopreview 1 -t 5085ms -o /media/pi/USB DISK/winter_images/rpicam_2026-01-09-09-30-17_iter2.jpg --quality 95 --metadata - --metadata-format json
Adjusting exposure: 85306 -> 62957 (factor 0.738)
Iteration 3: running shutter 62957us -> rpicam-still --camera 0 --width 9248 --height 6944 --shutter 62957 --nopreview 1 -t 5062ms -o /media/pi/USB DISK/winter_images/rpicam_2026-01-09-09-30-31_iter3.jpg --quality 95 --metadata - --metadata-format json
Mean brightness 167.5547970018178 within tolerance 5.0% of target 170.0 -> reusing image
Capture complete. Final exposure (us): 62957
2026-01-09-10-00-01 iter1 exposure_us=62957 mean=195.6666418501995 returncode=0
2026-01-09-10-00-01 iter1 factor=0.656 new_exposure=41290
2026-01-09-10-00-16 iter2 exposure_us=41290 mean=176.47032704729781 returncode=0
2026-01-09-10-00-31 final reuse exposure_us=41290 mean=176.47032704729781
Iteration 1: running shutter 62957us -> rpicam-still --camera 0 --width 9248 --height 6944 --shutter 62957 --nopreview 1 -t 5062ms -o /media/pi/USB DISK/winter_images/rpicam_2026-01-09-10-00-01_iter1.jpg --quality 95 --metadata - --metadata-format json
Adjusting exposure: 62957 -> 41290 (factor 0.656)
Iteration 2: running shutter 41290us -> rpicam-still --camera 0 --width 9248 --height 6944 --shutter 41290 --nopreview 1 -t 5041ms -o /media/pi/USB DISK/winter_images/rpicam_2026-01-09-10-00-16_iter2.jpg --quality 95 --metadata - --metadata-format json
Mean brightness 176.47032704729781 within tolerance 5.0% of target 170.0 -> reusing image
Capture complete. Final exposure (us): 41290
2026-01-09-10-30-01 iter1 exposure_us=41290 mean=188.90824820573985 returncode=0
2026-01-09-10-30-01 iter1 factor=0.729 new_exposure=30091
2026-01-09-10-30-13 iter2 exposure_us=30091 mean=173.45000575538563 returncode=0
2026-01-09-10-30-26 final reuse exposure_us=30091 mean=173.45000575538563
Iteration 1: running shutter 41290us -> rpicam-still --camera 0 --width 9248 --height 6944 --shutter 41290 --nopreview 1 -t 5041ms -o /media/pi/USB DISK/winter_images/rpicam_2026-01-09-10-30-01_iter1.jpg --quality 95 --metadata - --metadata-format json
Adjusting exposure: 41290 -> 30091 (factor 0.729)
Iteration 2: running shutter 30091us -> rpicam-still --camera 0 --width 9248 --height 6944 --shutter 30091 --nopreview 1 -t 5030ms -o /media/pi/USB DISK/winter_images/rpicam_2026-01-09-10-30-13_iter2.jpg --quality 95 --metadata - --metadata-format json
Mean brightness 173.45000575538563 within tolerance 5.0% of target 170.0 -> reusing image
Capture complete. Final exposure (us): 30091
2026-01-09-11-00-01 iter1 exposure_us=30091 mean=185.18260569541502 returncode=0
2026-01-09-11-00-01 iter1 factor=0.774 new_exposure=23280
2026-01-09-11-00-16 iter2 exposure_us=23280 mean=175.34554955461786 returncode=0
2026-01-09-11-00-30 final reuse exposure_us=23280 mean=175.34554955461786
Iteration 1: running shutter 30091us -> rpicam-still --camera 0 --width 9248 --height 6944 --shutter 30091 --nopreview 1 -t 5030ms -o /media/pi/USB DISK/winter_images/rpicam_2026-01-09-11-00-01_iter1.jpg --quality 95 --metadata - --metadata-format json
Adjusting exposure: 30091 -> 23280 (factor 0.774)
Iteration 2: running shutter 23280us -> rpicam-still --camera 0 --width 9248 --height 6944 --shutter 23280 --nopreview 1 -t 5023ms -o /media/pi/USB DISK/winter_images/rpicam_2026-01-09-11-00-16_iter2.jpg --quality 95 --metadata - --metadata-format json
Mean brightness 175.34554955461786 within tolerance 5.0% of target 170.0 -> reusing image
Capture complete. Final exposure (us): 23280
2026-01-09-11-30-01 iter1 exposure_us=23280 mean=200.75171517032453 returncode=0
2026-01-09-11-30-01 iter1 factor=0.607 new_exposure=14137
2026-01-09-11-30-17 iter2 exposure_us=14137 mean=170.90284479244733 returncode=0
2026-01-09-11-30-31 final reuse exposure_us=14137 mean=170.90284479244733
Iteration 1: running shutter 23280us -> rpicam-still --camera 0 --width 9248 --height 6944 --shutter 23280 --nopreview 1 -t 5023ms -o /media/pi/USB DISK/winter_images/rpicam_2026-01-09-11-30-01_iter1.jpg --quality 95 --metadata - --metadata-format json
Adjusting exposure: 23280 -> 14137 (factor 0.607)
Iteration 2: running shutter 14137us -> rpicam-still --camera 0 --width 9248 --height 6944 --shutter 14137 --nopreview 1 -t 5014ms -o /media/pi/USB DISK/winter_images/rpicam_2026-01-09-11-30-17_iter2.jpg --quality 95 --metadata - --metadata-format json
Mean brightness 170.90284479244733 within tolerance 5.0% of target 170.0 -> reusing image
Capture complete. Final exposure (us): 14137
2026-01-09-12-00-01 iter1 exposure_us=14137 mean=183.4701217625333 returncode=0
2026-01-09-12-00-01 iter1 factor=0.796 new_exposure=11246
2026-01-09-12-00-15 iter2 exposure_us=11246 mean=169.43976499963125 returncode=0
2026-01-09-12-00-29 final reuse exposure_us=11246 mean=169.43976499963125
Iteration 1: running shutter 14137us -> rpicam-still --camera 0 --width 9248 --height 6944 --shutter 14137 --nopreview 1 -t 5014ms -o /media/pi/USB DISK/winter_images/rpicam_2026-01-09-12-00-01_iter1.jpg --quality 95 --metadata - --metadata-format json
Adjusting exposure: 14137 -> 11246 (factor 0.796)
Iteration 2: running shutter 11246us -> rpicam-still --camera 0 --width 9248 --height 6944 --shutter 11246 --nopreview 1 -t 5011ms -o /media/pi/USB DISK/winter_images/rpicam_2026-01-09-12-00-15_iter2.jpg --quality 95 --metadata - --metadata-format json
Mean brightness 169.43976499963125 within tolerance 5.0% of target 170.0 -> reusing image
Capture complete. Final exposure (us): 11246
2026-01-09-12-30-01 iter1 exposure_us=11246 mean=174.32674281984498 returncode=0
2026-01-09-12-30-13 final reuse exposure_us=11246 mean=174.32674281984498
Iteration 1: running shutter 11246us -> rpicam-still --camera 0 --width 9248 --height 6944 --shutter 11246 --nopreview 1 -t 5011ms -o /media/pi/USB DISK/winter_images/rpicam_2026-01-09-12-30-01_iter1.jpg --quality 95 --metadata - --metadata-format json
Mean brightness 174.32674281984498 within tolerance 5.0% of target 170.0 -> reusing image
Capture complete. Final exposure (us): 11246
2026-01-09-13-00-01 iter1 exposure_us=11246 mean=153.92508415694314 returncode=0
2026-01-09-13-00-01 iter1 factor=1.333 new_exposure=14987
2026-01-09-13-00-15 iter2 exposure_us=14987 mean=161.66218366868213 returncode=0
2026-01-09-13-00-27 final reuse exposure_us=14987 mean=161.66218366868213
Iteration 1: running shutter 11246us -> rpicam-still --camera 0 --width 9248 --height 6944 --shutter 11246 --nopreview 1 -t 5011ms -o /media/pi/USB DISK/winter_images/rpicam_2026-01-09-13-00-01_iter1.jpg --quality 95 --metadata - --metadata-format json
Adjusting exposure: 11246 -> 14987 (factor 1.333)
Iteration 2: running shutter 14987us -> rpicam-still --camera 0 --width 9248 --height 6944 --shutter 14987 --nopreview 1 -t 5014ms -o /media/pi/USB DISK/winter_images/rpicam_2026-01-09-13-00-15_iter2.jpg --quality 95 --metadata - --metadata-format json
Mean brightness 161.66218366868213 within tolerance 5.0% of target 170.0 -> reusing image
Capture complete. Final exposure (us): 14987
2026-01-09-13-30-01 iter1 exposure_us=14987 mean=151.51843059478298 returncode=0
2026-01-09-13-30-01 iter1 factor=1.412 new_exposure=21167
2026-01-09-13-30-15 iter2 exposure_us=21167 mean=158.24487591600325 returncode=0
2026-01-09-13-30-15 iter2 factor=1.186 new_exposure=25108
2026-01-09-13-30-26 iter3 exposure_us=25108 mean=164.03551143017097 returncode=0
2026-01-09-13-30-40 final reuse exposure_us=25108 mean=164.03551143017097
Iteration 1: running shutter 14987us -> rpicam-still --camera 0 --width 9248 --height 6944 --shutter 14987 --nopreview 1 -t 5014ms -o /media/pi/USB DISK/winter_images/rpicam_2026-01-09-13-30-01_iter1.jpg --quality 95 --metadata - --metadata-format json
Adjusting exposure: 14987 -> 21167 (factor 1.412)
Iteration 2: running shutter 21167us -> rpicam-still --camera 0 --width 9248 --height 6944 --shutter 21167 --nopreview 1 -t 5021ms -o /media/pi/USB DISK/winter_images/rpicam_2026-01-09-13-30-15_iter2.jpg --quality 95 --metadata - --metadata-format json
Adjusting exposure: 21167 -> 25108 (factor 1.186)
Iteration 3: running shutter 25108us -> rpicam-still --camera 0 --width 9248 --height 6944 --shutter 25108 --nopreview 1 -t 5025ms -o /media/pi/USB DISK/winter_images/rpicam_2026-01-09-13-30-26_iter3.jpg --quality 95 --metadata - --metadata-format json
Mean brightness 164.03551143017097 within tolerance 5.0% of target 170.0 -> reusing image
Capture complete. Final exposure (us): 25108
2026-01-09-14-00-02 iter1 exposure_us=25108 mean=174.97966459991846 returncode=0
2026-01-09-14-00-13 final reuse exposure_us=25108 mean=174.97966459991846
Iteration 1: running shutter 25108us -> rpicam-still --camera 0 --width 9248 --height 6944 --shutter 25108 --nopreview 1 -t 5025ms -o /media/pi/USB DISK/winter_images/rpicam_2026-01-09-14-00-02_iter1.jpg --quality 95 --metadata - --metadata-format json
Mean brightness 174.97966459991846 within tolerance 5.0% of target 170.0 -> reusing image
Capture complete. Final exposure (us): 25108
2026-01-09-14-30-01 iter1 exposure_us=25108 mean=211.13123194901775 returncode=0
2026-01-09-14-30-01 iter1 factor=0.522 new_exposure=13107
2026-01-09-14-30-14 iter2 exposure_us=13107 mean=174.17916756880052 returncode=0
2026-01-09-14-30-26 final reuse exposure_us=13107 mean=174.17916756880052
Iteration 1: running shutter 25108us -> rpicam-still --camera 0 --width 9248 --height 6944 --shutter 25108 --nopreview 1 -t 5025ms -o /media/pi/USB DISK/winter_images/rpicam_2026-01-09-14-30-01_iter1.jpg --quality 95 --metadata - --metadata-format json
Adjusting exposure: 25108 -> 13107 (factor 0.522)
Iteration 2: running shutter 13107us -> rpicam-still --camera 0 --width 9248 --height 6944 --shutter 13107 --nopreview 1 -t 5013ms -o /media/pi/USB DISK/winter_images/rpicam_2026-01-09-14-30-14_iter2.jpg --quality 95 --metadata - --metadata-format json
Mean brightness 174.17916756880052 within tolerance 5.0% of target 170.0 -> reusing image
Capture complete. Final exposure (us): 13107
2026-01-09-15-00-02 iter1 exposure_us=13107 mean=154.77717479455018 returncode=0
2026-01-09-15-00-02 iter1 factor=1.299 new_exposure=17030
2026-01-09-15-00-15 iter2 exposure_us=17030 mean=162.39301656828528 returncode=0
2026-01-09-15-00-27 final reuse exposure_us=17030 mean=162.39301656828528
Iteration 1: running shutter 13107us -> rpicam-still --camera 0 --width 9248 --height 6944 --shutter 13107 --nopreview 1 -t 5013ms -o /media/pi/USB DISK/winter_images/rpicam_2026-01-09-15-00-02_iter1.jpg --quality 95 --metadata - --metadata-format json
Adjusting exposure: 13107 -> 17030 (factor 1.299)
Iteration 2: running shutter 17030us -> rpicam-still --camera 0 --width 9248 --height 6944 --shutter 17030 --nopreview 1 -t 5017ms -o /media/pi/USB DISK/winter_images/rpicam_2026-01-09-15-00-15_iter2.jpg --quality 95 --metadata - --metadata-format json
Mean brightness 162.39301656828528 within tolerance 5.0% of target 170.0 -> reusing image
Capture complete. Final exposure (us): 17030
2026-01-09-15-30-01 iter1 exposure_us=17030 mean=172.12349649893164 returncode=0
2026-01-09-15-30-14 final reuse exposure_us=17030 mean=172.12349649893164
Iteration 1: running shutter 17030us -> rpicam-still --camera 0 --width 9248 --height 6944 --shutter 17030 --nopreview 1 -t 5017ms -o /media/pi/USB DISK/winter_images/rpicam_2026-01-09-15-30-01_iter1.jpg --quality 95 --metadata - --metadata-format json
Mean brightness 172.12349649893164 within tolerance 5.0% of target 170.0 -> reusing image
Capture complete. Final exposure (us): 17030
2026-01-09-16-00-01 iter1 exposure_us=17030 mean=160.21594174241685 returncode=0
2026-01-09-16-00-01 iter1 factor=1.136 new_exposure=19346
2026-01-09-16-00-13 iter2 exposure_us=19346 mean=164.0825795999733 returncode=0
2026-01-09-16-00-26 final reuse exposure_us=19346 mean=164.0825795999733
Iteration 1: running shutter 17030us -> rpicam-still --camera 0 --width 9248 --height 6944 --shutter 17030 --nopreview 1 -t 5017ms -o /media/pi/USB DISK/winter_images/rpicam_2026-01-09-16-00-01_iter1.jpg --quality 95 --metadata - --metadata-format json
Adjusting exposure: 17030 -> 19346 (factor 1.136)
Iteration 2: running shutter 19346us -> rpicam-still --camera 0 --width 9248 --height 6944 --shutter 19346 --nopreview 1 -t 5019ms -o /media/pi/USB DISK/winter_images/rpicam_2026-01-09-16-00-13_iter2.jpg --quality 95 --metadata - --metadata-format json
Mean brightness 164.0825795999733 within tolerance 5.0% of target 170.0 -> reusing image
Capture complete. Final exposure (us): 19346
2026-01-09-16-30-01 iter1 exposure_us=19346 mean=149.56328674066282 returncode=0
2026-01-09-16-30-01 iter1 factor=1.468 new_exposure=28409
2026-01-09-16-30-13 iter2 exposure_us=28409 mean=157.39725313008267 returncode=0
2026-01-09-16-30-13 iter2 factor=1.211 new_exposure=34396
2026-01-09-16-30-26 iter3 exposure_us=34396 mean=161.67384419523265 returncode=0
2026-01-09-16-30-38 final reuse exposure_us=34396 mean=161.67384419523265
Iteration 1: running shutter 19346us -> rpicam-still --camera 0 --width 9248 --height 6944 --shutter 19346 --nopreview 1 -t 5019ms -o /media/pi/USB DISK/winter_images/rpicam_2026-01-09-16-30-01_iter1.jpg --quality 95 --metadata - --metadata-format json
Adjusting exposure: 19346 -> 28409 (factor 1.468)
Iteration 2: running shutter 28409us -> rpicam-still --camera 0 --width 9248 --height 6944 --shutter 28409 --nopreview 1 -t 5028ms -o /media/pi/USB DISK/winter_images/rpicam_2026-01-09-16-30-13_iter2.jpg --quality 95 --metadata - --metadata-format json
Adjusting exposure: 28409 -> 34396 (factor 1.211)
Iteration 3: running shutter 34396us -> rpicam-still --camera 0 --width 9248 --height 6944 --shutter 34396 --nopreview 1 -t 5034ms -o /media/pi/USB DISK/winter_images/rpicam_2026-01-09-16-30-26_iter3.jpg --quality 95 --metadata - --metadata-format json
Mean brightness 161.67384419523265 within tolerance 5.0% of target 170.0 -> reusing image
Capture complete. Final exposure (us): 34396
2026-01-09-17-00-01 iter1 exposure_us=34396 mean=149.99372515031274 returncode=0
2026-01-09-17-00-01 iter1 factor=1.456 new_exposure=50077
2026-01-09-17-00-15 iter2 exposure_us=50077 mean=151.5595337807502 returncode=0
2026-01-09-17-00-15 iter2 factor=1.411 new_exposure=70670
2026-01-09-17-00-27 iter3 exposure_us=70670 mean=155.88913526451853 returncode=0
2026-01-09-17-00-27 iter3 factor=1.259 new_exposure=88990
2026-01-09-17-00-39 iter4 exposure_us=88990 mean=165.69208759983476 returncode=0
2026-01-09-17-00-53 final reuse exposure_us=88990 mean=165.69208759983476
Iteration 1: running shutter 34396us -> rpicam-still --camera 0 --width 9248 --height 6944 --shutter 34396 --nopreview 1 -t 5034ms -o /media/pi/USB DISK/winter_images/rpicam_2026-01-09-17-00-01_iter1.jpg --quality 95 --metadata - --metadata-format json
Adjusting exposure: 34396 -> 50077 (factor 1.456)
Iteration 2: running shutter 50077us -> rpicam-still --camera 0 --width 9248 --height 6944 --shutter 50077 --nopreview 1 -t 5050ms -o /media/pi/USB DISK/winter_images/rpicam_2026-01-09-17-00-15_iter2.jpg --quality 95 --metadata - --metadata-format json
Adjusting exposure: 50077 -> 70670 (factor 1.411)
Iteration 3: running shutter 70670us -> rpicam-still --camera 0 --width 9248 --height 6944 --shutter 70670 --nopreview 1 -t 5070ms -o /media/pi/USB DISK/winter_images/rpicam_2026-01-09-17-00-27_iter3.jpg --quality 95 --metadata - --metadata-format json
Adjusting exposure: 70670 -> 88990 (factor 1.259)
Iteration 4: running shutter 88990us -> rpicam-still --camera 0 --width 9248 --height 6944 --shutter 88990 --nopreview 1 -t 5088ms -o /media/pi/USB DISK/winter_images/rpicam_2026-01-09-17-00-39_iter4.jpg --quality 95 --metadata - --metadata-format json
Mean brightness 165.69208759983476 within tolerance 5.0% of target 170.0 -> reusing image
Capture complete. Final exposure (us): 88990
2026-01-09-17-30-01 iter1 exposure_us=88990 mean=143.17876945681618 returncode=0
2026-01-09-17-30-01 iter1 factor=1.674 new_exposure=148954
2026-01-09-17-30-13 iter2 exposure_us=148954 mean=143.41515510452876 returncode=0
2026-01-09-17-30-13 iter2 factor=1.666 new_exposure=248093
2026-01-09-17-30-27 iter3 exposure_us=248093 mean=141.79886336427953 returncode=0
2026-01-09-17-30-27 iter3 factor=1.723 new_exposure=427507
2026-01-09-17-30-41 iter4 exposure_us=427507 mean=144.22508760456864 returncode=0
2026-01-09-17-30-41 iter4 factor=1.638 new_exposure=700112
2026-01-09-17-30-54 iter5 exposure_us=700112 mean=163.1913305081283 returncode=0
2026-01-09-17-31-10 final reuse exposure_us=700112 mean=163.1913305081283
Iteration 1: running shutter 88990us -> rpicam-still --camera 0 --width 9248 --height 6944 --shutter 88990 --nopreview 1 -t 5088ms -o /media/pi/USB DISK/winter_images/rpicam_2026-01-09-17-30-01_iter1.jpg --quality 95 --metadata - --metadata-format json
Adjusting exposure: 88990 -> 148954 (factor 1.674)
Iteration 2: running shutter 148954us -> rpicam-still --camera 0 --width 9248 --height 6944 --shutter 148954 --nopreview 1 -t 5148ms -o /media/pi/USB DISK/winter_images/rpicam_2026-01-09-17-30-13_iter2.jpg --quality 95 --metadata - --metadata-format json
Adjusting exposure: 148954 -> 248093 (factor 1.666)
Iteration 3: running shutter 248093us -> rpicam-still --camera 0 --width 9248 --height 6944 --shutter 248093 --nopreview 1 -t 5248ms -o /media/pi/USB DISK/winter_images/rpicam_2026-01-09-17-30-27_iter3.jpg --quality 95 --metadata - --metadata-format json
Adjusting exposure: 248093 -> 427507 (factor 1.723)
Iteration 4: running shutter 427507us -> rpicam-still --camera 0 --width 9248 --height 6944 --shutter 427507 --nopreview 1 -t 5427ms -o /media/pi/USB DISK/winter_images/rpicam_2026-01-09-17-30-41_iter4.jpg --quality 95 --metadata - --metadata-format json
Adjusting exposure: 427507 -> 700112 (factor 1.638)
Iteration 5: running shutter 700112us -> rpicam-still --camera 0 --width 9248 --height 6944 --shutter 700112 --nopreview 1 -t 5700ms -o /media/pi/USB DISK/winter_images/rpicam_2026-01-09-17-30-54_iter5.jpg --quality 95 --metadata - --metadata-format json
Mean brightness 163.1913305081283 within tolerance 5.0% of target 170.0 -> reusing image
Capture complete. Final exposure (us): 700112
2026-01-09-18-00-01 iter1 exposure_us=700112 mean=29.694274412801175 returncode=0
2026-01-09-18-00-01 iter1 factor=20.000 new_exposure=14002240
2026-01-09-18-00-17 iter2 exposure_us=14002240 mean=73.98703708386817 returncode=0
2026-01-09-18-00-17 iter2 factor=12.131 new_exposure=169854624
2026-01-09-18-01-10 iter3 exposure_us=169854624 mean=187.65569799062297 returncode=0
2026-01-09-18-01-10 iter3 factor=0.750 new_exposure=127390968
2026-01-09-18-09-53 iter4 exposure_us=127390968 mean=146.3656454739747 returncode=0
2026-01-09-18-09-53 iter4 factor=1.250 new_exposure=159238710
2026-01-09-18-16-27 iter5 exposure_us=159238710 mean=158.5694252580954 returncode=0
2026-01-09-18-16-27 iter5 factor=1.177 new_exposure=187469193
2026-01-09-18-24-38 final exposure_us=187469193 mean=159.90319483388114 returncode=0
Iteration 1: running shutter 700112us -> rpicam-still --camera 0 --width 9248 --height 6944 --shutter 700112 --nopreview 1 -t 5700ms -o /media/pi/USB DISK/winter_images/rpicam_2026-01-09-18-00-01_iter1.jpg --quality 95 --metadata - --metadata-format json
Adjusting exposure: 700112 -> 14002240 (factor 20.000)
Iteration 2: running shutter 14002240us -> rpicam-still --camera 0 --width 9248 --height 6944 --shutter 14002240 --nopreview 1 -t 19002ms -o /media/pi/USB DISK/winter_images/rpicam_2026-01-09-18-00-17_iter2.jpg --quality 95 --metadata - --metadata-format json
Adjusting exposure: 14002240 -> 169854624 (factor 12.131)
Iteration 3: running shutter 169854624us -> rpicam-still --camera 0 --width 9248 --height 6944 --shutter 169854624 --nopreview 1 -t 174854ms -o /media/pi/USB DISK/winter_images/rpicam_2026-01-09-18-01-10_iter3.jpg --quality 95 --metadata - --metadata-format json
Adjusting exposure: 169854624 -> 127390968 (factor 0.750)
Iteration 4: running shutter 127390968us -> rpicam-still --camera 0 --width 9248 --height 6944 --shutter 127390968 --nopreview 1 -t 132390ms -o /media/pi/USB DISK/winter_images/rpicam_2026-01-09-18-09-53_iter4.jpg --quality 95 --metadata - --metadata-format json
Adjusting exposure: 127390968 -> 159238710 (factor 1.250)
Iteration 5: running shutter 159238710us -> rpicam-still --camera 0 --width 9248 --height 6944 --shutter 159238710 --nopreview 1 -t 164238ms -o /media/pi/USB DISK/winter_images/rpicam_2026-01-09-18-16-27_iter5.jpg --quality 95 --metadata - --metadata-format json
Adjusting exposure: 159238710 -> 187469193 (factor 1.177)
Final capture attempt 1: rpicam-still --camera 0 --width 9248 --height 6944 --shutter 187469193 --nopreview 1 -t 192469ms -o /media/pi/USB DISK/winter_images/rpicam_2026-01-09-18-24-38_ex187469193us.jpg --quality 95 --metadata - --metadata-format json
Capture complete. Final exposure (us): 187469193
2026-01-09-19-00-01 iter1 exposure_us=187469193 mean=163.0948384312513 returncode=0
2026-01-09-19-06-28 final reuse exposure_us=187469193 mean=163.0948384312513
Iteration 1: running shutter 187469193us -> rpicam-still --camera 0 --width 9248 --height 6944 --shutter 187469193 --nopreview 1 -t 192469ms -o /media/pi/USB DISK/winter_images/rpicam_2026-01-09-19-00-01_iter1.jpg --quality 95 --metadata - --metadata-format json
Mean brightness 163.0948384312513 within tolerance 5.0% of target 170.0 -> reusing image
Capture complete. Final exposure (us): 187469193
2026-01-09-19-30-01 iter1 exposure_us=187469193 mean=180.00052905635096 returncode=0
2026-01-09-19-30-01 iter1 factor=0.842 new_exposure=157926616
2026-01-09-19-39-37 iter2 exposure_us=157926616 mean=168.77130886376727 returncode=0
2026-01-09-19-47-42 final reuse exposure_us=157926616 mean=168.77130886376727
Iteration 1: running shutter 187469193us -> rpicam-still --camera 0 --width 9248 --height 6944 --shutter 187469193 --nopreview 1 -t 192469ms -o /media/pi/USB DISK/winter_images/rpicam_2026-01-09-19-30-01_iter1.jpg --quality 95 --metadata - --metadata-format json
Adjusting exposure: 187469193 -> 157926616 (factor 0.842)
Iteration 2: running shutter 157926616us -> rpicam-still --camera 0 --width 9248 --height 6944 --shutter 157926616 --nopreview 1 -t 162926ms -o /media/pi/USB DISK/winter_images/rpicam_2026-01-09-19-39-37_iter2.jpg --quality 95 --metadata - --metadata-format json
Mean brightness 168.77130886376727 within tolerance 5.0% of target 170.0 -> reusing image
Capture complete. Final exposure (us): 157926616
2026-01-09-20-00-01 iter1 exposure_us=157926616 mean=167.54914157239628 returncode=0
2026-01-09-20-08-08 final reuse exposure_us=157926616 mean=167.54914157239628
Iteration 1: running shutter 157926616us -> rpicam-still --camera 0 --width 9248 --height 6944 --shutter 157926616 --nopreview 1 -t 162926ms -o /media/pi/USB DISK/winter_images/rpicam_2026-01-09-20-00-01_iter1.jpg --quality 95 --metadata - --metadata-format json
Mean brightness 167.54914157239628 within tolerance 5.0% of target 170.0 -> reusing image
Capture complete. Final exposure (us): 157926616
2026-01-09-20-30-02 iter1 exposure_us=157926616 mean=158.40881918172866 returncode=0
2026-01-09-20-30-02 iter1 factor=1.182 new_exposure=186615627
2026-01-09-20-38-07 iter2 exposure_us=186615627 mean=171.3247106828678 returncode=0
2026-01-09-20-47-40 final reuse exposure_us=186615627 mean=171.3247106828678
Iteration 1: running shutter 157926616us -> rpicam-still --camera 0 --width 9248 --height 6944 --shutter 157926616 --nopreview 1 -t 162926ms -o /media/pi/USB DISK/winter_images/rpicam_2026-01-09-20-30-02_iter1.jpg --quality 95 --metadata - --metadata-format json
Adjusting exposure: 157926616 -> 186615627 (factor 1.182)
Iteration 2: running shutter 186615627us -> rpicam-still --camera 0 --width 9248 --height 6944 --shutter 186615627 --nopreview 1 -t 191615ms -o /media/pi/USB DISK/winter_images/rpicam_2026-01-09-20-38-07_iter2.jpg --quality 95 --metadata - --metadata-format json
Mean brightness 171.3247106828678 within tolerance 5.0% of target 170.0 -> reusing image
Capture complete. Final exposure (us): 186615627
2026-01-09-21-00-01 iter1 exposure_us=186615627 mean=171.67421348357297 returncode=0
2026-01-09-21-09-33 final reuse exposure_us=186615627 mean=171.67421348357297
Iteration 1: running shutter 186615627us -> rpicam-still --camera 0 --width 9248 --height 6944 --shutter 186615627 --nopreview 1 -t 191615ms -o /media/pi/USB DISK/winter_images/rpicam_2026-01-09-21-00-01_iter1.jpg --quality 95 --metadata - --metadata-format json
Mean brightness 171.67421348357297 within tolerance 5.0% of target 170.0 -> reusing image
Capture complete. Final exposure (us): 186615627
2026-01-09-21-30-01 iter1 exposure_us=186615627 mean=171.09148489136524 returncode=0
2026-01-09-21-39-34 final reuse exposure_us=186615627 mean=171.09148489136524
Iteration 1: running shutter 186615627us -> rpicam-still --camera 0 --width 9248 --height 6944 --shutter 186615627 --nopreview 1 -t 191615ms -o /media/pi/USB DISK/winter_images/rpicam_2026-01-09-21-30-01_iter1.jpg --quality 95 --metadata - --metadata-format json
Mean brightness 171.09148489136524 within tolerance 5.0% of target 170.0 -> reusing image
Capture complete. Final exposure (us): 186615627
2026-01-09-22-00-02 iter1 exposure_us=186615627 mean=159.49167605550284 returncode=0
2026-01-09-22-00-02 iter1 factor=1.153 new_exposure=215237112
2026-01-09-22-09-33 iter2 exposure_us=215237112 mean=171.11417378636108 returncode=0
2026-01-09-22-20-32 final reuse exposure_us=215237112 mean=171.11417378636108
Iteration 1: running shutter 186615627us -> rpicam-still --camera 0 --width 9248 --height 6944 --shutter 186615627 --nopreview 1 -t 191615ms -o /media/pi/USB DISK/winter_images/rpicam_2026-01-09-22-00-02_iter1.jpg --quality 95 --metadata - --metadata-format json
Adjusting exposure: 186615627 -> 215237112 (factor 1.153)
Iteration 2: running shutter 215237112us -> rpicam-still --camera 0 --width 9248 --height 6944 --shutter 215237112 --nopreview 1 -t 220237ms -o /media/pi/USB DISK/winter_images/rpicam_2026-01-09-22-09-33_iter2.jpg --quality 95 --metadata - --metadata-format json
Mean brightness 171.11417378636108 within tolerance 5.0% of target 170.0 -> reusing image
Capture complete. Final exposure (us): 215237112
2026-01-09-22-30-01 iter1 exposure_us=215237112 mean=173.9982417109989 returncode=0
2026-01-09-22-40-59 final reuse exposure_us=215237112 mean=173.9982417109989
Iteration 1: running shutter 215237112us -> rpicam-still --camera 0 --width 9248 --height 6944 --shutter 215237112 --nopreview 1 -t 220237ms -o /media/pi/USB DISK/winter_images/rpicam_2026-01-09-22-30-01_iter1.jpg --quality 95 --metadata - --metadata-format json
Mean brightness 173.9982417109989 within tolerance 5.0% of target 170.0 -> reusing image
Capture complete. Final exposure (us): 215237112
2026-01-09-23-00-01 iter1 exposure_us=215237112 mean=174.5148882296633 returncode=0
2026-01-09-23-07-25 final reuse exposure_us=215237112 mean=174.5148882296633
Iteration 1: running shutter 215237112us -> rpicam-still --camera 0 --width 9248 --height 6944 --shutter 215237112 --nopreview 1 -t 220237ms -o /media/pi/USB DISK/winter_images/rpicam_2026-01-09-23-00-01_iter1.jpg --quality 95 --metadata - --metadata-format json
Mean brightness 174.5148882296633 within tolerance 5.0% of target 170.0 -> reusing image
Capture complete. Final exposure (us): 215237112
2026-01-09-23-30-01 iter1 exposure_us=215237112 mean=177.30682741031066 returncode=0
2026-01-09-23-40-58 final reuse exposure_us=215237112 mean=177.30682741031066
Iteration 1: running shutter 215237112us -> rpicam-still --camera 0 --width 9248 --height 6944 --shutter 215237112 --nopreview 1 -t 220237ms -o /media/pi/USB DISK/winter_images/rpicam_2026-01-09-23-30-01_iter1.jpg --quality 95 --metadata - --metadata-format json
Mean brightness 177.30682741031066 within tolerance 5.0% of target 170.0 -> reusing image
Capture complete. Final exposure (us): 215237112
2026-01-10-00-00-01 iter1 exposure_us=215237112 mean=121.13536997163666 returncode=0
2026-01-10-00-00-01 iter1 factor=2.764 new_exposure=240000000
2026-01-10-00-11-01 final exposure_us=240000000 mean=128.40379084953477 returncode=0
Iteration 1: running shutter 215237112us -> rpicam-still --camera 0 --width 9248 --height 6944 --shutter 215237112 --nopreview 1 -t 220237ms -o /media/pi/USB DISK/winter_images/rpicam_2026-01-10-00-00-01_iter1.jpg --quality 95 --metadata - --metadata-format json
Adjusting exposure: 215237112 -> 240000000 (factor 2.764)
Reached MaxExposure without achieving target brightness; stopping loop early
Final capture attempt 1: rpicam-still --camera 0 --width 9248 --height 6944 --shutter 240000000 --nopreview 1 -t 245000ms -o /media/pi/USB DISK/winter_images/rpicam_2026-01-10-00-11-01_ex240000000us.jpg --quality 95 --metadata - --metadata-format json
Capture complete. Final exposure (us): 240000000
2026-01-10-00-30-01 iter1 exposure_us=240000000 mean=130.21906791654044 returncode=0
2026-01-10-00-30-01 iter1 factor=2.225 new_exposure=240000000
2026-01-10-00-42-13 final exposure_us=240000000 mean=124.08781424467914 returncode=0
Iteration 1: running shutter 240000000us -> rpicam-still --camera 0 --width 9248 --height 6944 --shutter 240000000 --nopreview 1 -t 245000ms -o /media/pi/USB DISK/winter_images/rpicam_2026-01-10-00-30-01_iter1.jpg --quality 95 --metadata - --metadata-format json
Adjusting exposure: 240000000 -> 240000000 (factor 2.225)
Reached MaxExposure without achieving target brightness; stopping loop early
Final capture attempt 1: rpicam-still --camera 0 --width 9248 --height 6944 --shutter 240000000 --nopreview 1 -t 245000ms -o /media/pi/USB DISK/winter_images/rpicam_2026-01-10-00-42-13_ex240000000us.jpg --quality 95 --metadata - --metadata-format json
Capture complete. Final exposure (us): 240000000
2026-01-10-01-00-02 iter1 exposure_us=240000000 mean=118.05614380254592 returncode=0
2026-01-10-01-00-02 iter1 factor=2.986 new_exposure=240000000
2026-01-10-01-12-15 final exposure_us=240000000 mean=118.89278007737131 returncode=0
Iteration 1: running shutter 240000000us -> rpicam-still --camera 0 --width 9248 --height 6944 --shutter 240000000 --nopreview 1 -t 245000ms -o /media/pi/USB DISK/winter_images/rpicam_2026-01-10-01-00-02_iter1.jpg --quality 95 --metadata - --metadata-format json
Adjusting exposure: 240000000 -> 240000000 (factor 2.986)
Reached MaxExposure without achieving target brightness; stopping loop early
Final capture attempt 1: rpicam-still --camera 0 --width 9248 --height 6944 --shutter 240000000 --nopreview 1 -t 245000ms -o /media/pi/USB DISK/winter_images/rpicam_2026-01-10-01-12-15_ex240000000us.jpg --quality 95 --metadata - --metadata-format json
Capture complete. Final exposure (us): 240000000
2026-01-10-01-30-01 iter1 exposure_us=240000000 mean=123.13391028998174 returncode=0
2026-01-10-01-30-01 iter1 factor=2.632 new_exposure=240000000
2026-01-10-01-42-12 final exposure_us=240000000 mean=122.74271772424576 returncode=0
Iteration 1: running shutter 240000000us -> rpicam-still --camera 0 --width 9248 --height 6944 --shutter 240000000 --nopreview 1 -t 245000ms -o /media/pi/USB DISK/winter_images/rpicam_2026-01-10-01-30-01_iter1.jpg --quality 95 --metadata - --metadata-format json
Adjusting exposure: 240000000 -> 240000000 (factor 2.632)
Reached MaxExposure without achieving target brightness; stopping loop early
Final capture attempt 1: rpicam-still --camera 0 --width 9248 --height 6944 --shutter 240000000 --nopreview 1 -t 245000ms -o /media/pi/USB DISK/winter_images/rpicam_2026-01-10-01-42-12_ex240000000us.jpg --quality 95 --metadata - --metadata-format json
Capture complete. Final exposure (us): 240000000
2026-01-10-02-00-01 iter1 exposure_us=240000000 mean=123.82839439440387 returncode=0
2026-01-10-02-00-01 iter1 factor=2.588 new_exposure=240000000
2026-01-10-02-12-13 final exposure_us=240000000 mean=126.00428670341476 returncode=0
Iteration 1: running shutter 240000000us -> rpicam-still --camera 0 --width 9248 --height 6944 --shutter 240000000 --nopreview 1 -t 245000ms -o /media/pi/USB DISK/winter_images/rpicam_2026-01-10-02-00-01_iter1.jpg --quality 95 --metadata - --metadata-format json
Adjusting exposure: 240000000 -> 240000000 (factor 2.588)
Reached MaxExposure without achieving target brightness; stopping loop early
Final capture attempt 1: rpicam-still --camera 0 --width 9248 --height 6944 --shutter 240000000 --nopreview 1 -t 245000ms -o /media/pi/USB DISK/winter_images/rpicam_2026-01-10-02-12-13_ex240000000us.jpg --quality 95 --metadata - --metadata-format json
Capture complete. Final exposure (us): 240000000
2026-01-10-02-30-01 iter1 exposure_us=240000000 mean=127.22744877644487 returncode=0
2026-01-10-02-30-01 iter1 factor=2.386 new_exposure=240000000
2026-01-10-02-42-14 final exposure_us=240000000 mean=128.05371722856006 returncode=0
Iteration 1: running shutter 240000000us -> rpicam-still --camera 0 --width 9248 --height 6944 --shutter 240000000 --nopreview 1 -t 245000ms -o /media/pi/USB DISK/winter_images/rpicam_2026-01-10-02-30-01_iter1.jpg --quality 95 --metadata - --metadata-format json
Adjusting exposure: 240000000 -> 240000000 (factor 2.386)
Reached MaxExposure without achieving target brightness; stopping loop early
Final capture attempt 1: rpicam-still --camera 0 --width 9248 --height 6944 --shutter 240000000 --nopreview 1 -t 245000ms -o /media/pi/USB DISK/winter_images/rpicam_2026-01-10-02-42-14_ex240000000us.jpg --quality 95 --metadata - --metadata-format json
Capture complete. Final exposure (us): 240000000
2026-01-10-03-00-02 iter1 exposure_us=240000000 mean=137.39110973863572 returncode=0
2026-01-10-03-00-02 iter1 factor=1.894 new_exposure=240000000
2026-01-10-03-08-15 final exposure_us=240000000 mean=136.60667696054347 returncode=0
Iteration 1: running shutter 240000000us -> rpicam-still --camera 0 --width 9248 --height 6944 --shutter 240000000 --nopreview 1 -t 245000ms -o /media/pi/USB DISK/winter_images/rpicam_2026-01-10-03-00-02_iter1.jpg --quality 95 --metadata - --metadata-format json
Adjusting exposure: 240000000 -> 240000000 (factor 1.894)
Reached MaxExposure without achieving target brightness; stopping loop early
Final capture attempt 1: rpicam-still --camera 0 --width 9248 --height 6944 --shutter 240000000 --nopreview 1 -t 245000ms -o /media/pi/USB DISK/winter_images/rpicam_2026-01-10-03-08-15_ex240000000us.jpg --quality 95 --metadata - --metadata-format json
Capture complete. Final exposure (us): 240000000
2026-01-10-03-30-01 iter1 exposure_us=240000000 mean=135.73905964410787 returncode=0
2026-01-10-03-30-01 iter1 factor=1.964 new_exposure=240000000
2026-01-10-03-42-14 final exposure_us=240000000 mean=138.13062839654955 returncode=0
Iteration 1: running shutter 240000000us -> rpicam-still --camera 0 --width 9248 --height 6944 --shutter 240000000 --nopreview 1 -t 245000ms -o /media/pi/USB DISK/winter_images/rpicam_2026-01-10-03-30-01_iter1.jpg --quality 95 --metadata - --metadata-format json
Adjusting exposure: 240000000 -> 240000000 (factor 1.964)
Reached MaxExposure without achieving target brightness; stopping loop early
Final capture attempt 1: rpicam-still --camera 0 --width 9248 --height 6944 --shutter 240000000 --nopreview 1 -t 245000ms -o /media/pi/USB DISK/winter_images/rpicam_2026-01-10-03-42-14_ex240000000us.jpg --quality 95 --metadata - --metadata-format json
Capture complete. Final exposure (us): 240000000
2026-01-10-04-00-01 iter1 exposure_us=240000000 mean=140.75743030252897 returncode=0
2026-01-10-04-00-01 iter1 factor=1.762 new_exposure=240000000
2026-01-10-04-12-15 final exposure_us=240000000 mean=140.88980738019828 returncode=0
Iteration 1: running shutter 240000000us -> rpicam-still --camera 0 --width 9248 --height 6944 --shutter 240000000 --nopreview 1 -t 245000ms -o /media/pi/USB DISK/winter_images/rpicam_2026-01-10-04-00-01_iter1.jpg --quality 95 --metadata - --metadata-format json
Adjusting exposure: 240000000 -> 240000000 (factor 1.762)
Reached MaxExposure without achieving target brightness; stopping loop early
Final capture attempt 1: rpicam-still --camera 0 --width 9248 --height 6944 --shutter 240000000 --nopreview 1 -t 245000ms -o /media/pi/USB DISK/winter_images/rpicam_2026-01-10-04-12-15_ex240000000us.jpg --quality 95 --metadata - --metadata-format json
Capture complete. Final exposure (us): 240000000
2026-01-10-04-30-02 iter1 exposure_us=240000000 mean=144.45438501835744 returncode=0
2026-01-10-04-30-02 iter1 factor=1.630 new_exposure=240000000
2026-01-10-04-42-13 final exposure_us=240000000 mean=155.02566601459725 returncode=0
Iteration 1: running shutter 240000000us -> rpicam-still --camera 0 --width 9248 --height 6944 --shutter 240000000 --nopreview 1 -t 245000ms -o /media/pi/USB DISK/winter_images/rpicam_2026-01-10-04-30-02_iter1.jpg --quality 95 --metadata - --metadata-format json
Adjusting exposure: 240000000 -> 240000000 (factor 1.630)
Reached MaxExposure without achieving target brightness; stopping loop early
Final capture attempt 1: rpicam-still --camera 0 --width 9248 --height 6944 --shutter 240000000 --nopreview 1 -t 245000ms -o /media/pi/USB DISK/winter_images/rpicam_2026-01-10-04-42-13_ex240000000us.jpg --quality 95 --metadata - --metadata-format json
Capture complete. Final exposure (us): 240000000
2026-01-10-05-00-01 iter1 exposure_us=240000000 mean=143.10156703143187 returncode=0
2026-01-10-05-00-01 iter1 factor=1.677 new_exposure=240000000
2026-01-10-05-12-12 final exposure_us=240000000 mean=140.2258140195713 returncode=0
Iteration 1: running shutter 240000000us -> rpicam-still --camera 0 --width 9248 --height 6944 --shutter 240000000 --nopreview 1 -t 245000ms -o /media/pi/USB DISK/winter_images/rpicam_2026-01-10-05-00-01_iter1.jpg --quality 95 --metadata - --metadata-format json
Adjusting exposure: 240000000 -> 240000000 (factor 1.677)
Reached MaxExposure without achieving target brightness; stopping loop early
Final capture attempt 1: rpicam-still --camera 0 --width 9248 --height 6944 --shutter 240000000 --nopreview 1 -t 245000ms -o /media/pi/USB DISK/winter_images/rpicam_2026-01-10-05-12-12_ex240000000us.jpg --quality 95 --metadata - --metadata-format json
Capture complete. Final exposure (us): 240000000
2026-01-10-05-30-01 iter1 exposure_us=240000000 mean=139.5329878586278 returncode=0
2026-01-10-05-30-01 iter1 factor=1.808 new_exposure=240000000
2026-01-10-05-38-14 final exposure_us=240000000 mean=141.27303560403644 returncode=0
Iteration 1: running shutter 240000000us -> rpicam-still --camera 0 --width 9248 --height 6944 --shutter 240000000 --nopreview 1 -t 245000ms -o /media/pi/USB DISK/winter_images/rpicam_2026-01-10-05-30-01_iter1.jpg --quality 95 --metadata - --metadata-format json
Adjusting exposure: 240000000 -> 240000000 (factor 1.808)
Reached MaxExposure without achieving target brightness; stopping loop early
Final capture attempt 1: rpicam-still --camera 0 --width 9248 --height 6944 --shutter 240000000 --nopreview 1 -t 245000ms -o /media/pi/USB DISK/winter_images/rpicam_2026-01-10-05-38-14_ex240000000us.jpg --quality 95 --metadata - --metadata-format json
Capture complete. Final exposure (us): 240000000
2026-01-10-06-00-01 iter1 exposure_us=240000000 mean=144.59408977953134 returncode=0
2026-01-10-06-00-01 iter1 factor=1.625 new_exposure=240000000
2026-01-10-06-12-14 final exposure_us=240000000 mean=144.65015858765827 returncode=0
Iteration 1: running shutter 240000000us -> rpicam-still --camera 0 --width 9248 --height 6944 --shutter 240000000 --nopreview 1 -t 245000ms -o /media/pi/USB DISK/winter_images/rpicam_2026-01-10-06-00-01_iter1.jpg --quality 95 --metadata - --metadata-format json
Adjusting exposure: 240000000 -> 240000000 (factor 1.625)
Reached MaxExposure without achieving target brightness; stopping loop early
Final capture attempt 1: rpicam-still --camera 0 --width 9248 --height 6944 --shutter 240000000 --nopreview 1 -t 245000ms -o /media/pi/USB DISK/winter_images/rpicam_2026-01-10-06-12-14_ex240000000us.jpg --quality 95 --metadata - --metadata-format json
Capture complete. Final exposure (us): 240000000
2026-01-10-06-30-01 iter1 exposure_us=240000000 mean=147.55634130134501 returncode=0
2026-01-10-06-30-01 iter1 factor=1.529 new_exposure=240000000
2026-01-10-06-42-15 final exposure_us=240000000 mean=150.20551848363277 returncode=0
Iteration 1: running shutter 240000000us -> rpicam-still --camera 0 --width 9248 --height 6944 --shutter 240000000 --nopreview 1 -t 245000ms -o /media/pi/USB DISK/winter_images/rpicam_2026-01-10-06-30-01_iter1.jpg --quality 95 --metadata - --metadata-format json
Adjusting exposure: 240000000 -> 240000000 (factor 1.529)
Reached MaxExposure without achieving target brightness; stopping loop early
Final capture attempt 1: rpicam-still --camera 0 --width 9248 --height 6944 --shutter 240000000 --nopreview 1 -t 245000ms -o /media/pi/USB DISK/winter_images/rpicam_2026-01-10-06-42-15_ex240000000us.jpg --quality 95 --metadata - --metadata-format json
Capture complete. Final exposure (us): 240000000
2026-01-10-07-00-01 iter1 exposure_us=240000000 mean=151.78836852132932 returncode=0
2026-01-10-07-00-01 iter1 factor=1.405 new_exposure=240000000
2026-01-10-07-12-16 final exposure_us=240000000 mean=156.3558513367693 returncode=0
Iteration 1: running shutter 240000000us -> rpicam-still --camera 0 --width 9248 --height 6944 --shutter 240000000 --nopreview 1 -t 245000ms -o /media/pi/USB DISK/winter_images/rpicam_2026-01-10-07-00-01_iter1.jpg --quality 95 --metadata - --metadata-format json
Adjusting exposure: 240000000 -> 240000000 (factor 1.405)
Reached MaxExposure without achieving target brightness; stopping loop early
Final capture attempt 1: rpicam-still --camera 0 --width 9248 --height 6944 --shutter 240000000 --nopreview 1 -t 245000ms -o /media/pi/USB DISK/winter_images/rpicam_2026-01-10-07-12-16_ex240000000us.jpg --quality 95 --metadata - --metadata-format json
Capture complete. Final exposure (us): 240000000
2026-01-10-07-30-01 iter1 exposure_us=240000000 mean=203.62325410625587 returncode=0
2026-01-10-07-30-01 iter1 factor=0.582 new_exposure=139661237
2026-01-10-07-42-15 iter2 exposure_us=139661237 mean=246.1672736034345 returncode=0
2026-01-10-07-42-15 iter2 factor=0.050 new_exposure=6983062 [saturated]
2026-01-10-07-49-25 iter3 exposure_us=6983062 mean=93.3546138509958 returncode=0
2026-01-10-07-49-25 iter3 factor=1.250 new_exposure=8728828
2026-01-10-07-49-57 iter4 exposure_us=8728828 mean=112.99881074049638 returncode=0
2026-01-10-07-49-57 iter4 factor=1.250 new_exposure=10911035
2026-01-10-07-50-37 iter5 exposure_us=10911035 mean=136.18308241450637 returncode=0
2026-01-10-07-50-37 iter5 factor=1.945 new_exposure=21224782
2026-01-10-07-51-23 final exposure_us=21224782 mean=192.39511770448811 returncode=0
Iteration 1: running shutter 240000000us -> rpicam-still --camera 0 --width 9248 --height 6944 --shutter 240000000 --nopreview 1 -t 245000ms -o /media/pi/USB DISK/winter_images/rpicam_2026-01-10-07-30-01_iter1.jpg --quality 95 --metadata - --metadata-format json
Adjusting exposure: 240000000 -> 139661237 (factor 0.582)
Iteration 2: running shutter 139661237us -> rpicam-still --camera 0 --width 9248 --height 6944 --shutter 139661237 --nopreview 1 -t 144661ms -o /media/pi/USB DISK/winter_images/rpicam_2026-01-10-07-42-15_iter2.jpg --quality 95 --metadata - --metadata-format json
Adjusting exposure (saturated): 139661237 -> 6983062 (factor 0.050)
Iteration 3: running shutter 6983062us -> rpicam-still --camera 0 --width 9248 --height 6944 --shutter 6983062 --nopreview 1 -t 11983ms -o /media/pi/USB DISK/winter_images/rpicam_2026-01-10-07-49-25_iter3.jpg --quality 95 --metadata - --metadata-format json
Adjusting exposure: 6983062 -> 8728828 (factor 1.250)
Iteration 4: running shutter 8728828us -> rpicam-still --camera 0 --width 9248 --height 6944 --shutter 8728828 --nopreview 1 -t 13728ms -o /media/pi/USB DISK/winter_images/rpicam_2026-01-10-07-49-57_iter4.jpg --quality 95 --metadata - --metadata-format json
Adjusting exposure: 8728828 -> 10911035 (factor 1.250)
Iteration 5: running shutter 10911035us -> rpicam-still --camera 0 --width 9248 --height 6944 --shutter 10911035 --nopreview 1 -t 15911ms -o /media/pi/USB DISK/winter_images/rpicam_2026-01-10-07-50-37_iter5.jpg --quality 95 --metadata - --metadata-format json
Adjusting exposure: 10911035 -> 21224782 (factor 1.945)
Final capture attempt 1: rpicam-still --camera 0 --width 9248 --height 6944 --shutter 21224782 --nopreview 1 -t 26224ms -o /media/pi/USB DISK/winter_images/rpicam_2026-01-10-07-51-23_ex21224782us.jpg --quality 95 --metadata - --metadata-format json
Capture complete. Final exposure (us): 21224782
2026-01-10-08-00-01 iter1 exposure_us=21224782 mean=249.50743123684484 returncode=0
2026-01-10-08-00-01 iter1 factor=0.050 new_exposure=1061239 [saturated]
2026-01-10-08-01-16 iter2 exposure_us=1061239 mean=139.69392703416756 returncode=0
2026-01-10-08-01-16 iter2 factor=1.250 new_exposure=1326549
2026-01-10-08-01-33 iter3 exposure_us=1326549 mean=142.98597506261163 returncode=0
2026-01-10-08-01-33 iter3 factor=1.250 new_exposure=1658186
2026-01-10-08-01-48 iter4 exposure_us=1658186 mean=141.0136918537873 returncode=0
2026-01-10-08-01-48 iter4 factor=1.752 new_exposure=2905335
2026-01-10-08-02-05 iter5 exposure_us=2905335 mean=155.23439893405774 returncode=0
2026-01-10-08-02-05 iter5 factor=1.282 new_exposure=3725684
2026-01-10-08-02-25 final exposure_us=3725684 mean=175.20551434149917 returncode=0
Iteration 1: running shutter 21224782us -> rpicam-still --camera 0 --width 9248 --height 6944 --shutter 21224782 --nopreview 1 -t 26224ms -o /media/pi/USB DISK/winter_images/rpicam_2026-01-10-08-00-01_iter1.jpg --quality 95 --metadata - --metadata-format json
Adjusting exposure (saturated): 21224782 -> 1061239 (factor 0.050)
Iteration 2: running shutter 1061239us -> rpicam-still --camera 0 --width 9248 --height 6944 --shutter 1061239 --nopreview 1 -t 6061ms -o /media/pi/USB DISK/winter_images/rpicam_2026-01-10-08-01-16_iter2.jpg --quality 95 --metadata - --metadata-format json
Adjusting exposure: 1061239 -> 1326549 (factor 1.250)
Iteration 3: running shutter 1326549us -> rpicam-still --camera 0 --width 9248 --height 6944 --shutter 1326549 --nopreview 1 -t 6326ms -o /media/pi/USB DISK/winter_images/rpicam_2026-01-10-08-01-33_iter3.jpg --quality 95 --metadata - --metadata-format json
Adjusting exposure: 1326549 -> 1658186 (factor 1.250)
Iteration 4: running shutter 1658186us -> rpicam-still --camera 0 --width 9248 --height 6944 --shutter 1658186 --nopreview 1 -t 6658ms -o /media/pi/USB DISK/winter_images/rpicam_2026-01-10-08-01-48_iter4.jpg --quality 95 --metadata - --metadata-format json
Adjusting exposure: 1658186 -> 2905335 (factor 1.752)
Iteration 5: running shutter 2905335us -> rpicam-still --camera 0 --width 9248 --height 6944 --shutter 2905335 --nopreview 1 -t 7905ms -o /media/pi/USB DISK/winter_images/rpicam_2026-01-10-08-02-05_iter5.jpg --quality 95 --metadata - --metadata-format json
Adjusting exposure: 2905335 -> 3725684 (factor 1.282)
Final capture attempt 1: rpicam-still --camera 0 --width 9248 --height 6944 --shutter 3725684 --nopreview 1 -t 8725ms -o /media/pi/USB DISK/winter_images/rpicam_2026-01-10-08-02-25_ex3725684us.jpg --quality 95 --metadata - --metadata-format json
Capture complete. Final exposure (us): 3725684
2026-01-10-08-30-01 iter1 exposure_us=3725684 mean=252.58855800681278 returncode=0
2026-01-10-08-30-01 iter1 factor=0.050 new_exposure=186284 [saturated]
2026-01-10-08-30-23 iter2 exposure_us=186284 mean=140.01393069606283 returncode=0
2026-01-10-08-30-23 iter2 factor=1.250 new_exposure=232855
2026-01-10-08-30-35 iter3 exposure_us=232855 mean=138.18935405637586 returncode=0
2026-01-10-08-30-35 iter3 factor=1.250 new_exposure=291069
2026-01-10-08-30-50 iter4 exposure_us=291069 mean=141.81834659044478 returncode=0
2026-01-10-08-30-50 iter4 factor=1.722 new_exposure=501355
2026-01-10-08-31-02 iter5 exposure_us=501355 mean=173.92623132551765 returncode=0
2026-01-10-08-31-16 final reuse exposure_us=501355 mean=173.92623132551765
Iteration 1: running shutter 3725684us -> rpicam-still --camera 0 --width 9248 --height 6944 --shutter 3725684 --nopreview 1 -t 8725ms -o /media/pi/USB DISK/winter_images/rpicam_2026-01-10-08-30-01_iter1.jpg --quality 95 --metadata - --metadata-format json
Adjusting exposure (saturated): 3725684 -> 186284 (factor 0.050)
Iteration 2: running shutter 186284us -> rpicam-still --camera 0 --width 9248 --height 6944 --shutter 186284 --nopreview 1 -t 5186ms -o /media/pi/USB DISK/winter_images/rpicam_2026-01-10-08-30-23_iter2.jpg --quality 95 --metadata - --metadata-format json
Adjusting exposure: 186284 -> 232855 (factor 1.250)
Iteration 3: running shutter 232855us -> rpicam-still --camera 0 --width 9248 --height 6944 --shutter 232855 --nopreview 1 -t 5232ms -o /media/pi/USB DISK/winter_images/rpicam_2026-01-10-08-30-35_iter3.jpg --quality 95 --metadata - --metadata-format json
Adjusting exposure: 232855 -> 291069 (factor 1.250)
Iteration 4: running shutter 291069us -> rpicam-still --camera 0 --width 9248 --height 6944 --shutter 291069 --nopreview 1 -t 5291ms -o /media/pi/USB DISK/winter_images/rpicam_2026-01-10-08-30-50_iter4.jpg --quality 95 --metadata - --metadata-format json
Adjusting exposure: 291069 -> 501355 (factor 1.722)
Iteration 5: running shutter 501355us -> rpicam-still --camera 0 --width 9248 --height 6944 --shutter 501355 --nopreview 1 -t 5501ms -o /media/pi/USB DISK/winter_images/rpicam_2026-01-10-08-31-02_iter5.jpg --quality 95 --metadata - --metadata-format json
Mean brightness 173.92623132551765 within tolerance 5.0% of target 170.0 -> reusing image
Capture complete. Final exposure (us): 501355
2026-01-10-09-00-01 iter1 exposure_us=501355 mean=251.6303608707774 returncode=0
2026-01-10-09-00-01 iter1 factor=0.050 new_exposure=25068 [saturated]
2026-01-10-09-00-13 iter2 exposure_us=25068 mean=152.28506641553088 returncode=0
2026-01-10-09-00-13 iter2 factor=1.250 new_exposure=31335
2026-01-10-09-00-26 iter3 exposure_us=31335 mean=153.96875492073016 returncode=0
2026-01-10-09-00-26 iter3 factor=1.250 new_exposure=39169
2026-01-10-09-00-38 iter4 exposure_us=39169 mean=157.37160366844793 returncode=0
2026-01-10-09-00-38 iter4 factor=1.212 new_exposure=47454
2026-01-10-09-00-52 iter5 exposure_us=47454 mean=165.3001450431928 returncode=0
2026-01-10-09-01-04 final reuse exposure_us=47454 mean=165.3001450431928
Iteration 1: running shutter 501355us -> rpicam-still --camera 0 --width 9248 --height 6944 --shutter 501355 --nopreview 1 -t 5501ms -o /media/pi/USB DISK/winter_images/rpicam_2026-01-10-09-00-01_iter1.jpg --quality 95 --metadata - --metadata-format json
Adjusting exposure (saturated): 501355 -> 25068 (factor 0.050)
Iteration 2: running shutter 25068us -> rpicam-still --camera 0 --width 9248 --height 6944 --shutter 25068 --nopreview 1 -t 5025ms -o /media/pi/USB DISK/winter_images/rpicam_2026-01-10-09-00-13_iter2.jpg --quality 95 --metadata - --metadata-format json
Adjusting exposure: 25068 -> 31335 (factor 1.250)
Iteration 3: running shutter 31335us -> rpicam-still --camera 0 --width 9248 --height 6944 --shutter 31335 --nopreview 1 -t 5031ms -o /media/pi/USB DISK/winter_images/rpicam_2026-01-10-09-00-26_iter3.jpg --quality 95 --metadata - --metadata-format json
Adjusting exposure: 31335 -> 39169 (factor 1.250)
Iteration 4: running shutter 39169us -> rpicam-still --camera 0 --width 9248 --height 6944 --shutter 39169 --nopreview 1 -t 5039ms -o /media/pi/USB DISK/winter_images/rpicam_2026-01-10-09-00-38_iter4.jpg --quality 95 --metadata - --metadata-format json
Adjusting exposure: 39169 -> 47454 (factor 1.212)
Iteration 5: running shutter 47454us -> rpicam-still --camera 0 --width 9248 --height 6944 --shutter 47454 --nopreview 1 -t 5047ms -o /media/pi/USB DISK/winter_images/rpicam_2026-01-10-09-00-52_iter5.jpg --quality 95 --metadata - --metadata-format json
Mean brightness 165.3001450431928 within tolerance 5.0% of target 170.0 -> reusing image
Capture complete. Final exposure (us): 47454
2026-01-10-09-30-01 iter1 exposure_us=47454 mean=202.5499927964248 returncode=0
2026-01-10-09-30-01 iter1 factor=0.591 new_exposure=28056
2026-01-10-09-30-15 iter2 exposure_us=28056 mean=171.51183966604313 returncode=0
2026-01-10-09-30-27 final reuse exposure_us=28056 mean=171.51183966604313
Iteration 1: running shutter 47454us -> rpicam-still --camera 0 --width 9248 --height 6944 --shutter 47454 --nopreview 1 -t 5047ms -o /media/pi/USB DISK/winter_images/rpicam_2026-01-10-09-30-01_iter1.jpg --quality 95 --metadata - --metadata-format json
Adjusting exposure: 47454 -> 28056 (factor 0.591)
Iteration 2: running shutter 28056us -> rpicam-still --camera 0 --width 9248 --height 6944 --shutter 28056 --nopreview 1 -t 5028ms -o /media/pi/USB DISK/winter_images/rpicam_2026-01-10-09-30-15_iter2.jpg --quality 95 --metadata - --metadata-format json
Mean brightness 171.51183966604313 within tolerance 5.0% of target 170.0 -> reusing image
Capture complete. Final exposure (us): 28056
2026-01-10-10-00-01 iter1 exposure_us=28056 mean=213.6994800781437 returncode=0
2026-01-10-10-00-01 iter1 factor=0.503 new_exposure=14124
2026-01-10-10-00-15 iter2 exposure_us=14124 mean=173.5414449898496 returncode=0
2026-01-10-10-00-29 final reuse exposure_us=14124 mean=173.5414449898496
Iteration 1: running shutter 28056us -> rpicam-still --camera 0 --width 9248 --height 6944 --shutter 28056 --nopreview 1 -t 5028ms -o /media/pi/USB DISK/winter_images/rpicam_2026-01-10-10-00-01_iter1.jpg --quality 95 --metadata - --metadata-format json
Adjusting exposure: 28056 -> 14124 (factor 0.503)
Iteration 2: running shutter 14124us -> rpicam-still --camera 0 --width 9248 --height 6944 --shutter 14124 --nopreview 1 -t 5014ms -o /media/pi/USB DISK/winter_images/rpicam_2026-01-10-10-00-15_iter2.jpg --quality 95 --metadata - --metadata-format json
Mean brightness 173.5414449898496 within tolerance 5.0% of target 170.0 -> reusing image
Capture complete. Final exposure (us): 14124
2026-01-10-10-30-01 iter1 exposure_us=14124 mean=187.2260209082447 returncode=0
2026-01-10-10-30-01 iter1 factor=0.749 new_exposure=10573
2026-01-10-10-30-15 iter2 exposure_us=10573 mean=168.4974006398693 returncode=0
2026-01-10-10-30-26 final reuse exposure_us=10573 mean=168.4974006398693
Iteration 1: running shutter 14124us -> rpicam-still --camera 0 --width 9248 --height 6944 --shutter 14124 --nopreview 1 -t 5014ms -o /media/pi/USB DISK/winter_images/rpicam_2026-01-10-10-30-01_iter1.jpg --quality 95 --metadata - --metadata-format json
Adjusting exposure: 14124 -> 10573 (factor 0.749)
Iteration 2: running shutter 10573us -> rpicam-still --camera 0 --width 9248 --height 6944 --shutter 10573 --nopreview 1 -t 5010ms -o /media/pi/USB DISK/winter_images/rpicam_2026-01-10-10-30-15_iter2.jpg --quality 95 --metadata - --metadata-format json
Mean brightness 168.4974006398693 within tolerance 5.0% of target 170.0 -> reusing image
Capture complete. Final exposure (us): 10573
2026-01-10-11-00-01 iter1 exposure_us=10573 mean=156.00063111478582 returncode=0
2026-01-10-11-00-01 iter1 factor=1.255 new_exposure=13274
2026-01-10-11-00-14 iter2 exposure_us=13274 mean=157.65138285286244 returncode=0
2026-01-10-11-00-14 iter2 factor=1.203 new_exposure=15971
2026-01-10-11-00-26 iter3 exposure_us=15971 mean=166.97815164668808 returncode=0
2026-01-10-11-00-39 final reuse exposure_us=15971 mean=166.97815164668808
Iteration 1: running shutter 10573us -> rpicam-still --camera 0 --width 9248 --height 6944 --shutter 10573 --nopreview 1 -t 5010ms -o /media/pi/USB DISK/winter_images/rpicam_2026-01-10-11-00-01_iter1.jpg --quality 95 --metadata - --metadata-format json
Adjusting exposure: 10573 -> 13274 (factor 1.255)
Iteration 2: running shutter 13274us -> rpicam-still --camera 0 --width 9248 --height 6944 --shutter 13274 --nopreview 1 -t 5013ms -o /media/pi/USB DISK/winter_images/rpicam_2026-01-10-11-00-14_iter2.jpg --quality 95 --metadata - --metadata-format json
Adjusting exposure: 13274 -> 15971 (factor 1.203)
Iteration 3: running shutter 15971us -> rpicam-still --camera 0 --width 9248 --height 6944 --shutter 15971 --nopreview 1 -t 5015ms -o /media/pi/USB DISK/winter_images/rpicam_2026-01-10-11-00-26_iter3.jpg --quality 95 --metadata - --metadata-format json
Mean brightness 166.97815164668808 within tolerance 5.0% of target 170.0 -> reusing image
Capture complete. Final exposure (us): 15971
2026-01-10-11-30-01 iter1 exposure_us=15971 mean=146.40911294620435 returncode=0
2026-01-10-11-30-01 iter1 factor=1.565 new_exposure=25002
2026-01-10-11-30-13 iter2 exposure_us=25002 mean=153.73255437655968 returncode=0
2026-01-10-11-30-13 iter2 factor=1.341 new_exposure=33517
2026-01-10-11-30-26 iter3 exposure_us=33517 mean=161.01732307234445 returncode=0
2026-01-10-11-30-26 iter3 factor=1.118 new_exposure=37476
2026-01-10-11-30-38 iter4 exposure_us=37476 mean=166.78417272684692 returncode=0
2026-01-10-11-30-50 final reuse exposure_us=37476 mean=166.78417272684692
Iteration 1: running shutter 15971us -> rpicam-still --camera 0 --width 9248 --height 6944 --shutter 15971 --nopreview 1 -t 5015ms -o /media/pi/USB DISK/winter_images/rpicam_2026-01-10-11-30-01_iter1.jpg --quality 95 --metadata - --metadata-format json
Adjusting exposure: 15971 -> 25002 (factor 1.565)
Iteration 2: running shutter 25002us -> rpicam-still --camera 0 --width 9248 --height 6944 --shutter 25002 --nopreview 1 -t 5025ms -o /media/pi/USB DISK/winter_images/rpicam_2026-01-10-11-30-13_iter2.jpg --quality 95 --metadata - --metadata-format json
Adjusting exposure: 25002 -> 33517 (factor 1.341)
Iteration 3: running shutter 33517us -> rpicam-still --camera 0 --width 9248 --height 6944 --shutter 33517 --nopreview 1 -t 5033ms -o /media/pi/USB DISK/winter_images/rpicam_2026-01-10-11-30-26_iter3.jpg --quality 95 --metadata - --metadata-format json
Adjusting exposure: 33517 -> 37476 (factor 1.118)
Iteration 4: running shutter 37476us -> rpicam-still --camera 0 --width 9248 --height 6944 --shutter 37476 --nopreview 1 -t 5037ms -o /media/pi/USB DISK/winter_images/rpicam_2026-01-10-11-30-38_iter4.jpg --quality 95 --metadata - --metadata-format json
Mean brightness 166.78417272684692 within tolerance 5.0% of target 170.0 -> reusing image
Capture complete. Final exposure (us): 37476
2026-01-10-12-00-01 iter1 exposure_us=37476 mean=218.27884650361568 returncode=0
2026-01-10-12-00-01 iter1 factor=0.472 new_exposure=17704
2026-01-10-12-00-15 iter2 exposure_us=17704 mean=176.05244078181556 returncode=0
2026-01-10-12-00-27 final reuse exposure_us=17704 mean=176.05244078181556
Iteration 1: running shutter 37476us -> rpicam-still --camera 0 --width 9248 --height 6944 --shutter 37476 --nopreview 1 -t 5037ms -o /media/pi/USB DISK/winter_images/rpicam_2026-01-10-12-00-01_iter1.jpg --quality 95 --metadata - --metadata-format json
Adjusting exposure: 37476 -> 17704 (factor 0.472)
Iteration 2: running shutter 17704us -> rpicam-still --camera 0 --width 9248 --height 6944 --shutter 17704 --nopreview 1 -t 5017ms -o /media/pi/USB DISK/winter_images/rpicam_2026-01-10-12-00-15_iter2.jpg --quality 95 --metadata - --metadata-format json
Mean brightness 176.05244078181556 within tolerance 5.0% of target 170.0 -> reusing image
Capture complete. Final exposure (us): 17704
2026-01-10-12-30-01 iter1 exposure_us=17704 mean=168.00856333179027 returncode=0
2026-01-10-12-30-15 final reuse exposure_us=17704 mean=168.00856333179027
Iteration 1: running shutter 17704us -> rpicam-still --camera 0 --width 9248 --height 6944 --shutter 17704 --nopreview 1 -t 5017ms -o /media/pi/USB DISK/winter_images/rpicam_2026-01-10-12-30-01_iter1.jpg --quality 95 --metadata - --metadata-format json
Mean brightness 168.00856333179027 within tolerance 5.0% of target 170.0 -> reusing image
Capture complete. Final exposure (us): 17704
2026-01-10-13-00-01 iter1 exposure_us=17704 mean=157.52752633088932 returncode=0
2026-01-10-13-00-01 iter1 factor=1.207 new_exposure=21366
2026-01-10-13-00-13 iter2 exposure_us=21366 mean=167.2023646070442 returncode=0
2026-01-10-13-00-27 final reuse exposure_us=21366 mean=167.2023646070442
Iteration 1: running shutter 17704us -> rpicam-still --camera 0 --width 9248 --height 6944 --shutter 17704 --nopreview 1 -t 5017ms -o /media/pi/USB DISK/winter_images/rpicam_2026-01-10-13-00-01_iter1.jpg --quality 95 --metadata - --metadata-format json
Adjusting exposure: 17704 -> 21366 (factor 1.207)
Iteration 2: running shutter 21366us -> rpicam-still --camera 0 --width 9248 --height 6944 --shutter 21366 --nopreview 1 -t 5021ms -o /media/pi/USB DISK/winter_images/rpicam_2026-01-10-13-00-13_iter2.jpg --quality 95 --metadata - --metadata-format json
Mean brightness 167.2023646070442 within tolerance 5.0% of target 170.0 -> reusing image
Capture complete. Final exposure (us): 21366
2026-01-10-13-30-01 iter1 exposure_us=21366 mean=167.3454786711886 returncode=0
2026-01-10-13-30-13 final reuse exposure_us=21366 mean=167.3454786711886
Iteration 1: running shutter 21366us -> rpicam-still --camera 0 --width 9248 --height 6944 --shutter 21366 --nopreview 1 -t 5021ms -o /media/pi/USB DISK/winter_images/rpicam_2026-01-10-13-30-01_iter1.jpg --quality 95 --metadata - --metadata-format json
Mean brightness 167.3454786711886 within tolerance 5.0% of target 170.0 -> reusing image
Capture complete. Final exposure (us): 21366
2026-01-10-14-00-01 iter1 exposure_us=21366 mean=176.5031018663395 returncode=0
2026-01-10-14-00-15 final reuse exposure_us=21366 mean=176.5031018663395
Iteration 1: running shutter 21366us -> rpicam-still --camera 0 --width 9248 --height 6944 --shutter 21366 --nopreview 1 -t 5021ms -o /media/pi/USB DISK/winter_images/rpicam_2026-01-10-14-00-01_iter1.jpg --quality 95 --metadata - --metadata-format json
Mean brightness 176.5031018663395 within tolerance 5.0% of target 170.0 -> reusing image
Capture complete. Final exposure (us): 21366
2026-01-10-14-30-01 iter1 exposure_us=21366 mean=181.70637923768297 returncode=0
2026-01-10-14-30-01 iter1 factor=0.819 new_exposure=17497
2026-01-10-14-30-13 iter2 exposure_us=17497 mean=170.87306280508528 returncode=0
2026-01-10-14-30-27 final reuse exposure_us=17497 mean=170.87306280508528
Iteration 1: running shutter 21366us -> rpicam-still --camera 0 --width 9248 --height 6944 --shutter 21366 --nopreview 1 -t 5021ms -o /media/pi/USB DISK/winter_images/rpicam_2026-01-10-14-30-01_iter1.jpg --quality 95 --metadata - --metadata-format json
Adjusting exposure: 21366 -> 17497 (factor 0.819)
Iteration 2: running shutter 17497us -> rpicam-still --camera 0 --width 9248 --height 6944 --shutter 17497 --nopreview 1 -t 5017ms -o /media/pi/USB DISK/winter_images/rpicam_2026-01-10-14-30-13_iter2.jpg --quality 95 --metadata - --metadata-format json
Mean brightness 170.87306280508528 within tolerance 5.0% of target 170.0 -> reusing image
Capture complete. Final exposure (us): 17497
2026-01-10-15-00-01 iter1 exposure_us=17497 mean=149.59736729725097 returncode=0
2026-01-10-15-00-01 iter1 factor=1.467 new_exposure=25677
2026-01-10-15-00-13 iter2 exposure_us=25677 mean=156.02477973815238 returncode=0
2026-01-10-15-00-13 iter2 factor=1.255 new_exposure=32215
2026-01-10-15-00-27 iter3 exposure_us=32215 mean=165.21741959651507 returncode=0
2026-01-10-15-00-39 final reuse exposure_us=32215 mean=165.21741959651507
Iteration 1: running shutter 17497us -> rpicam-still --camera 0 --width 9248 --height 6944 --shutter 17497 --nopreview 1 -t 5017ms -o /media/pi/USB DISK/winter_images/rpicam_2026-01-10-15-00-01_iter1.jpg --quality 95 --metadata - --metadata-format json
Adjusting exposure: 17497 -> 25677 (factor 1.467)
Iteration 2: running shutter 25677us -> rpicam-still --camera 0 --width 9248 --height 6944 --shutter 25677 --nopreview 1 -t 5025ms -o /media/pi/USB DISK/winter_images/rpicam_2026-01-10-15-00-13_iter2.jpg --quality 95 --metadata - --metadata-format json
Adjusting exposure: 25677 -> 32215 (factor 1.255)
Iteration 3: running shutter 32215us -> rpicam-still --camera 0 --width 9248 --height 6944 --shutter 32215 --nopreview 1 -t 5032ms -o /media/pi/USB DISK/winter_images/rpicam_2026-01-10-15-00-27_iter3.jpg --quality 95 --metadata - --metadata-format json
Mean brightness 165.21741959651507 within tolerance 5.0% of target 170.0 -> reusing image
Capture complete. Final exposure (us): 32215
2026-01-10-15-30-01 iter1 exposure_us=32215 mean=169.94483430157524 returncode=0
2026-01-10-15-30-15 final reuse exposure_us=32215 mean=169.94483430157524
Iteration 1: running shutter 32215us -> rpicam-still --camera 0 --width 9248 --height 6944 --shutter 32215 --nopreview 1 -t 5032ms -o /media/pi/USB DISK/winter_images/rpicam_2026-01-10-15-30-01_iter1.jpg --quality 95 --metadata - --metadata-format json
Mean brightness 169.94483430157524 within tolerance 5.0% of target 170.0 -> reusing image
Capture complete. Final exposure (us): 32215
2026-01-10-16-00-01 iter1 exposure_us=32215 mean=187.08594463194433 returncode=0
2026-01-10-16-00-01 iter1 factor=0.750 new_exposure=24170
2026-01-10-16-00-13 iter2 exposure_us=24170 mean=172.87513922863383 returncode=0
2026-01-10-16-00-27 final reuse exposure_us=24170 mean=172.87513922863383
Iteration 1: running shutter 32215us -> rpicam-still --camera 0 --width 9248 --height 6944 --shutter 32215 --nopreview 1 -t 5032ms -o /media/pi/USB DISK/winter_images/rpicam_2026-01-10-16-00-01_iter1.jpg --quality 95 --metadata - --metadata-format json
Adjusting exposure: 32215 -> 24170 (factor 0.750)
Iteration 2: running shutter 24170us -> rpicam-still --camera 0 --width 9248 --height 6944 --shutter 24170 --nopreview 1 -t 5024ms -o /media/pi/USB DISK/winter_images/rpicam_2026-01-10-16-00-13_iter2.jpg --quality 95 --metadata - --metadata-format json
Mean brightness 172.87513922863383 within tolerance 5.0% of target 170.0 -> reusing image
Capture complete. Final exposure (us): 24170
2026-01-10-16-30-01 iter1 exposure_us=24170 mean=145.8881912940698 returncode=0
2026-01-10-16-30-01 iter1 factor=1.582 new_exposure=38244
2026-01-10-16-30-13 iter2 exposure_us=38244 mean=154.5489330330982 returncode=0
2026-01-10-16-30-13 iter2 factor=1.308 new_exposure=50023
2026-01-10-16-30-27 iter3 exposure_us=50023 mean=169.94255176794982 returncode=0
2026-01-10-16-30-39 final reuse exposure_us=50023 mean=169.94255176794982
Iteration 1: running shutter 24170us -> rpicam-still --camera 0 --width 9248 --height 6944 --shutter 24170 --nopreview 1 -t 5024ms -o /media/pi/USB DISK/winter_images/rpicam_2026-01-10-16-30-01_iter1.jpg --quality 95 --metadata - --metadata-format json
Adjusting exposure: 24170 -> 38244 (factor 1.582)
Iteration 2: running shutter 38244us -> rpicam-still --camera 0 --width 9248 --height 6944 --shutter 38244 --nopreview 1 -t 5038ms -o /media/pi/USB DISK/winter_images/rpicam_2026-01-10-16-30-13_iter2.jpg --quality 95 --metadata - --metadata-format json
Adjusting exposure: 38244 -> 50023 (factor 1.308)
Iteration 3: running shutter 50023us -> rpicam-still --camera 0 --width 9248 --height 6944 --shutter 50023 --nopreview 1 -t 5050ms -o /media/pi/USB DISK/winter_images/rpicam_2026-01-10-16-30-27_iter3.jpg --quality 95 --metadata - --metadata-format json
Mean brightness 169.94255176794982 within tolerance 5.0% of target 170.0 -> reusing image
Capture complete. Final exposure (us): 50023
2026-01-10-17-00-01 iter1 exposure_us=50023 mean=147.05593803505155 returncode=0
2026-01-10-17-00-01 iter1 factor=1.545 new_exposure=77280
2026-01-10-17-00-14 iter2 exposure_us=77280 mean=151.35244947718178 returncode=0
2026-01-10-17-00-14 iter2 factor=1.417 new_exposure=109508
2026-01-10-17-00-26 iter3 exposure_us=109508 mean=169.43042202797864 returncode=0
2026-01-10-17-00-38 final reuse exposure_us=109508 mean=169.43042202797864
Iteration 1: running shutter 50023us -> rpicam-still --camera 0 --width 9248 --height 6944 --shutter 50023 --nopreview 1 -t 5050ms -o /media/pi/USB DISK/winter_images/rpicam_2026-01-10-17-00-01_iter1.jpg --quality 95 --metadata - --metadata-format json
Adjusting exposure: 50023 -> 77280 (factor 1.545)
Iteration 2: running shutter 77280us -> rpicam-still --camera 0 --width 9248 --height 6944 --shutter 77280 --nopreview 1 -t 5077ms -o /media/pi/USB DISK/winter_images/rpicam_2026-01-10-17-00-14_iter2.jpg --quality 95 --metadata - --metadata-format json
Adjusting exposure: 77280 -> 109508 (factor 1.417)
Iteration 3: running shutter 109508us -> rpicam-still --camera 0 --width 9248 --height 6944 --shutter 109508 --nopreview 1 -t 5109ms -o /media/pi/USB DISK/winter_images/rpicam_2026-01-10-17-00-26_iter3.jpg --quality 95 --metadata - --metadata-format json
Mean brightness 169.43042202797864 within tolerance 5.0% of target 170.0 -> reusing image
Capture complete. Final exposure (us): 109508
2026-01-10-17-30-01 iter1 exposure_us=109508 mean=145.30348336930243 returncode=0
2026-01-10-17-30-01 iter1 factor=1.601 new_exposure=175374
2026-01-10-17-30-19 iter2 exposure_us=175374 mean=143.3592752462109 returncode=0
2026-01-10-17-30-19 iter2 factor=1.668 new_exposure=292439
2026-01-10-17-30-31 iter3 exposure_us=292439 mean=145.10556137184474 returncode=0
2026-01-10-17-30-31 iter3 factor=1.608 new_exposure=470251
2026-01-10-17-30-46 iter4 exposure_us=470251 mean=169.9892130587707 returncode=0
2026-01-10-17-30-58 final reuse exposure_us=470251 mean=169.9892130587707
Iteration 1: running shutter 109508us -> rpicam-still --camera 0 --width 9248 --height 6944 --shutter 109508 --nopreview 1 -t 5109ms -o /media/pi/USB DISK/winter_images/rpicam_2026-01-10-17-30-01_iter1.jpg --quality 95 --metadata - --metadata-format json
Adjusting exposure: 109508 -> 175374 (factor 1.601)
Iteration 2: running shutter 175374us -> rpicam-still --camera 0 --width 9248 --height 6944 --shutter 175374 --nopreview 1 -t 5175ms -o /media/pi/USB DISK/winter_images/rpicam_2026-01-10-17-30-19_iter2.jpg --quality 95 --metadata - --metadata-format json
Adjusting exposure: 175374 -> 292439 (factor 1.668)
Iteration 3: running shutter 292439us -> rpicam-still --camera 0 --width 9248 --height 6944 --shutter 292439 --nopreview 1 -t 5292ms -o /media/pi/USB DISK/winter_images/rpicam_2026-01-10-17-30-31_iter3.jpg --quality 95 --metadata - --metadata-format json
Adjusting exposure: 292439 -> 470251 (factor 1.608)
Iteration 4: running shutter 470251us -> rpicam-still --camera 0 --width 9248 --height 6944 --shutter 470251 --nopreview 1 -t 5470ms -o /media/pi/USB DISK/winter_images/rpicam_2026-01-10-17-30-46_iter4.jpg --quality 95 --metadata - --metadata-format json
Mean brightness 169.9892130587707 within tolerance 5.0% of target 170.0 -> reusing image
Capture complete. Final exposure (us): 470251
2026-01-10-18-00-01 iter1 exposure_us=470251 mean=39.61752408728553 returncode=0
2026-01-10-18-00-01 iter1 factor=20.000 new_exposure=9405020
2026-01-10-18-00-16 iter2 exposure_us=9405020 mean=76.7022153968027 returncode=0
2026-01-10-18-00-16 iter2 factor=10.887 new_exposure=102395946
2026-01-10-18-00-56 iter3 exposure_us=102395946 mean=176.95306291471167 returncode=0
2026-01-10-18-06-16 final reuse exposure_us=102395946 mean=176.95306291471167
Iteration 1: running shutter 470251us -> rpicam-still --camera 0 --width 9248 --height 6944 --shutter 470251 --nopreview 1 -t 5470ms -o /media/pi/USB DISK/winter_images/rpicam_2026-01-10-18-00-01_iter1.jpg --quality 95 --metadata - --metadata-format json
Adjusting exposure: 470251 -> 9405020 (factor 20.000)
Iteration 2: running shutter 9405020us -> rpicam-still --camera 0 --width 9248 --height 6944 --shutter 9405020 --nopreview 1 -t 14405ms -o /media/pi/USB DISK/winter_images/rpicam_2026-01-10-18-00-16_iter2.jpg --quality 95 --metadata - --metadata-format json
Adjusting exposure: 9405020 -> 102395946 (factor 10.887)
Iteration 3: running shutter 102395946us -> rpicam-still --camera 0 --width 9248 --height 6944 --shutter 102395946 --nopreview 1 -t 107395ms -o /media/pi/USB DISK/winter_images/rpicam_2026-01-10-18-00-56_iter3.jpg --quality 95 --metadata - --metadata-format json
Mean brightness 176.95306291471167 within tolerance 5.0% of target 170.0 -> reusing image
Capture complete. Final exposure (us): 102395946
2026-01-10-18-30-01 iter1 exposure_us=102395946 mean=110.72766474355397 returncode=0
2026-01-10-18-30-01 iter1 factor=3.619 new_exposure=240000000
2026-01-10-18-35-19 final exposure_us=240000000 mean=131.97126520941632 returncode=0
Iteration 1: running shutter 102395946us -> rpicam-still --camera 0 --width 9248 --height 6944 --shutter 102395946 --nopreview 1 -t 107395ms -o /media/pi/USB DISK/winter_images/rpicam_2026-01-10-18-30-01_iter1.jpg --quality 95 --metadata - --metadata-format json
Adjusting exposure: 102395946 -> 240000000 (factor 3.619)
Reached MaxExposure without achieving target brightness; stopping loop early
Final capture attempt 1: rpicam-still --camera 0 --width 9248 --height 6944 --shutter 240000000 --nopreview 1 -t 245000ms -o /media/pi/USB DISK/winter_images/rpicam_2026-01-10-18-35-19_ex240000000us.jpg --quality 95 --metadata - --metadata-format json
Capture complete. Final exposure (us): 240000000
2026-01-10-19-00-01 iter1 exposure_us=240000000 mean=121.88947893703259 returncode=0
2026-01-10-19-00-01 iter1 factor=2.713 new_exposure=240000000
2026-01-10-19-12-14 final exposure_us=240000000 mean=140.50049085840456 returncode=0
Iteration 1: running shutter 240000000us -> rpicam-still --camera 0 --width 9248 --height 6944 --shutter 240000000 --nopreview 1 -t 245000ms -o /media/pi/USB DISK/winter_images/rpicam_2026-01-10-19-00-01_iter1.jpg --quality 95 --metadata - --metadata-format json
Adjusting exposure: 240000000 -> 240000000 (factor 2.713)
Reached MaxExposure without achieving target brightness; stopping loop early
Final capture attempt 1: rpicam-still --camera 0 --width 9248 --height 6944 --shutter 240000000 --nopreview 1 -t 245000ms -o /media/pi/USB DISK/winter_images/rpicam_2026-01-10-19-12-14_ex240000000us.jpg --quality 95 --metadata - --metadata-format json
Capture complete. Final exposure (us): 240000000
2026-01-10-19-30-01 iter1 exposure_us=240000000 mean=127.70769483226165 returncode=0
2026-01-10-19-30-01 iter1 factor=2.359 new_exposure=240000000
2026-01-10-19-42-15 final exposure_us=240000000 mean=169.86022510284948 returncode=0
Iteration 1: running shutter 240000000us -> rpicam-still --camera 0 --width 9248 --height 6944 --shutter 240000000 --nopreview 1 -t 245000ms -o /media/pi/USB DISK/winter_images/rpicam_2026-01-10-19-30-01_iter1.jpg --quality 95 --metadata - --metadata-format json
Adjusting exposure: 240000000 -> 240000000 (factor 2.359)
Reached MaxExposure without achieving target brightness; stopping loop early
Final capture attempt 1: rpicam-still --camera 0 --width 9248 --height 6944 --shutter 240000000 --nopreview 1 -t 245000ms -o /media/pi/USB DISK/winter_images/rpicam_2026-01-10-19-42-15_ex240000000us.jpg --quality 95 --metadata - --metadata-format json
Capture complete. Final exposure (us): 240000000
2026-01-10-20-00-01 iter1 exposure_us=240000000 mean=194.81369416466183 returncode=0
2026-01-10-20-00-01 iter1 factor=0.664 new_exposure=159477552
2026-01-10-20-12-14 iter2 exposure_us=159477552 mean=162.21860138149188 returncode=0
2026-01-10-20-20-25 final reuse exposure_us=159477552 mean=162.21860138149188
Iteration 1: running shutter 240000000us -> rpicam-still --camera 0 --width 9248 --height 6944 --shutter 240000000 --nopreview 1 -t 245000ms -o /media/pi/USB DISK/winter_images/rpicam_2026-01-10-20-00-01_iter1.jpg --quality 95 --metadata - --metadata-format json
Adjusting exposure: 240000000 -> 159477552 (factor 0.664)
Iteration 2: running shutter 159477552us -> rpicam-still --camera 0 --width 9248 --height 6944 --shutter 159477552 --nopreview 1 -t 164477ms -o /media/pi/USB DISK/winter_images/rpicam_2026-01-10-20-12-14_iter2.jpg --quality 95 --metadata - --metadata-format json
Mean brightness 162.21860138149188 within tolerance 5.0% of target 170.0 -> reusing image
Capture complete. Final exposure (us): 159477552
2026-01-10-20-30-01 iter1 exposure_us=159477552 mean=161.175560985038 returncode=0
2026-01-10-20-30-01 iter1 factor=1.115 new_exposure=177779889
2026-01-10-20-38-11 iter2 exposure_us=177779889 mean=173.3639110878875 returncode=0
2026-01-10-20-47-18 final reuse exposure_us=177779889 mean=173.3639110878875
Iteration 1: running shutter 159477552us -> rpicam-still --camera 0 --width 9248 --height 6944 --shutter 159477552 --nopreview 1 -t 164477ms -o /media/pi/USB DISK/winter_images/rpicam_2026-01-10-20-30-01_iter1.jpg --quality 95 --metadata - --metadata-format json
Adjusting exposure: 159477552 -> 177779889 (factor 1.115)
Iteration 2: running shutter 177779889us -> rpicam-still --camera 0 --width 9248 --height 6944 --shutter 177779889 --nopreview 1 -t 182779ms -o /media/pi/USB DISK/winter_images/rpicam_2026-01-10-20-38-11_iter2.jpg --quality 95 --metadata - --metadata-format json
Mean brightness 173.3639110878875 within tolerance 5.0% of target 170.0 -> reusing image
Capture complete. Final exposure (us): 177779889
2026-01-10-21-00-01 iter1 exposure_us=177779889 mean=233.866947863556 returncode=0
2026-01-10-21-00-01 iter1 factor=0.384 new_exposure=68284613
2026-01-10-21-09-06 iter2 exposure_us=68284613 mean=190.37137395132387 returncode=0
2026-01-10-21-09-06 iter2 factor=0.712 new_exposure=48625568
2026-01-10-21-12-44 iter3 exposure_us=48625568 mean=158.4206204006745 returncode=0
2026-01-10-21-12-44 iter3 factor=1.181 new_exposure=57443165
2026-01-10-21-15-21 iter4 exposure_us=57443165 mean=180.98309167046207 returncode=0
2026-01-10-21-15-21 iter4 factor=0.829 new_exposure=47607033
2026-01-10-21-18-27 iter5 exposure_us=47607033 mean=174.88988340236475 returncode=0
2026-01-10-21-21-04 final reuse exposure_us=47607033 mean=174.88988340236475
Iteration 1: running shutter 177779889us -> rpicam-still --camera 0 --width 9248 --height 6944 --shutter 177779889 --nopreview 1 -t 182779ms -o /media/pi/USB DISK/winter_images/rpicam_2026-01-10-21-00-01_iter1.jpg --quality 95 --metadata - --metadata-format json
Adjusting exposure: 177779889 -> 68284613 (factor 0.384)
Iteration 2: running shutter 68284613us -> rpicam-still --camera 0 --width 9248 --height 6944 --shutter 68284613 --nopreview 1 -t 73284ms -o /media/pi/USB DISK/winter_images/rpicam_2026-01-10-21-09-06_iter2.jpg --quality 95 --metadata - --metadata-format json
Adjusting exposure: 68284613 -> 48625568 (factor 0.712)
Iteration 3: running shutter 48625568us -> rpicam-still --camera 0 --width 9248 --height 6944 --shutter 48625568 --nopreview 1 -t 53625ms -o /media/pi/USB DISK/winter_images/rpicam_2026-01-10-21-12-44_iter3.jpg --quality 95 --metadata - --metadata-format json
Adjusting exposure: 48625568 -> 57443165 (factor 1.181)
Iteration 4: running shutter 57443165us -> rpicam-still --camera 0 --width 9248 --height 6944 --shutter 57443165 --nopreview 1 -t 62443ms -o /media/pi/USB DISK/winter_images/rpicam_2026-01-10-21-15-21_iter4.jpg --quality 95 --metadata - --metadata-format json
Adjusting exposure: 57443165 -> 47607033 (factor 0.829)
Iteration 5: running shutter 47607033us -> rpicam-still --camera 0 --width 9248 --height 6944 --shutter 47607033 --nopreview 1 -t 52607ms -o /media/pi/USB DISK/winter_images/rpicam_2026-01-10-21-18-27_iter5.jpg --quality 95 --metadata - --metadata-format json
Mean brightness 174.88988340236475 within tolerance 5.0% of target 170.0 -> reusing image
Capture complete. Final exposure (us): 47607033
2026-01-10-21-30-01 iter1 exposure_us=47607033 mean=209.54458851110417 returncode=0
2026-01-10-21-30-01 iter1 factor=0.534 new_exposure=25420760
2026-01-10-21-32-38 iter2 exposure_us=25420760 mean=169.31423474424162 returncode=0
2026-01-10-21-34-08 final reuse exposure_us=25420760 mean=169.31423474424162
Iteration 1: running shutter 47607033us -> rpicam-still --camera 0 --width 9248 --height 6944 --shutter 47607033 --nopreview 1 -t 52607ms -o /media/pi/USB DISK/winter_images/rpicam_2026-01-10-21-30-01_iter1.jpg --quality 95 --metadata - --metadata-format json
Adjusting exposure: 47607033 -> 25420760 (factor 0.534)
Iteration 2: running shutter 25420760us -> rpicam-still --camera 0 --width 9248 --height 6944 --shutter 25420760 --nopreview 1 -t 30420ms -o /media/pi/USB DISK/winter_images/rpicam_2026-01-10-21-32-38_iter2.jpg --quality 95 --metadata - --metadata-format json
Mean brightness 169.31423474424162 within tolerance 5.0% of target 170.0 -> reusing image
Capture complete. Final exposure (us): 25420760
2026-01-10-22-00-01 iter1 exposure_us=25420760 mean=213.79651377791984 returncode=0
2026-01-10-22-00-01 iter1 factor=0.503 new_exposure=12780076
2026-01-10-22-01-30 iter2 exposure_us=12780076 mean=161.4566322659875 returncode=0
2026-01-10-22-01-30 iter2 factor=1.109 new_exposure=14172085
2026-01-10-22-02-20 iter3 exposure_us=14172085 mean=169.91767613784722 returncode=0
2026-01-10-22-03-14 final reuse exposure_us=14172085 mean=169.91767613784722
Iteration 1: running shutter 25420760us -> rpicam-still --camera 0 --width 9248 --height 6944 --shutter 25420760 --nopreview 1 -t 30420ms -o /media/pi/USB DISK/winter_images/rpicam_2026-01-10-22-00-01_iter1.jpg --quality 95 --metadata - --metadata-format json
Adjusting exposure: 25420760 -> 12780076 (factor 0.503)
Iteration 2: running shutter 12780076us -> rpicam-still --camera 0 --width 9248 --height 6944 --shutter 12780076 --nopreview 1 -t 17780ms -o /media/pi/USB DISK/winter_images/rpicam_2026-01-10-22-01-30_iter2.jpg --quality 95 --metadata - --metadata-format json
Adjusting exposure: 12780076 -> 14172085 (factor 1.109)
Iteration 3: running shutter 14172085us -> rpicam-still --camera 0 --width 9248 --height 6944 --shutter 14172085 --nopreview 1 -t 19172ms -o /media/pi/USB DISK/winter_images/rpicam_2026-01-10-22-02-20_iter3.jpg --quality 95 --metadata - --metadata-format json
Mean brightness 169.91767613784722 within tolerance 5.0% of target 170.0 -> reusing image
Capture complete. Final exposure (us): 14172085
2026-01-10-22-30-01 iter1 exposure_us=14172085 mean=152.42490386512765 returncode=0
2026-01-10-22-30-01 iter1 factor=1.387 new_exposure=19661322
2026-01-10-22-30-57 iter2 exposure_us=19661322 mean=177.0119517372295 returncode=0
2026-01-10-22-32-07 final reuse exposure_us=19661322 mean=177.0119517372295
Iteration 1: running shutter 14172085us -> rpicam-still --camera 0 --width 9248 --height 6944 --shutter 14172085 --nopreview 1 -t 19172ms -o /media/pi/USB DISK/winter_images/rpicam_2026-01-10-22-30-01_iter1.jpg --quality 95 --metadata - --metadata-format json
Adjusting exposure: 14172085 -> 19661322 (factor 1.387)
Iteration 2: running shutter 19661322us -> rpicam-still --camera 0 --width 9248 --height 6944 --shutter 19661322 --nopreview 1 -t 24661ms -o /media/pi/USB DISK/winter_images/rpicam_2026-01-10-22-30-57_iter2.jpg --quality 95 --metadata - --metadata-format json
Mean brightness 177.0119517372295 within tolerance 5.0% of target 170.0 -> reusing image
Capture complete. Final exposure (us): 19661322
2026-01-10-23-00-01 iter1 exposure_us=19661322 mean=159.78143444952104 returncode=0
2026-01-10-23-00-01 iter1 factor=1.146 new_exposure=22537267
2026-01-10-23-01-13 iter2 exposure_us=22537267 mean=174.59427178425923 returncode=0
2026-01-10-23-02-32 final reuse exposure_us=22537267 mean=174.59427178425923
Iteration 1: running shutter 19661322us -> rpicam-still --camera 0 --width 9248 --height 6944 --shutter 19661322 --nopreview 1 -t 24661ms -o /media/pi/USB DISK/winter_images/rpicam_2026-01-10-23-00-01_iter1.jpg --quality 95 --metadata - --metadata-format json
Adjusting exposure: 19661322 -> 22537267 (factor 1.146)
Iteration 2: running shutter 22537267us -> rpicam-still --camera 0 --width 9248 --height 6944 --shutter 22537267 --nopreview 1 -t 27537ms -o /media/pi/USB DISK/winter_images/rpicam_2026-01-10-23-01-13_iter2.jpg --quality 95 --metadata - --metadata-format json
Mean brightness 174.59427178425923 within tolerance 5.0% of target 170.0 -> reusing image
Capture complete. Final exposure (us): 22537267
2026-01-10-23-30-01 iter1 exposure_us=22537267 mean=153.48604793924804 returncode=0
2026-01-10-23-30-01 iter1 factor=1.351 new_exposure=30444129
2026-01-10-23-31-22 iter2 exposure_us=30444129 mean=176.97367505914843 returncode=0
2026-01-10-23-33-05 final reuse exposure_us=30444129 mean=176.97367505914843
Iteration 1: running shutter 22537267us -> rpicam-still --camera 0 --width 9248 --height 6944 --shutter 22537267 --nopreview 1 -t 27537ms -o /media/pi/USB DISK/winter_images/rpicam_2026-01-10-23-30-01_iter1.jpg --quality 95 --metadata - --metadata-format json
Adjusting exposure: 22537267 -> 30444129 (factor 1.351)
Iteration 2: running shutter 30444129us -> rpicam-still --camera 0 --width 9248 --height 6944 --shutter 30444129 --nopreview 1 -t 35444ms -o /media/pi/USB DISK/winter_images/rpicam_2026-01-10-23-31-22_iter2.jpg --quality 95 --metadata - --metadata-format json
Mean brightness 176.97367505914843 within tolerance 5.0% of target 170.0 -> reusing image
Capture complete. Final exposure (us): 30444129
2026-01-11-00-00-01 iter1 exposure_us=30444129 mean=193.34400307502034 returncode=0
2026-01-11-00-00-01 iter1 factor=0.680 new_exposure=20694655
2026-01-11-00-01-46 iter2 exposure_us=20694655 mean=166.19167503709858 returncode=0
2026-01-11-00-02-39 final reuse exposure_us=20694655 mean=166.19167503709858
Iteration 1: running shutter 30444129us -> rpicam-still --camera 0 --width 9248 --height 6944 --shutter 30444129 --nopreview 1 -t 35444ms -o /media/pi/USB DISK/winter_images/rpicam_2026-01-11-00-00-01_iter1.jpg --quality 95 --metadata - --metadata-format json
Adjusting exposure: 30444129 -> 20694655 (factor 0.680)
Iteration 2: running shutter 20694655us -> rpicam-still --camera 0 --width 9248 --height 6944 --shutter 20694655 --nopreview 1 -t 25694ms -o /media/pi/USB DISK/winter_images/rpicam_2026-01-11-00-01-46_iter2.jpg --quality 95 --metadata - --metadata-format json
Mean brightness 166.19167503709858 within tolerance 5.0% of target 170.0 -> reusing image
Capture complete. Final exposure (us): 20694655
2026-01-11-00-30-01 iter1 exposure_us=20694655 mean=151.4542823059015 returncode=0
2026-01-11-00-30-01 iter1 factor=1.414 new_exposure=29265792
2026-01-11-00-31-17 iter2 exposure_us=29265792 mean=173.34279498905232 returncode=0
2026-01-11-00-32-56 final reuse exposure_us=29265792 mean=173.34279498905232
Iteration 1: running shutter 20694655us -> rpicam-still --camera 0 --width 9248 --height 6944 --shutter 20694655 --nopreview 1 -t 25694ms -o /media/pi/USB DISK/winter_images/rpicam_2026-01-11-00-30-01_iter1.jpg --quality 95 --metadata - --metadata-format json
Adjusting exposure: 20694655 -> 29265792 (factor 1.414)
Iteration 2: running shutter 29265792us -> rpicam-still --camera 0 --width 9248 --height 6944 --shutter 29265792 --nopreview 1 -t 34265ms -o /media/pi/USB DISK/winter_images/rpicam_2026-01-11-00-31-17_iter2.jpg --quality 95 --metadata - --metadata-format json
Mean brightness 173.34279498905232 within tolerance 5.0% of target 170.0 -> reusing image
Capture complete. Final exposure (us): 29265792
2026-01-11-01-00-01 iter1 exposure_us=29265792 mean=184.97756607980003 returncode=0
2026-01-11-01-00-01 iter1 factor=0.776 new_exposure=22716942
2026-01-11-01-01-42 iter2 exposure_us=22716942 mean=166.2865886340601 returncode=0
2026-01-11-01-03-02 final reuse exposure_us=22716942 mean=166.2865886340601
Iteration 1: running shutter 29265792us -> rpicam-still --camera 0 --width 9248 --height 6944 --shutter 29265792 --nopreview 1 -t 34265ms -o /media/pi/USB DISK/winter_images/rpicam_2026-01-11-01-00-01_iter1.jpg --quality 95 --metadata - --metadata-format json
Adjusting exposure: 29265792 -> 22716942 (factor 0.776)
Iteration 2: running shutter 22716942us -> rpicam-still --camera 0 --width 9248 --height 6944 --shutter 22716942 --nopreview 1 -t 27716ms -o /media/pi/USB DISK/winter_images/rpicam_2026-01-11-01-01-42_iter2.jpg --quality 95 --metadata - --metadata-format json
Mean brightness 166.2865886340601 within tolerance 5.0% of target 170.0 -> reusing image
Capture complete. Final exposure (us): 22716942
2026-01-11-01-30-01 iter1 exposure_us=22716942 mean=151.58219830567427 returncode=0
2026-01-11-01-30-01 iter1 factor=1.411 new_exposure=32044392
2026-01-11-01-31-23 iter2 exposure_us=32044392 mean=174.1918870333653 returncode=0
2026-01-11-01-32-39 final reuse exposure_us=32044392 mean=174.1918870333653
Iteration 1: running shutter 22716942us -> rpicam-still --camera 0 --width 9248 --height 6944 --shutter 22716942 --nopreview 1 -t 27716ms -o /media/pi/USB DISK/winter_images/rpicam_2026-01-11-01-30-01_iter1.jpg --quality 95 --metadata - --metadata-format json
Adjusting exposure: 22716942 -> 32044392 (factor 1.411)
Iteration 2: running shutter 32044392us -> rpicam-still --camera 0 --width 9248 --height 6944 --shutter 32044392 --nopreview 1 -t 37044ms -o /media/pi/USB DISK/winter_images/rpicam_2026-01-11-01-31-23_iter2.jpg --quality 95 --metadata - --metadata-format json
Mean brightness 174.1918870333653 within tolerance 5.0% of target 170.0 -> reusing image
Capture complete. Final exposure (us): 32044392
2026-01-11-02-00-01 iter1 exposure_us=32044392 mean=183.09796938595767 returncode=0
2026-01-11-02-00-01 iter1 factor=0.800 new_exposure=25647688
2026-01-11-02-01-50 iter2 exposure_us=25647688 mean=170.92544769924098 returncode=0
2026-01-11-02-03-19 final reuse exposure_us=25647688 mean=170.92544769924098
Iteration 1: running shutter 32044392us -> rpicam-still --camera 0 --width 9248 --height 6944 --shutter 32044392 --nopreview 1 -t 37044ms -o /media/pi/USB DISK/winter_images/rpicam_2026-01-11-02-00-01_iter1.jpg --quality 95 --metadata - --metadata-format json
Adjusting exposure: 32044392 -> 25647688 (factor 0.800)
Iteration 2: running shutter 25647688us -> rpicam-still --camera 0 --width 9248 --height 6944 --shutter 25647688 --nopreview 1 -t 30647ms -o /media/pi/USB DISK/winter_images/rpicam_2026-01-11-02-01-50_iter2.jpg --quality 95 --metadata - --metadata-format json
Mean brightness 170.92544769924098 within tolerance 5.0% of target 170.0 -> reusing image
Capture complete. Final exposure (us): 25647688
2026-01-11-02-30-01 iter1 exposure_us=25647688 mean=169.82533429198293 returncode=0
2026-01-11-02-31-31 final reuse exposure_us=25647688 mean=169.82533429198293
Iteration 1: running shutter 25647688us -> rpicam-still --camera 0 --width 9248 --height 6944 --shutter 25647688 --nopreview 1 -t 30647ms -o /media/pi/USB DISK/winter_images/rpicam_2026-01-11-02-30-01_iter1.jpg --quality 95 --metadata - --metadata-format json
Mean brightness 169.82533429198293 within tolerance 5.0% of target 170.0 -> reusing image
Capture complete. Final exposure (us): 25647688
2026-01-11-03-00-01 iter1 exposure_us=25647688 mean=191.87952766347289 returncode=0
2026-01-11-03-00-01 iter1 factor=0.695 new_exposure=17836476
2026-01-11-03-01-29 iter2 exposure_us=17836476 mean=166.9110007625263 returncode=0
2026-01-11-03-02-36 final reuse exposure_us=17836476 mean=166.9110007625263
Iteration 1: running shutter 25647688us -> rpicam-still --camera 0 --width 9248 --height 6944 --shutter 25647688 --nopreview 1 -t 30647ms -o /media/pi/USB DISK/winter_images/rpicam_2026-01-11-03-00-01_iter1.jpg --quality 95 --metadata - --metadata-format json
Adjusting exposure: 25647688 -> 17836476 (factor 0.695)
Iteration 2: running shutter 17836476us -> rpicam-still --camera 0 --width 9248 --height 6944 --shutter 17836476 --nopreview 1 -t 22836ms -o /media/pi/USB DISK/winter_images/rpicam_2026-01-11-03-01-29_iter2.jpg --quality 95 --metadata - --metadata-format json
Mean brightness 166.9110007625263 within tolerance 5.0% of target 170.0 -> reusing image
Capture complete. Final exposure (us): 17836476
2026-01-11-03-30-01 iter1 exposure_us=17836476 mean=173.47901813120885 returncode=0
2026-01-11-03-31-06 final reuse exposure_us=17836476 mean=173.47901813120885
Iteration 1: running shutter 17836476us -> rpicam-still --camera 0 --width 9248 --height 6944 --shutter 17836476 --nopreview 1 -t 22836ms -o /media/pi/USB DISK/winter_images/rpicam_2026-01-11-03-30-01_iter1.jpg --quality 95 --metadata - --metadata-format json
Mean brightness 173.47901813120885 within tolerance 5.0% of target 170.0 -> reusing image
Capture complete. Final exposure (us): 17836476
2026-01-11-04-00-01 iter1 exposure_us=17836476 mean=169.56915097410524 returncode=0
2026-01-11-04-01-07 final reuse exposure_us=17836476 mean=169.56915097410524
Iteration 1: running shutter 17836476us -> rpicam-still --camera 0 --width 9248 --height 6944 --shutter 17836476 --nopreview 1 -t 22836ms -o /media/pi/USB DISK/winter_images/rpicam_2026-01-11-04-00-01_iter1.jpg --quality 95 --metadata - --metadata-format json
Mean brightness 169.56915097410524 within tolerance 5.0% of target 170.0 -> reusing image
Capture complete. Final exposure (us): 17836476
2026-01-11-04-30-01 iter1 exposure_us=17836476 mean=167.52742128264376 returncode=0
2026-01-11-04-31-06 final reuse exposure_us=17836476 mean=167.52742128264376
Iteration 1: running shutter 17836476us -> rpicam-still --camera 0 --width 9248 --height 6944 --shutter 17836476 --nopreview 1 -t 22836ms -o /media/pi/USB DISK/winter_images/rpicam_2026-01-11-04-30-01_iter1.jpg --quality 95 --metadata - --metadata-format json
Mean brightness 167.52742128264376 within tolerance 5.0% of target 170.0 -> reusing image
Capture complete. Final exposure (us): 17836476
2026-01-11-05-00-01 iter1 exposure_us=17836476 mean=152.64046364365242 returncode=0
2026-01-11-05-00-01 iter1 factor=1.381 new_exposure=24640345
2026-01-11-05-01-06 iter2 exposure_us=24640345 mean=174.00148635637248 returncode=0
2026-01-11-05-02-33 final reuse exposure_us=24640345 mean=174.00148635637248
Iteration 1: running shutter 17836476us -> rpicam-still --camera 0 --width 9248 --height 6944 --shutter 17836476 --nopreview 1 -t 22836ms -o /media/pi/USB DISK/winter_images/rpicam_2026-01-11-05-00-01_iter1.jpg --quality 95 --metadata - --metadata-format json
Adjusting exposure: 17836476 -> 24640345 (factor 1.381)
Iteration 2: running shutter 24640345us -> rpicam-still --camera 0 --width 9248 --height 6944 --shutter 24640345 --nopreview 1 -t 29640ms -o /media/pi/USB DISK/winter_images/rpicam_2026-01-11-05-01-06_iter2.jpg --quality 95 --metadata - --metadata-format json
Mean brightness 174.00148635637248 within tolerance 5.0% of target 170.0 -> reusing image
Capture complete. Final exposure (us): 24640345
2026-01-11-05-30-02 iter1 exposure_us=24640345 mean=156.55299996985275 returncode=0
2026-01-11-05-30-02 iter1 factor=1.237 new_exposure=30482472
2026-01-11-05-31-27 iter2 exposure_us=30482472 mean=168.22768132766032 returncode=0
2026-01-11-05-33-12 final reuse exposure_us=30482472 mean=168.22768132766032
Iteration 1: running shutter 24640345us -> rpicam-still --camera 0 --width 9248 --height 6944 --shutter 24640345 --nopreview 1 -t 29640ms -o /media/pi/USB DISK/winter_images/rpicam_2026-01-11-05-30-02_iter1.jpg --quality 95 --metadata - --metadata-format json
Adjusting exposure: 24640345 -> 30482472 (factor 1.237)
Iteration 2: running shutter 30482472us -> rpicam-still --camera 0 --width 9248 --height 6944 --shutter 30482472 --nopreview 1 -t 35482ms -o /media/pi/USB DISK/winter_images/rpicam_2026-01-11-05-31-27_iter2.jpg --quality 95 --metadata - --metadata-format json
Mean brightness 168.22768132766032 within tolerance 5.0% of target 170.0 -> reusing image
Capture complete. Final exposure (us): 30482472
2026-01-11-06-00-01 iter1 exposure_us=30482472 mean=179.428062973885 returncode=0
2026-01-11-06-00-01 iter1 factor=0.892 new_exposure=27202440
2026-01-11-06-01-44 iter2 exposure_us=27202440 mean=166.8652993722394 returncode=0
2026-01-11-06-03-19 final reuse exposure_us=27202440 mean=166.8652993722394
Iteration 1: running shutter 30482472us -> rpicam-still --camera 0 --width 9248 --height 6944 --shutter 30482472 --nopreview 1 -t 35482ms -o /media/pi/USB DISK/winter_images/rpicam_2026-01-11-06-00-01_iter1.jpg --quality 95 --metadata - --metadata-format json
Adjusting exposure: 30482472 -> 27202440 (factor 0.892)
Iteration 2: running shutter 27202440us -> rpicam-still --camera 0 --width 9248 --height 6944 --shutter 27202440 --nopreview 1 -t 32202ms -o /media/pi/USB DISK/winter_images/rpicam_2026-01-11-06-01-44_iter2.jpg --quality 95 --metadata - --metadata-format json
Mean brightness 166.8652993722394 within tolerance 5.0% of target 170.0 -> reusing image
Capture complete. Final exposure (us): 27202440
2026-01-11-06-30-01 iter1 exposure_us=27202440 mean=150.48299017261672 returncode=0
2026-01-11-06-30-01 iter1 factor=1.442 new_exposure=39218627
2026-01-11-06-31-34 iter2 exposure_us=39218627 mean=187.5218649529902 returncode=0
2026-01-11-06-31-34 iter2 factor=0.750 new_exposure=29413970
2026-01-11-06-33-45 iter3 exposure_us=29413970 mean=171.9258782787012 returncode=0
2026-01-11-06-35-24 final reuse exposure_us=29413970 mean=171.9258782787012
Iteration 1: running shutter 27202440us -> rpicam-still --camera 0 --width 9248 --height 6944 --shutter 27202440 --nopreview 1 -t 32202ms -o /media/pi/USB DISK/winter_images/rpicam_2026-01-11-06-30-01_iter1.jpg --quality 95 --metadata - --metadata-format json
Adjusting exposure: 27202440 -> 39218627 (factor 1.442)
Iteration 2: running shutter 39218627us -> rpicam-still --camera 0 --width 9248 --height 6944 --shutter 39218627 --nopreview 1 -t 44218ms -o /media/pi/USB DISK/winter_images/rpicam_2026-01-11-06-31-34_iter2.jpg --quality 95 --metadata - --metadata-format json
Adjusting exposure: 39218627 -> 29413970 (factor 0.750)
Iteration 3: running shutter 29413970us -> rpicam-still --camera 0 --width 9248 --height 6944 --shutter 29413970 --nopreview 1 -t 34413ms -o /media/pi/USB DISK/winter_images/rpicam_2026-01-11-06-33-45_iter3.jpg --quality 95 --metadata - --metadata-format json
Mean brightness 171.9258782787012 within tolerance 5.0% of target 170.0 -> reusing image
Capture complete. Final exposure (us): 29413970
2026-01-11-07-00-01 iter1 exposure_us=29413970 mean=185.5115809384119 returncode=0
2026-01-11-07-00-01 iter1 factor=0.770 new_exposure=22635356
2026-01-11-07-01-12 iter2 exposure_us=22635356 mean=168.29987379572916 returncode=0
2026-01-11-07-02-32 final reuse exposure_us=22635356 mean=168.29987379572916
Iteration 1: running shutter 29413970us -> rpicam-still --camera 0 --width 9248 --height 6944 --shutter 29413970 --nopreview 1 -t 34413ms -o /media/pi/USB DISK/winter_images/rpicam_2026-01-11-07-00-01_iter1.jpg --quality 95 --metadata - --metadata-format json
Adjusting exposure: 29413970 -> 22635356 (factor 0.770)
Iteration 2: running shutter 22635356us -> rpicam-still --camera 0 --width 9248 --height 6944 --shutter 22635356 --nopreview 1 -t 27635ms -o /media/pi/USB DISK/winter_images/rpicam_2026-01-11-07-01-12_iter2.jpg --quality 95 --metadata - --metadata-format json
Mean brightness 168.29987379572916 within tolerance 5.0% of target 170.0 -> reusing image
Capture complete. Final exposure (us): 22635356
2026-01-11-07-30-01 iter1 exposure_us=22635356 mean=169.27899166515516 returncode=0
2026-01-11-07-31-21 final reuse exposure_us=22635356 mean=169.27899166515516
Iteration 1: running shutter 22635356us -> rpicam-still --camera 0 --width 9248 --height 6944 --shutter 22635356 --nopreview 1 -t 27635ms -o /media/pi/USB DISK/winter_images/rpicam_2026-01-11-07-30-01_iter1.jpg --quality 95 --metadata - --metadata-format json
Mean brightness 169.27899166515516 within tolerance 5.0% of target 170.0 -> reusing image
Capture complete. Final exposure (us): 22635356
2026-01-11-08-00-01 iter1 exposure_us=22635356 mean=252.95896983081659 returncode=0
2026-01-11-08-00-01 iter1 factor=0.050 new_exposure=1131768 [saturated]
2026-01-11-08-01-20 iter2 exposure_us=1131768 mean=169.46306797372057 returncode=0
2026-01-11-08-01-35 final reuse exposure_us=1131768 mean=169.46306797372057
Iteration 1: running shutter 22635356us -> rpicam-still --camera 0 --width 9248 --height 6944 --shutter 22635356 --nopreview 1 -t 27635ms -o /media/pi/USB DISK/winter_images/rpicam_2026-01-11-08-00-01_iter1.jpg --quality 95 --metadata - --metadata-format json
Adjusting exposure (saturated): 22635356 -> 1131768 (factor 0.050)
Iteration 2: running shutter 1131768us -> rpicam-still --camera 0 --width 9248 --height 6944 --shutter 1131768 --nopreview 1 -t 6131ms -o /media/pi/USB DISK/winter_images/rpicam_2026-01-11-08-01-20_iter2.jpg --quality 95 --metadata - --metadata-format json
Mean brightness 169.46306797372057 within tolerance 5.0% of target 170.0 -> reusing image
Capture complete. Final exposure (us): 1131768
2026-01-11-08-30-01 iter1 exposure_us=1131768 mean=250.40910438164235 returncode=0
2026-01-11-08-30-01 iter1 factor=0.050 new_exposure=56588 [saturated]
2026-01-11-08-30-15 iter2 exposure_us=56588 mean=176.24059122136757 returncode=0
2026-01-11-08-30-29 final reuse exposure_us=56588 mean=176.24059122136757
Iteration 1: running shutter 1131768us -> rpicam-still --camera 0 --width 9248 --height 6944 --shutter 1131768 --nopreview 1 -t 6131ms -o /media/pi/USB DISK/winter_images/rpicam_2026-01-11-08-30-01_iter1.jpg --quality 95 --metadata - --metadata-format json
Adjusting exposure (saturated): 1131768 -> 56588 (factor 0.050)
Iteration 2: running shutter 56588us -> rpicam-still --camera 0 --width 9248 --height 6944 --shutter 56588 --nopreview 1 -t 5056ms -o /media/pi/USB DISK/winter_images/rpicam_2026-01-11-08-30-15_iter2.jpg --quality 95 --metadata - --metadata-format json
Mean brightness 176.24059122136757 within tolerance 5.0% of target 170.0 -> reusing image
Capture complete. Final exposure (us): 56588
2026-01-11-09-00-01 iter1 exposure_us=56588 mean=238.06102437268788 returncode=0
2026-01-11-09-00-01 iter1 factor=0.364 new_exposure=20607
2026-01-11-09-00-13 iter2 exposure_us=20607 mean=205.8738140728896 returncode=0
2026-01-11-09-00-13 iter2 factor=0.563 new_exposure=11603
2026-01-11-09-00-28 iter3 exposure_us=11603 mean=177.06652701032382 returncode=0
2026-01-11-09-00-40 final reuse exposure_us=11603 mean=177.06652701032382
Iteration 1: running shutter 56588us -> rpicam-still --camera 0 --width 9248 --height 6944 --shutter 56588 --nopreview 1 -t 5056ms -o /media/pi/USB DISK/winter_images/rpicam_2026-01-11-09-00-01_iter1.jpg --quality 95 --metadata - --metadata-format json
Adjusting exposure: 56588 -> 20607 (factor 0.364)
Iteration 2: running shutter 20607us -> rpicam-still --camera 0 --width 9248 --height 6944 --shutter 20607 --nopreview 1 -t 5020ms -o /media/pi/USB DISK/winter_images/rpicam_2026-01-11-09-00-13_iter2.jpg --quality 95 --metadata - --metadata-format json
Adjusting exposure: 20607 -> 11603 (factor 0.563)
Iteration 3: running shutter 11603us -> rpicam-still --camera 0 --width 9248 --height 6944 --shutter 11603 --nopreview 1 -t 5011ms -o /media/pi/USB DISK/winter_images/rpicam_2026-01-11-09-00-28_iter3.jpg --quality 95 --metadata - --metadata-format json
Mean brightness 177.06652701032382 within tolerance 5.0% of target 170.0 -> reusing image
Capture complete. Final exposure (us): 11603
2026-01-11-09-30-01 iter1 exposure_us=11603 mean=201.95275806302124 returncode=0
2026-01-11-09-30-01 iter1 factor=0.596 new_exposure=6921
2026-01-11-09-30-16 iter2 exposure_us=6921 mean=176.08051323589208 returncode=0
2026-01-11-09-30-27 final reuse exposure_us=6921 mean=176.08051323589208
Iteration 1: running shutter 11603us -> rpicam-still --camera 0 --width 9248 --height 6944 --shutter 11603 --nopreview 1 -t 5011ms -o /media/pi/USB DISK/winter_images/rpicam_2026-01-11-09-30-01_iter1.jpg --quality 95 --metadata - --metadata-format json
Adjusting exposure: 11603 -> 6921 (factor 0.596)
Iteration 2: running shutter 6921us -> rpicam-still --camera 0 --width 9248 --height 6944 --shutter 6921 --nopreview 1 -t 5006ms -o /media/pi/USB DISK/winter_images/rpicam_2026-01-11-09-30-16_iter2.jpg --quality 95 --metadata - --metadata-format json
Mean brightness 176.08051323589208 within tolerance 5.0% of target 170.0 -> reusing image
Capture complete. Final exposure (us): 6921
2026-01-11-10-00-01 iter1 exposure_us=6921 mean=205.6762456361221 returncode=0
2026-01-11-10-00-01 iter1 factor=0.565 new_exposure=3908
2026-01-11-10-00-15 iter2 exposure_us=3908 mean=182.46085057748195 returncode=0
2026-01-11-10-00-15 iter2 factor=0.809 new_exposure=3161
2026-01-11-10-00-29 iter3 exposure_us=3161 mean=182.55026572565697 returncode=0
2026-01-11-10-00-29 iter3 factor=0.808 new_exposure=2553
2026-01-11-10-00-45 iter4 exposure_us=2553 mean=180.3877827644637 returncode=0
2026-01-11-10-00-45 iter4 factor=0.837 new_exposure=2137
2026-01-11-10-00-58 iter5 exposure_us=2137 mean=184.26072303402503 returncode=0
2026-01-11-10-00-58 iter5 factor=0.785 new_exposure=1678
2026-01-11-10-01-14 final exposure_us=1678 mean=183.40512287250053 returncode=0
Iteration 1: running shutter 6921us -> rpicam-still --camera 0 --width 9248 --height 6944 --shutter 6921 --nopreview 1 -t 5006ms -o /media/pi/USB DISK/winter_images/rpicam_2026-01-11-10-00-01_iter1.jpg --quality 95 --metadata - --metadata-format json
Adjusting exposure: 6921 -> 3908 (factor 0.565)
Iteration 2: running shutter 3908us -> rpicam-still --camera 0 --width 9248 --height 6944 --shutter 3908 --nopreview 1 -t 5003ms -o /media/pi/USB DISK/winter_images/rpicam_2026-01-11-10-00-15_iter2.jpg --quality 95 --metadata - --metadata-format json
Adjusting exposure: 3908 -> 3161 (factor 0.809)
Iteration 3: running shutter 3161us -> rpicam-still --camera 0 --width 9248 --height 6944 --shutter 3161 --nopreview 1 -t 5003ms -o /media/pi/USB DISK/winter_images/rpicam_2026-01-11-10-00-29_iter3.jpg --quality 95 --metadata - --metadata-format json
Adjusting exposure: 3161 -> 2553 (factor 0.808)
Iteration 4: running shutter 2553us -> rpicam-still --camera 0 --width 9248 --height 6944 --shutter 2553 --nopreview 1 -t 5002ms -o /media/pi/USB DISK/winter_images/rpicam_2026-01-11-10-00-45_iter4.jpg --quality 95 --metadata - --metadata-format json
Adjusting exposure: 2553 -> 2137 (factor 0.837)
Iteration 5: running shutter 2137us -> rpicam-still --camera 0 --width 9248 --height 6944 --shutter 2137 --nopreview 1 -t 5002ms -o /media/pi/USB DISK/winter_images/rpicam_2026-01-11-10-00-58_iter5.jpg --quality 95 --metadata - --metadata-format json
Adjusting exposure: 2137 -> 1678 (factor 0.785)
Final capture attempt 1: rpicam-still --camera 0 --width 9248 --height 6944 --shutter 1678 --nopreview 1 -t 5001ms -o /media/pi/USB DISK/winter_images/rpicam_2026-01-11-10-01-14_ex1678us.jpg --quality 95 --metadata - --metadata-format json
Capture complete. Final exposure (us): 1678
2026-01-11-10-30-01 iter1 exposure_us=1678 mean=175.83356021117532 returncode=0
2026-01-11-10-30-16 final reuse exposure_us=1678 mean=175.83356021117532
Iteration 1: running shutter 1678us -> rpicam-still --camera 0 --width 9248 --height 6944 --shutter 1678 --nopreview 1 -t 5001ms -o /media/pi/USB DISK/winter_images/rpicam_2026-01-11-10-30-01_iter1.jpg --quality 95 --metadata - --metadata-format json
Mean brightness 175.83356021117532 within tolerance 5.0% of target 170.0 -> reusing image
Capture complete. Final exposure (us): 1678
2026-01-11-11-00-01 iter1 exposure_us=1678 mean=184.9873040334789 returncode=0
2026-01-11-11-00-01 iter1 factor=0.776 new_exposure=1302
2026-01-11-11-00-15 iter2 exposure_us=1302 mean=163.9840919645847 returncode=0
2026-01-11-11-00-30 final reuse exposure_us=1302 mean=163.9840919645847
Iteration 1: running shutter 1678us -> rpicam-still --camera 0 --width 9248 --height 6944 --shutter 1678 --nopreview 1 -t 5001ms -o /media/pi/USB DISK/winter_images/rpicam_2026-01-11-11-00-01_iter1.jpg --quality 95 --metadata - --metadata-format json
Adjusting exposure: 1678 -> 1302 (factor 0.776)
Iteration 2: running shutter 1302us -> rpicam-still --camera 0 --width 9248 --height 6944 --shutter 1302 --nopreview 1 -t 5001ms -o /media/pi/USB DISK/winter_images/rpicam_2026-01-11-11-00-15_iter2.jpg --quality 95 --metadata - --metadata-format json
Mean brightness 163.9840919645847 within tolerance 5.0% of target 170.0 -> reusing image
Capture complete. Final exposure (us): 1302
2026-01-11-11-30-01 iter1 exposure_us=1302 mean=178.07559727075127 returncode=0
2026-01-11-11-30-15 final reuse exposure_us=1302 mean=178.07559727075127
Iteration 1: running shutter 1302us -> rpicam-still --camera 0 --width 9248 --height 6944 --shutter 1302 --nopreview 1 -t 5001ms -o /media/pi/USB DISK/winter_images/rpicam_2026-01-11-11-30-01_iter1.jpg --quality 95 --metadata - --metadata-format json
Mean brightness 178.07559727075127 within tolerance 5.0% of target 170.0 -> reusing image
Capture complete. Final exposure (us): 1302
2026-01-11-12-00-01 iter1 exposure_us=1302 mean=170.33366049441005 returncode=0
2026-01-11-12-00-15 final reuse exposure_us=1302 mean=170.33366049441005
Iteration 1: running shutter 1302us -> rpicam-still --camera 0 --width 9248 --height 6944 --shutter 1302 --nopreview 1 -t 5001ms -o /media/pi/USB DISK/winter_images/rpicam_2026-01-11-12-00-01_iter1.jpg --quality 95 --metadata - --metadata-format json
Mean brightness 170.33366049441005 within tolerance 5.0% of target 170.0 -> reusing image
Capture complete. Final exposure (us): 1302
2026-01-11-12-30-01 iter1 exposure_us=1302 mean=174.37891844282186 returncode=0
2026-01-11-12-30-17 final reuse exposure_us=1302 mean=174.37891844282186
Iteration 1: running shutter 1302us -> rpicam-still --camera 0 --width 9248 --height 6944 --shutter 1302 --nopreview 1 -t 5001ms -o /media/pi/USB DISK/winter_images/rpicam_2026-01-11-12-30-01_iter1.jpg --quality 95 --metadata - --metadata-format json
Mean brightness 174.37891844282186 within tolerance 5.0% of target 170.0 -> reusing image
Capture complete. Final exposure (us): 1302
2026-01-11-13-00-01 iter1 exposure_us=1302 mean=179.0565962294251 returncode=0
2026-01-11-13-00-01 iter1 factor=0.898 new_exposure=1170
2026-01-11-13-00-15 iter2 exposure_us=1170 mean=175.24948134569885 returncode=0
2026-01-11-13-00-31 final reuse exposure_us=1170 mean=175.24948134569885
Iteration 1: running shutter 1302us -> rpicam-still --camera 0 --width 9248 --height 6944 --shutter 1302 --nopreview 1 -t 5001ms -o /media/pi/USB DISK/winter_images/rpicam_2026-01-11-13-00-01_iter1.jpg --quality 95 --metadata - --metadata-format json
Adjusting exposure: 1302 -> 1170 (factor 0.898)
Iteration 2: running shutter 1170us -> rpicam-still --camera 0 --width 9248 --height 6944 --shutter 1170 --nopreview 1 -t 5001ms -o /media/pi/USB DISK/winter_images/rpicam_2026-01-11-13-00-15_iter2.jpg --quality 95 --metadata - --metadata-format json
Mean brightness 175.24948134569885 within tolerance 5.0% of target 170.0 -> reusing image
Capture complete. Final exposure (us): 1170
2026-01-11-13-30-01 iter1 exposure_us=1170 mean=193.36725716881867 returncode=0
2026-01-11-13-30-01 iter1 factor=0.680 new_exposure=795
2026-01-11-13-30-15 iter2 exposure_us=795 mean=170.57426236697833 returncode=0
2026-01-11-13-30-30 final reuse exposure_us=795 mean=170.57426236697833
Iteration 1: running shutter 1170us -> rpicam-still --camera 0 --width 9248 --height 6944 --shutter 1170 --nopreview 1 -t 5001ms -o /media/pi/USB DISK/winter_images/rpicam_2026-01-11-13-30-01_iter1.jpg --quality 95 --metadata - --metadata-format json
Adjusting exposure: 1170 -> 795 (factor 0.680)
Iteration 2: running shutter 795us -> rpicam-still --camera 0 --width 9248 --height 6944 --shutter 795 --nopreview 1 -t 5000ms -o /media/pi/USB DISK/winter_images/rpicam_2026-01-11-13-30-15_iter2.jpg --quality 95 --metadata - --metadata-format json
Mean brightness 170.57426236697833 within tolerance 5.0% of target 170.0 -> reusing image
Capture complete. Final exposure (us): 795
2026-01-11-14-00-01 iter1 exposure_us=795 mean=169.7803283441282 returncode=0
2026-01-11-14-00-14 final reuse exposure_us=795 mean=169.7803283441282
Iteration 1: running shutter 795us -> rpicam-still --camera 0 --width 9248 --height 6944 --shutter 795 --nopreview 1 -t 5000ms -o /media/pi/USB DISK/winter_images/rpicam_2026-01-11-14-00-01_iter1.jpg --quality 95 --metadata - --metadata-format json
Mean brightness 169.7803283441282 within tolerance 5.0% of target 170.0 -> reusing image
Capture complete. Final exposure (us): 795
2026-01-11-14-30-01 iter1 exposure_us=795 mean=169.46104340470177 returncode=0
2026-01-11-14-30-15 final reuse exposure_us=795 mean=169.46104340470177
Iteration 1: running shutter 795us -> rpicam-still --camera 0 --width 9248 --height 6944 --shutter 795 --nopreview 1 -t 5000ms -o /media/pi/USB DISK/winter_images/rpicam_2026-01-11-14-30-01_iter1.jpg --quality 95 --metadata - --metadata-format json
Mean brightness 169.46104340470177 within tolerance 5.0% of target 170.0 -> reusing image
Capture complete. Final exposure (us): 795
2026-01-11-15-00-01 iter1 exposure_us=795 mean=171.2187054331339 returncode=0
2026-01-11-15-00-15 final reuse exposure_us=795 mean=171.2187054331339
Iteration 1: running shutter 795us -> rpicam-still --camera 0 --width 9248 --height 6944 --shutter 795 --nopreview 1 -t 5000ms -o /media/pi/USB DISK/winter_images/rpicam_2026-01-11-15-00-01_iter1.jpg --quality 95 --metadata - --metadata-format json
Mean brightness 171.2187054331339 within tolerance 5.0% of target 170.0 -> reusing image
Capture complete. Final exposure (us): 795
2026-01-11-15-30-01 iter1 exposure_us=795 mean=166.69479488901823 returncode=0
2026-01-11-15-30-15 final reuse exposure_us=795 mean=166.69479488901823
Iteration 1: running shutter 795us -> rpicam-still --camera 0 --width 9248 --height 6944 --shutter 795 --nopreview 1 -t 5000ms -o /media/pi/USB DISK/winter_images/rpicam_2026-01-11-15-30-01_iter1.jpg --quality 95 --metadata - --metadata-format json
Mean brightness 166.69479488901823 within tolerance 5.0% of target 170.0 -> reusing image
Capture complete. Final exposure (us): 795
2026-01-11-16-00-01 iter1 exposure_us=795 mean=171.55635182797027 returncode=0
2026-01-11-16-00-17 final reuse exposure_us=795 mean=171.55635182797027
Iteration 1: running shutter 795us -> rpicam-still --camera 0 --width 9248 --height 6944 --shutter 795 --nopreview 1 -t 5000ms -o /media/pi/USB DISK/winter_images/rpicam_2026-01-11-16-00-01_iter1.jpg --quality 95 --metadata - --metadata-format json
Mean brightness 171.55635182797027 within tolerance 5.0% of target 170.0 -> reusing image
Capture complete. Final exposure (us): 795
2026-01-11-16-30-01 iter1 exposure_us=795 mean=165.74405368691 returncode=0
2026-01-11-16-30-16 final reuse exposure_us=795 mean=165.74405368691
Iteration 1: running shutter 795us -> rpicam-still --camera 0 --width 9248 --height 6944 --shutter 795 --nopreview 1 -t 5000ms -o /media/pi/USB DISK/winter_images/rpicam_2026-01-11-16-30-01_iter1.jpg --quality 95 --metadata - --metadata-format json
Mean brightness 165.74405368691 within tolerance 5.0% of target 170.0 -> reusing image
Capture complete. Final exposure (us): 795
2026-01-11-17-00-01 iter1 exposure_us=795 mean=117.60407797413913 returncode=0
2026-01-11-17-00-01 iter1 factor=3.021 new_exposure=2401
2026-01-11-17-00-14 iter2 exposure_us=2401 mean=171.6387588753777 returncode=0
2026-01-11-17-00-26 final reuse exposure_us=2401 mean=171.6387588753777
Iteration 1: running shutter 795us -> rpicam-still --camera 0 --width 9248 --height 6944 --shutter 795 --nopreview 1 -t 5000ms -o /media/pi/USB DISK/winter_images/rpicam_2026-01-11-17-00-01_iter1.jpg --quality 95 --metadata - --metadata-format json
Adjusting exposure: 795 -> 2401 (factor 3.021)
Iteration 2: running shutter 2401us -> rpicam-still --camera 0 --width 9248 --height 6944 --shutter 2401 --nopreview 1 -t 5002ms -o /media/pi/USB DISK/winter_images/rpicam_2026-01-11-17-00-14_iter2.jpg --quality 95 --metadata - --metadata-format json
Mean brightness 171.6387588753777 within tolerance 5.0% of target 170.0 -> reusing image
Capture complete. Final exposure (us): 2401
2026-01-11-17-30-01 iter1 exposure_us=2401 mean=70.11700867194601 returncode=0
2026-01-11-17-30-01 iter1 factor=14.252 new_exposure=34219
2026-01-11-17-30-15 iter2 exposure_us=34219 mean=161.54355982935158 returncode=0
2026-01-11-17-30-27 final reuse exposure_us=34219 mean=161.54355982935158
Iteration 1: running shutter 2401us -> rpicam-still --camera 0 --width 9248 --height 6944 --shutter 2401 --nopreview 1 -t 5002ms -o /media/pi/USB DISK/winter_images/rpicam_2026-01-11-17-30-01_iter1.jpg --quality 95 --metadata - --metadata-format json
Adjusting exposure: 2401 -> 34219 (factor 14.252)
Iteration 2: running shutter 34219us -> rpicam-still --camera 0 --width 9248 --height 6944 --shutter 34219 --nopreview 1 -t 5034ms -o /media/pi/USB DISK/winter_images/rpicam_2026-01-11-17-30-15_iter2.jpg --quality 95 --metadata - --metadata-format json
Mean brightness 161.54355982935158 within tolerance 5.0% of target 170.0 -> reusing image
Capture complete. Final exposure (us): 34219
2026-01-11-18-00-01 iter1 exposure_us=34219 mean=15.64354145135877 returncode=0
2026-01-11-18-00-01 iter1 factor=20.000 new_exposure=684380
2026-01-11-18-00-13 iter2 exposure_us=684380 mean=61.725109249552524 returncode=0
2026-01-11-18-00-13 iter2 factor=20.000 new_exposure=13687600
2026-01-11-18-00-26 iter3 exposure_us=13687600 mean=139.3307867880015 returncode=0
2026-01-11-18-00-26 iter3 factor=1.816 new_exposure=24861813
2026-01-11-18-01-21 iter4 exposure_us=24861813 mean=170.9861318252396 returncode=0
2026-01-11-18-02-47 final reuse exposure_us=24861813 mean=170.9861318252396
Iteration 1: running shutter 34219us -> rpicam-still --camera 0 --width 9248 --height 6944 --shutter 34219 --nopreview 1 -t 5034ms -o /media/pi/USB DISK/winter_images/rpicam_2026-01-11-18-00-01_iter1.jpg --quality 95 --metadata - --metadata-format json
Adjusting exposure: 34219 -> 684380 (factor 20.000)
Iteration 2: running shutter 684380us -> rpicam-still --camera 0 --width 9248 --height 6944 --shutter 684380 --nopreview 1 -t 5684ms -o /media/pi/USB DISK/winter_images/rpicam_2026-01-11-18-00-13_iter2.jpg --quality 95 --metadata - --metadata-format json
Adjusting exposure: 684380 -> 13687600 (factor 20.000)
Iteration 3: running shutter 13687600us -> rpicam-still --camera 0 --width 9248 --height 6944 --shutter 13687600 --nopreview 1 -t 18687ms -o /media/pi/USB DISK/winter_images/rpicam_2026-01-11-18-00-26_iter3.jpg --quality 95 --metadata - --metadata-format json
Adjusting exposure: 13687600 -> 24861813 (factor 1.816)
Iteration 4: running shutter 24861813us -> rpicam-still --camera 0 --width 9248 --height 6944 --shutter 24861813 --nopreview 1 -t 29861ms -o /media/pi/USB DISK/winter_images/rpicam_2026-01-11-18-01-21_iter4.jpg --quality 95 --metadata - --metadata-format json
Mean brightness 170.9861318252396 within tolerance 5.0% of target 170.0 -> reusing image
Capture complete. Final exposure (us): 24861813
2026-01-11-18-30-01 iter1 exposure_us=24861813 mean=125.69407988824088 returncode=0
2026-01-11-18-30-01 iter1 factor=2.474 new_exposure=61508493
2026-01-11-18-31-29 iter2 exposure_us=61508493 mean=185.64023489198811 returncode=0
2026-01-11-18-31-29 iter2 factor=0.768 new_exposure=47235174
2026-01-11-18-34-45 iter3 exposure_us=47235174 mean=167.42808402713553 returncode=0
2026-01-11-18-37-20 final reuse exposure_us=47235174 mean=167.42808402713553
Iteration 1: running shutter 24861813us -> rpicam-still --camera 0 --width 9248 --height 6944 --shutter 24861813 --nopreview 1 -t 29861ms -o /media/pi/USB DISK/winter_images/rpicam_2026-01-11-18-30-01_iter1.jpg --quality 95 --metadata - --metadata-format json
Adjusting exposure: 24861813 -> 61508493 (factor 2.474)
Iteration 2: running shutter 61508493us -> rpicam-still --camera 0 --width 9248 --height 6944 --shutter 61508493 --nopreview 1 -t 66508ms -o /media/pi/USB DISK/winter_images/rpicam_2026-01-11-18-31-29_iter2.jpg --quality 95 --metadata - --metadata-format json
Adjusting exposure: 61508493 -> 47235174 (factor 0.768)
Iteration 3: running shutter 47235174us -> rpicam-still --camera 0 --width 9248 --height 6944 --shutter 47235174 --nopreview 1 -t 52235ms -o /media/pi/USB DISK/winter_images/rpicam_2026-01-11-18-34-45_iter3.jpg --quality 95 --metadata - --metadata-format json
Mean brightness 167.42808402713553 within tolerance 5.0% of target 170.0 -> reusing image
Capture complete. Final exposure (us): 47235174
2026-01-11-19-00-01 iter1 exposure_us=47235174 mean=162.77742179651747 returncode=0
2026-01-11-19-02-34 final reuse exposure_us=47235174 mean=162.77742179651747
Iteration 1: running shutter 47235174us -> rpicam-still --camera 0 --width 9248 --height 6944 --shutter 47235174 --nopreview 1 -t 52235ms -o /media/pi/USB DISK/winter_images/rpicam_2026-01-11-19-00-01_iter1.jpg --quality 95 --metadata - --metadata-format json
Mean brightness 162.77742179651747 within tolerance 5.0% of target 170.0 -> reusing image
Capture complete. Final exposure (us): 47235174
2026-01-11-19-30-01 iter1 exposure_us=47235174 mean=122.27794960711395 returncode=0
2026-01-11-19-30-01 iter1 factor=2.687 new_exposure=126931041
2026-01-11-19-32-36 iter2 exposure_us=126931041 mean=203.61676704229487 returncode=0
2026-01-11-19-32-36 iter2 factor=0.750 new_exposure=95198281
2026-01-11-19-39-08 iter3 exposure_us=95198281 mean=181.55666599167537 returncode=0
2026-01-11-19-39-08 iter3 factor=0.821 new_exposure=78151852
2026-01-11-19-44-07 iter4 exposure_us=78151852 mean=164.31566610055432 returncode=0
2026-01-11-19-48-13 final reuse exposure_us=78151852 mean=164.31566610055432
Iteration 1: running shutter 47235174us -> rpicam-still --camera 0 --width 9248 --height 6944 --shutter 47235174 --nopreview 1 -t 52235ms -o /media/pi/USB DISK/winter_images/rpicam_2026-01-11-19-30-01_iter1.jpg --quality 95 --metadata - --metadata-format json
Adjusting exposure: 47235174 -> 126931041 (factor 2.687)
Iteration 2: running shutter 126931041us -> rpicam-still --camera 0 --width 9248 --height 6944 --shutter 126931041 --nopreview 1 -t 131931ms -o /media/pi/USB DISK/winter_images/rpicam_2026-01-11-19-32-36_iter2.jpg --quality 95 --metadata - --metadata-format json
Adjusting exposure: 126931041 -> 95198281 (factor 0.750)
Iteration 3: running shutter 95198281us -> rpicam-still --camera 0 --width 9248 --height 6944 --shutter 95198281 --nopreview 1 -t 100198ms -o /media/pi/USB DISK/winter_images/rpicam_2026-01-11-19-39-08_iter3.jpg --quality 95 --metadata - --metadata-format json
Adjusting exposure: 95198281 -> 78151852 (factor 0.821)
Iteration 4: running shutter 78151852us -> rpicam-still --camera 0 --width 9248 --height 6944 --shutter 78151852 --nopreview 1 -t 83151ms -o /media/pi/USB DISK/winter_images/rpicam_2026-01-11-19-44-07_iter4.jpg --quality 95 --metadata - --metadata-format json
Mean brightness 164.31566610055432 within tolerance 5.0% of target 170.0 -> reusing image
Capture complete. Final exposure (us): 78151852
2026-01-11-20-00-02 iter1 exposure_us=78151852 mean=184.04941939121474 returncode=0
2026-01-11-20-00-02 iter1 factor=0.788 new_exposure=61586097
2026-01-11-20-04-09 iter2 exposure_us=61586097 mean=163.6536673329792 returncode=0
2026-01-11-20-07-26 final reuse exposure_us=61586097 mean=163.6536673329792
Iteration 1: running shutter 78151852us -> rpicam-still --camera 0 --width 9248 --height 6944 --shutter 78151852 --nopreview 1 -t 83151ms -o /media/pi/USB DISK/winter_images/rpicam_2026-01-11-20-00-02_iter1.jpg --quality 95 --metadata - --metadata-format json
Adjusting exposure: 78151852 -> 61586097 (factor 0.788)
Iteration 2: running shutter 61586097us -> rpicam-still --camera 0 --width 9248 --height 6944 --shutter 61586097 --nopreview 1 -t 66586ms -o /media/pi/USB DISK/winter_images/rpicam_2026-01-11-20-04-09_iter2.jpg --quality 95 --metadata - --metadata-format json
Mean brightness 163.6536673329792 within tolerance 5.0% of target 170.0 -> reusing image
Capture complete. Final exposure (us): 61586097
2026-01-11-20-30-01 iter1 exposure_us=61586097 mean=143.5815289617982 returncode=0
2026-01-11-20-30-01 iter1 factor=1.660 new_exposure=102219494
2026-01-11-20-33-19 iter2 exposure_us=102219494 mean=195.18880201585498 returncode=0
2026-01-11-20-33-19 iter2 factor=0.750 new_exposure=76664620
2026-01-11-20-38-37 iter3 exposure_us=76664620 mean=171.93094501127658 returncode=0
2026-01-11-20-42-41 final reuse exposure_us=76664620 mean=171.93094501127658
Iteration 1: running shutter 61586097us -> rpicam-still --camera 0 --width 9248 --height 6944 --shutter 61586097 --nopreview 1 -t 66586ms -o /media/pi/USB DISK/winter_images/rpicam_2026-01-11-20-30-01_iter1.jpg --quality 95 --metadata - --metadata-format json
Adjusting exposure: 61586097 -> 102219494 (factor 1.660)
Iteration 2: running shutter 102219494us -> rpicam-still --camera 0 --width 9248 --height 6944 --shutter 102219494 --nopreview 1 -t 107219ms -o /media/pi/USB DISK/winter_images/rpicam_2026-01-11-20-33-19_iter2.jpg --quality 95 --metadata - --metadata-format json
Adjusting exposure: 102219494 -> 76664620 (factor 0.750)
Iteration 3: running shutter 76664620us -> rpicam-still --camera 0 --width 9248 --height 6944 --shutter 76664620 --nopreview 1 -t 81664ms -o /media/pi/USB DISK/winter_images/rpicam_2026-01-11-20-38-37_iter3.jpg --quality 95 --metadata - --metadata-format json
Mean brightness 171.93094501127658 within tolerance 5.0% of target 170.0 -> reusing image
Capture complete. Final exposure (us): 76664620
2026-01-11-21-00-01 iter1 exposure_us=76664620 mean=191.95172309020856 returncode=0
2026-01-11-21-00-01 iter1 factor=0.695 new_exposure=53255652
2026-01-11-21-04-06 iter2 exposure_us=53255652 mean=166.2409331965412 returncode=0
2026-01-11-21-06-58 final reuse exposure_us=53255652 mean=166.2409331965412
Iteration 1: running shutter 76664620us -> rpicam-still --camera 0 --width 9248 --height 6944 --shutter 76664620 --nopreview 1 -t 81664ms -o /media/pi/USB DISK/winter_images/rpicam_2026-01-11-21-00-01_iter1.jpg --quality 95 --metadata - --metadata-format json
Adjusting exposure: 76664620 -> 53255652 (factor 0.695)
Iteration 2: running shutter 53255652us -> rpicam-still --camera 0 --width 9248 --height 6944 --shutter 53255652 --nopreview 1 -t 58255ms -o /media/pi/USB DISK/winter_images/rpicam_2026-01-11-21-04-06_iter2.jpg --quality 95 --metadata - --metadata-format json
Mean brightness 166.2409331965412 within tolerance 5.0% of target 170.0 -> reusing image
Capture complete. Final exposure (us): 53255652
2026-01-11-21-30-01 iter1 exposure_us=53255652 mean=161.40109735708205 returncode=0
2026-01-11-21-30-01 iter1 factor=1.110 new_exposure=59117067
2026-01-11-21-32-55 iter2 exposure_us=59117067 mean=170.90459389400922 returncode=0
2026-01-11-21-36-04 final reuse exposure_us=59117067 mean=170.90459389400922
Iteration 1: running shutter 53255652us -> rpicam-still --camera 0 --width 9248 --height 6944 --shutter 53255652 --nopreview 1 -t 58255ms -o /media/pi/USB DISK/winter_images/rpicam_2026-01-11-21-30-01_iter1.jpg --quality 95 --metadata - --metadata-format json
Adjusting exposure: 53255652 -> 59117067 (factor 1.110)
Iteration 2: running shutter 59117067us -> rpicam-still --camera 0 --width 9248 --height 6944 --shutter 59117067 --nopreview 1 -t 64117ms -o /media/pi/USB DISK/winter_images/rpicam_2026-01-11-21-32-55_iter2.jpg --quality 95 --metadata - --metadata-format json
Mean brightness 170.90459389400922 within tolerance 5.0% of target 170.0 -> reusing image
Capture complete. Final exposure (us): 59117067
2026-01-11-22-00-01 iter1 exposure_us=59117067 mean=161.39190468570612 returncode=0
2026-01-11-22-00-01 iter1 factor=1.110 new_exposure=65634808
2026-01-11-22-03-12 iter2 exposure_us=65634808 mean=168.41626370143052 returncode=0
2026-01-11-22-06-41 final reuse exposure_us=65634808 mean=168.41626370143052
Iteration 1: running shutter 59117067us -> rpicam-still --camera 0 --width 9248 --height 6944 --shutter 59117067 --nopreview 1 -t 64117ms -o /media/pi/USB DISK/winter_images/rpicam_2026-01-11-22-00-01_iter1.jpg --quality 95 --metadata - --metadata-format json
Adjusting exposure: 59117067 -> 65634808 (factor 1.110)
Iteration 2: running shutter 65634808us -> rpicam-still --camera 0 --width 9248 --height 6944 --shutter 65634808 --nopreview 1 -t 70634ms -o /media/pi/USB DISK/winter_images/rpicam_2026-01-11-22-03-12_iter2.jpg --quality 95 --metadata - --metadata-format json
Mean brightness 168.41626370143052 within tolerance 5.0% of target 170.0 -> reusing image
Capture complete. Final exposure (us): 65634808
2026-01-11-22-30-01 iter1 exposure_us=65634808 mean=165.84836615875597 returncode=0
2026-01-11-22-33-31 final reuse exposure_us=65634808 mean=165.84836615875597
Iteration 1: running shutter 65634808us -> rpicam-still --camera 0 --width 9248 --height 6944 --shutter 65634808 --nopreview 1 -t 70634ms -o /media/pi/USB DISK/winter_images/rpicam_2026-01-11-22-30-01_iter1.jpg --quality 95 --metadata - --metadata-format json
Mean brightness 165.84836615875597 within tolerance 5.0% of target 170.0 -> reusing image
Capture complete. Final exposure (us): 65634808
2026-01-11-23-00-01 iter1 exposure_us=65634808 mean=166.57060072086827 returncode=0
2026-01-11-23-03-30 final reuse exposure_us=65634808 mean=166.57060072086827
Iteration 1: running shutter 65634808us -> rpicam-still --camera 0 --width 9248 --height 6944 --shutter 65634808 --nopreview 1 -t 70634ms -o /media/pi/USB DISK/winter_images/rpicam_2026-01-11-23-00-01_iter1.jpg --quality 95 --metadata - --metadata-format json
Mean brightness 166.57060072086827 within tolerance 5.0% of target 170.0 -> reusing image
Capture complete. Final exposure (us): 65634808
2026-01-11-23-30-01 iter1 exposure_us=65634808 mean=153.7997296463652 returncode=0
2026-01-11-23-30-01 iter1 factor=1.338 new_exposure=87805589
2026-01-11-23-33-31 iter2 exposure_us=87805589 mean=176.9997743938657 returncode=0
2026-01-11-23-38-05 final reuse exposure_us=87805589 mean=176.9997743938657
Iteration 1: running shutter 65634808us -> rpicam-still --camera 0 --width 9248 --height 6944 --shutter 65634808 --nopreview 1 -t 70634ms -o /media/pi/USB DISK/winter_images/rpicam_2026-01-11-23-30-01_iter1.jpg --quality 95 --metadata - --metadata-format json
Adjusting exposure: 65634808 -> 87805589 (factor 1.338)
Iteration 2: running shutter 87805589us -> rpicam-still --camera 0 --width 9248 --height 6944 --shutter 87805589 --nopreview 1 -t 92805ms -o /media/pi/USB DISK/winter_images/rpicam_2026-01-11-23-33-31_iter2.jpg --quality 95 --metadata - --metadata-format json
Mean brightness 176.9997743938657 within tolerance 5.0% of target 170.0 -> reusing image
Capture complete. Final exposure (us): 87805589
2026-01-12-00-00-01 iter1 exposure_us=87805589 mean=145.31672514757207 returncode=0
2026-01-12-00-00-01 iter1 factor=1.601 new_exposure=140579540
2026-01-12-00-03-09 iter2 exposure_us=140579540 mean=179.1303574916684 returncode=0
2026-01-12-00-03-09 iter2 factor=0.897 new_exposure=126123684
2026-01-12-00-10-22 iter3 exposure_us=126123684 mean=169.35690189708473 returncode=0
2026-01-12-00-16-53 final reuse exposure_us=126123684 mean=169.35690189708473
Iteration 1: running shutter 87805589us -> rpicam-still --camera 0 --width 9248 --height 6944 --shutter 87805589 --nopreview 1 -t 92805ms -o /media/pi/USB DISK/winter_images/rpicam_2026-01-12-00-00-01_iter1.jpg --quality 95 --metadata - --metadata-format json
Adjusting exposure: 87805589 -> 140579540 (factor 1.601)
Iteration 2: running shutter 140579540us -> rpicam-still --camera 0 --width 9248 --height 6944 --shutter 140579540 --nopreview 1 -t 145579ms -o /media/pi/USB DISK/winter_images/rpicam_2026-01-12-00-03-09_iter2.jpg --quality 95 --metadata - --metadata-format json
Adjusting exposure: 140579540 -> 126123684 (factor 0.897)
Iteration 3: running shutter 126123684us -> rpicam-still --camera 0 --width 9248 --height 6944 --shutter 126123684 --nopreview 1 -t 131123ms -o /media/pi/USB DISK/winter_images/rpicam_2026-01-12-00-10-22_iter3.jpg --quality 95 --metadata - --metadata-format json
Mean brightness 169.35690189708473 within tolerance 5.0% of target 170.0 -> reusing image
Capture complete. Final exposure (us): 126123684
2026-01-12-00-30-01 iter1 exposure_us=126123684 mean=151.67739570107574 returncode=0
2026-01-12-00-30-01 iter1 factor=1.408 new_exposure=177574591
2026-01-12-00-36-31 iter2 exposure_us=177574591 mean=209.58763111877224 returncode=0
2026-01-12-00-36-31 iter2 factor=0.750 new_exposure=133180943
2026-01-12-00-45-36 iter3 exposure_us=133180943 mean=192.35008685711594 returncode=0
2026-01-12-00-45-36 iter3 factor=0.750 new_exposure=99885707
2026-01-12-00-52-29 iter4 exposure_us=99885707 mean=179.39674068898194 returncode=0
2026-01-12-00-52-29 iter4 factor=0.893 new_exposure=89188127
2026-01-12-00-57-40 iter5 exposure_us=89188127 mean=171.05156023584127 returncode=0
2026-01-12-01-02-21 final reuse exposure_us=89188127 mean=171.05156023584127
Iteration 1: running shutter 126123684us -> rpicam-still --camera 0 --width 9248 --height 6944 --shutter 126123684 --nopreview 1 -t 131123ms -o /media/pi/USB DISK/winter_images/rpicam_2026-01-12-00-30-01_iter1.jpg --quality 95 --metadata - --metadata-format json
Adjusting exposure: 126123684 -> 177574591 (factor 1.408)
Iteration 2: running shutter 177574591us -> rpicam-still --camera 0 --width 9248 --height 6944 --shutter 177574591 --nopreview 1 -t 182574ms -o /media/pi/USB DISK/winter_images/rpicam_2026-01-12-00-36-31_iter2.jpg --quality 95 --metadata - --metadata-format json
Adjusting exposure: 177574591 -> 133180943 (factor 0.750)
Iteration 3: running shutter 133180943us -> rpicam-still --camera 0 --width 9248 --height 6944 --shutter 133180943 --nopreview 1 -t 138180ms -o /media/pi/USB DISK/winter_images/rpicam_2026-01-12-00-45-36_iter3.jpg --quality 95 --metadata - --metadata-format json
Adjusting exposure: 133180943 -> 99885707 (factor 0.750)
Iteration 4: running shutter 99885707us -> rpicam-still --camera 0 --width 9248 --height 6944 --shutter 99885707 --nopreview 1 -t 104885ms -o /media/pi/USB DISK/winter_images/rpicam_2026-01-12-00-52-29_iter4.jpg --quality 95 --metadata - --metadata-format json
Adjusting exposure: 99885707 -> 89188127 (factor 0.893)
Iteration 5: running shutter 89188127us -> rpicam-still --camera 0 --width 9248 --height 6944 --shutter 89188127 --nopreview 1 -t 94188ms -o /media/pi/USB DISK/winter_images/rpicam_2026-01-12-00-57-40_iter5.jpg --quality 95 --metadata - --metadata-format json
Mean brightness 171.05156023584127 within tolerance 5.0% of target 170.0 -> reusing image
Capture complete. Final exposure (us): 89188127
2026-01-12-01-30-01 iter1 exposure_us=89188127 mean=166.9034664083553 returncode=0
2026-01-12-01-34-40 final reuse exposure_us=89188127 mean=166.9034664083553
Iteration 1: running shutter 89188127us -> rpicam-still --camera 0 --width 9248 --height 6944 --shutter 89188127 --nopreview 1 -t 94188ms -o /media/pi/USB DISK/winter_images/rpicam_2026-01-12-01-30-01_iter1.jpg --quality 95 --metadata - --metadata-format json
Mean brightness 166.9034664083553 within tolerance 5.0% of target 170.0 -> reusing image
Capture complete. Final exposure (us): 89188127
2026-01-12-02-00-01 iter1 exposure_us=89188127 mean=168.29431288792793 returncode=0
2026-01-12-02-04-42 final reuse exposure_us=89188127 mean=168.29431288792793
Iteration 1: running shutter 89188127us -> rpicam-still --camera 0 --width 9248 --height 6944 --shutter 89188127 --nopreview 1 -t 94188ms -o /media/pi/USB DISK/winter_images/rpicam_2026-01-12-02-00-01_iter1.jpg --quality 95 --metadata - --metadata-format json
Mean brightness 168.29431288792793 within tolerance 5.0% of target 170.0 -> reusing image
Capture complete. Final exposure (us): 89188127
2026-01-12-02-30-01 iter1 exposure_us=89188127 mean=154.50864556715712 returncode=0
2026-01-12-02-30-01 iter1 factor=1.310 new_exposure=116796653
2026-01-12-02-34-40 iter2 exposure_us=116796653 mean=183.71228925260212 returncode=0
2026-01-12-02-34-40 iter2 factor=0.792 new_exposure=92547040
2026-01-12-02-40-44 iter3 exposure_us=92547040 mean=166.72635931744614 returncode=0
2026-01-12-02-45-33 final reuse exposure_us=92547040 mean=166.72635931744614
Iteration 1: running shutter 89188127us -> rpicam-still --camera 0 --width 9248 --height 6944 --shutter 89188127 --nopreview 1 -t 94188ms -o /media/pi/USB DISK/winter_images/rpicam_2026-01-12-02-30-01_iter1.jpg --quality 95 --metadata - --metadata-format json
Adjusting exposure: 89188127 -> 116796653 (factor 1.310)
Iteration 2: running shutter 116796653us -> rpicam-still --camera 0 --width 9248 --height 6944 --shutter 116796653 --nopreview 1 -t 121796ms -o /media/pi/USB DISK/winter_images/rpicam_2026-01-12-02-34-40_iter2.jpg --quality 95 --metadata - --metadata-format json
Adjusting exposure: 116796653 -> 92547040 (factor 0.792)
Iteration 3: running shutter 92547040us -> rpicam-still --camera 0 --width 9248 --height 6944 --shutter 92547040 --nopreview 1 -t 97547ms -o /media/pi/USB DISK/winter_images/rpicam_2026-01-12-02-40-44_iter3.jpg --quality 95 --metadata - --metadata-format json
Mean brightness 166.72635931744614 within tolerance 5.0% of target 170.0 -> reusing image
Capture complete. Final exposure (us): 92547040
2026-01-12-03-00-01 iter1 exposure_us=92547040 mean=150.12278398966322 returncode=0
2026-01-12-03-00-01 iter1 factor=1.452 new_exposure=134390778
2026-01-12-03-04-51 iter2 exposure_us=134390778 mean=177.85229400702406 returncode=0
2026-01-12-03-11-46 final reuse exposure_us=134390778 mean=177.85229400702406
Iteration 1: running shutter 92547040us -> rpicam-still --camera 0 --width 9248 --height 6944 --shutter 92547040 --nopreview 1 -t 97547ms -o /media/pi/USB DISK/winter_images/rpicam_2026-01-12-03-00-01_iter1.jpg --quality 95 --metadata - --metadata-format json
Adjusting exposure: 92547040 -> 134390778 (factor 1.452)
Iteration 2: running shutter 134390778us -> rpicam-still --camera 0 --width 9248 --height 6944 --shutter 134390778 --nopreview 1 -t 139390ms -o /media/pi/USB DISK/winter_images/rpicam_2026-01-12-03-04-51_iter2.jpg --quality 95 --metadata - --metadata-format json
Mean brightness 177.85229400702406 within tolerance 5.0% of target 170.0 -> reusing image
Capture complete. Final exposure (us): 134390778
2026-01-12-03-30-01 iter1 exposure_us=134390778 mean=125.40165160881715 returncode=0
2026-01-12-03-30-01 iter1 factor=2.491 new_exposure=240000000
2026-01-12-03-36-57 final exposure_us=240000000 mean=155.34965458031527 returncode=0
Iteration 1: running shutter 134390778us -> rpicam-still --camera 0 --width 9248 --height 6944 --shutter 134390778 --nopreview 1 -t 139390ms -o /media/pi/USB DISK/winter_images/rpicam_2026-01-12-03-30-01_iter1.jpg --quality 95 --metadata - --metadata-format json
Adjusting exposure: 134390778 -> 240000000 (factor 2.491)
Reached MaxExposure without achieving target brightness; stopping loop early
Final capture attempt 1: rpicam-still --camera 0 --width 9248 --height 6944 --shutter 240000000 --nopreview 1 -t 245000ms -o /media/pi/USB DISK/winter_images/rpicam_2026-01-12-03-36-57_ex240000000us.jpg --quality 95 --metadata - --metadata-format json
Capture complete. Final exposure (us): 240000000
2026-01-12-04-00-01 iter1 exposure_us=240000000 mean=140.66401136177905 returncode=0
2026-01-12-04-00-01 iter1 factor=1.765 new_exposure=240000000
2026-01-12-04-08-15 final exposure_us=240000000 mean=109.68954116869708 returncode=0
Iteration 1: running shutter 240000000us -> rpicam-still --camera 0 --width 9248 --height 6944 --shutter 240000000 --nopreview 1 -t 245000ms -o /media/pi/USB DISK/winter_images/rpicam_2026-01-12-04-00-01_iter1.jpg --quality 95 --metadata - --metadata-format json
Adjusting exposure: 240000000 -> 240000000 (factor 1.765)
Reached MaxExposure without achieving target brightness; stopping loop early
Final capture attempt 1: rpicam-still --camera 0 --width 9248 --height 6944 --shutter 240000000 --nopreview 1 -t 245000ms -o /media/pi/USB DISK/winter_images/rpicam_2026-01-12-04-08-15_ex240000000us.jpg --quality 95 --metadata - --metadata-format json
Capture complete. Final exposure (us): 240000000
2026-01-12-04-30-01 iter1 exposure_us=240000000 mean=109.29910222212699 returncode=0
2026-01-12-04-30-01 iter1 factor=3.763 new_exposure=240000000
2026-01-12-04-42-12 final exposure_us=240000000 mean=106.3792271252073 returncode=0
Iteration 1: running shutter 240000000us -> rpicam-still --camera 0 --width 9248 --height 6944 --shutter 240000000 --nopreview 1 -t 245000ms -o /media/pi/USB DISK/winter_images/rpicam_2026-01-12-04-30-01_iter1.jpg --quality 95 --metadata - --metadata-format json
Adjusting exposure: 240000000 -> 240000000 (factor 3.763)
Reached MaxExposure without achieving target brightness; stopping loop early
Final capture attempt 1: rpicam-still --camera 0 --width 9248 --height 6944 --shutter 240000000 --nopreview 1 -t 245000ms -o /media/pi/USB DISK/winter_images/rpicam_2026-01-12-04-42-12_ex240000000us.jpg --quality 95 --metadata - --metadata-format json
Capture complete. Final exposure (us): 240000000
2026-01-12-05-00-01 iter1 exposure_us=240000000 mean=122.8925141399361 returncode=0
2026-01-12-05-00-01 iter1 factor=2.647 new_exposure=240000000
2026-01-12-05-12-13 final exposure_us=240000000 mean=89.60407434587924 returncode=0
Iteration 1: running shutter 240000000us -> rpicam-still --camera 0 --width 9248 --height 6944 --shutter 240000000 --nopreview 1 -t 245000ms -o /media/pi/USB DISK/winter_images/rpicam_2026-01-12-05-00-01_iter1.jpg --quality 95 --metadata - --metadata-format json
Adjusting exposure: 240000000 -> 240000000 (factor 2.647)
Reached MaxExposure without achieving target brightness; stopping loop early
Final capture attempt 1: rpicam-still --camera 0 --width 9248 --height 6944 --shutter 240000000 --nopreview 1 -t 245000ms -o /media/pi/USB DISK/winter_images/rpicam_2026-01-12-05-12-13_ex240000000us.jpg --quality 95 --metadata - --metadata-format json
Capture complete. Final exposure (us): 240000000
2026-01-12-05-30-01 iter1 exposure_us=240000000 mean=109.79667507197969 returncode=0
2026-01-12-05-30-01 iter1 factor=3.712 new_exposure=240000000
2026-01-12-05-42-13 final exposure_us=240000000 mean=112.73083113997497 returncode=0
Iteration 1: running shutter 240000000us -> rpicam-still --camera 0 --width 9248 --height 6944 --shutter 240000000 --nopreview 1 -t 245000ms -o /media/pi/USB DISK/winter_images/rpicam_2026-01-12-05-30-01_iter1.jpg --quality 95 --metadata - --metadata-format json
Adjusting exposure: 240000000 -> 240000000 (factor 3.712)
Reached MaxExposure without achieving target brightness; stopping loop early
Final capture attempt 1: rpicam-still --camera 0 --width 9248 --height 6944 --shutter 240000000 --nopreview 1 -t 245000ms -o /media/pi/USB DISK/winter_images/rpicam_2026-01-12-05-42-13_ex240000000us.jpg --quality 95 --metadata - --metadata-format json
Capture complete. Final exposure (us): 240000000
2026-01-12-06-00-01 iter1 exposure_us=240000000 mean=99.77670301176092 returncode=0
2026-01-12-06-00-01 iter1 factor=4.946 new_exposure=240000000
2026-01-12-06-08-15 final exposure_us=240000000 mean=100.21003938888767 returncode=0
Iteration 1: running shutter 240000000us -> rpicam-still --camera 0 --width 9248 --height 6944 --shutter 240000000 --nopreview 1 -t 245000ms -o /media/pi/USB DISK/winter_images/rpicam_2026-01-12-06-00-01_iter1.jpg --quality 95 --metadata - --metadata-format json
Adjusting exposure: 240000000 -> 240000000 (factor 4.946)
Reached MaxExposure without achieving target brightness; stopping loop early
Final capture attempt 1: rpicam-still --camera 0 --width 9248 --height 6944 --shutter 240000000 --nopreview 1 -t 245000ms -o /media/pi/USB DISK/winter_images/rpicam_2026-01-12-06-08-15_ex240000000us.jpg --quality 95 --metadata - --metadata-format json
Capture complete. Final exposure (us): 240000000
2026-01-12-06-30-01 iter1 exposure_us=240000000 mean=111.4648254374093 returncode=0
2026-01-12-06-30-01 iter1 factor=3.548 new_exposure=240000000
2026-01-12-06-42-15 final exposure_us=240000000 mean=112.86652640924729 returncode=0
Iteration 1: running shutter 240000000us -> rpicam-still --camera 0 --width 9248 --height 6944 --shutter 240000000 --nopreview 1 -t 245000ms -o /media/pi/USB DISK/winter_images/rpicam_2026-01-12-06-30-01_iter1.jpg --quality 95 --metadata - --metadata-format json
Adjusting exposure: 240000000 -> 240000000 (factor 3.548)
Reached MaxExposure without achieving target brightness; stopping loop early
Final capture attempt 1: rpicam-still --camera 0 --width 9248 --height 6944 --shutter 240000000 --nopreview 1 -t 245000ms -o /media/pi/USB DISK/winter_images/rpicam_2026-01-12-06-42-15_ex240000000us.jpg --quality 95 --metadata - --metadata-format json
Capture complete. Final exposure (us): 240000000
2026-01-12-07-00-01 iter1 exposure_us=240000000 mean=131.64739973981173 returncode=0
2026-01-12-07-00-01 iter1 factor=2.153 new_exposure=240000000
2026-01-12-07-12-15 final exposure_us=240000000 mean=195.13914535512973 returncode=0
Iteration 1: running shutter 240000000us -> rpicam-still --camera 0 --width 9248 --height 6944 --shutter 240000000 --nopreview 1 -t 245000ms -o /media/pi/USB DISK/winter_images/rpicam_2026-01-12-07-00-01_iter1.jpg --quality 95 --metadata - --metadata-format json
Adjusting exposure: 240000000 -> 240000000 (factor 2.153)
Reached MaxExposure without achieving target brightness; stopping loop early
Final capture attempt 1: rpicam-still --camera 0 --width 9248 --height 6944 --shutter 240000000 --nopreview 1 -t 245000ms -o /media/pi/USB DISK/winter_images/rpicam_2026-01-12-07-12-15_ex240000000us.jpg --quality 95 --metadata - --metadata-format json
Capture complete. Final exposure (us): 240000000
2026-01-12-07-30-01 iter1 exposure_us=240000000 mean=252.94616420675837 returncode=0
2026-01-12-07-30-01 iter1 factor=0.050 new_exposure=12000000 [saturated]
2026-01-12-07-42-12 iter2 exposure_us=12000000 mean=226.6940468446036 returncode=0
2026-01-12-07-42-12 iter2 factor=0.422 new_exposure=5060666
2026-01-12-07-43-00 iter3 exposure_us=5060666 mean=182.18326261289027 returncode=0
2026-01-12-07-43-00 iter3 factor=0.812 new_exposure=4111772
2026-01-12-07-43-26 iter4 exposure_us=4111772 mean=175.00640014144295 returncode=0
2026-01-12-07-43-53 final reuse exposure_us=4111772 mean=175.00640014144295
Iteration 1: running shutter 240000000us -> rpicam-still --camera 0 --width 9248 --height 6944 --shutter 240000000 --nopreview 1 -t 245000ms -o /media/pi/USB DISK/winter_images/rpicam_2026-01-12-07-30-01_iter1.jpg --quality 95 --metadata - --metadata-format json
Adjusting exposure (saturated): 240000000 -> 12000000 (factor 0.050)
Iteration 2: running shutter 12000000us -> rpicam-still --camera 0 --width 9248 --height 6944 --shutter 12000000 --nopreview 1 -t 17000ms -o /media/pi/USB DISK/winter_images/rpicam_2026-01-12-07-42-12_iter2.jpg --quality 95 --metadata - --metadata-format json
Adjusting exposure: 12000000 -> 5060666 (factor 0.422)
Iteration 3: running shutter 5060666us -> rpicam-still --camera 0 --width 9248 --height 6944 --shutter 5060666 --nopreview 1 -t 10060ms -o /media/pi/USB DISK/winter_images/rpicam_2026-01-12-07-43-00_iter3.jpg --quality 95 --metadata - --metadata-format json
Adjusting exposure: 5060666 -> 4111772 (factor 0.812)
Iteration 4: running shutter 4111772us -> rpicam-still --camera 0 --width 9248 --height 6944 --shutter 4111772 --nopreview 1 -t 9111ms -o /media/pi/USB DISK/winter_images/rpicam_2026-01-12-07-43-26_iter4.jpg --quality 95 --metadata - --metadata-format json
Mean brightness 175.00640014144295 within tolerance 5.0% of target 170.0 -> reusing image
Capture complete. Final exposure (us): 4111772
2026-01-12-08-00-01 iter1 exposure_us=4111772 mean=252.96161164003078 returncode=0
2026-01-12-08-00-01 iter1 factor=0.050 new_exposure=205589 [saturated]
2026-01-12-08-00-24 iter2 exposure_us=205589 mean=182.6463747174629 returncode=0
2026-01-12-08-00-24 iter2 factor=0.806 new_exposure=165773
2026-01-12-08-00-43 iter3 exposure_us=165773 mean=171.86994331132001 returncode=0
2026-01-12-08-00-58 final reuse exposure_us=165773 mean=171.86994331132001
Iteration 1: running shutter 4111772us -> rpicam-still --camera 0 --width 9248 --height 6944 --shutter 4111772 --nopreview 1 -t 9111ms -o /media/pi/USB DISK/winter_images/rpicam_2026-01-12-08-00-01_iter1.jpg --quality 95 --metadata - --metadata-format json
Adjusting exposure (saturated): 4111772 -> 205589 (factor 0.050)
Iteration 2: running shutter 205589us -> rpicam-still --camera 0 --width 9248 --height 6944 --shutter 205589 --nopreview 1 -t 5205ms -o /media/pi/USB DISK/winter_images/rpicam_2026-01-12-08-00-24_iter2.jpg --quality 95 --metadata - --metadata-format json
Adjusting exposure: 205589 -> 165773 (factor 0.806)
Iteration 3: running shutter 165773us -> rpicam-still --camera 0 --width 9248 --height 6944 --shutter 165773 --nopreview 1 -t 5165ms -o /media/pi/USB DISK/winter_images/rpicam_2026-01-12-08-00-43_iter3.jpg --quality 95 --metadata - --metadata-format json
Mean brightness 171.86994331132001 within tolerance 5.0% of target 170.0 -> reusing image
Capture complete. Final exposure (us): 165773
2026-01-12-08-30-01 iter1 exposure_us=165773 mean=252.87836590399917 returncode=0
2026-01-12-08-30-01 iter1 factor=0.050 new_exposure=8289 [saturated]
2026-01-12-08-30-13 iter2 exposure_us=8289 mean=161.20573055775915 returncode=0
2026-01-12-08-30-13 iter2 factor=1.114 new_exposure=9235
2026-01-12-08-30-24 iter3 exposure_us=9235 mean=167.05471856600207 returncode=0
2026-01-12-08-30-38 final reuse exposure_us=9235 mean=167.05471856600207
Iteration 1: running shutter 165773us -> rpicam-still --camera 0 --width 9248 --height 6944 --shutter 165773 --nopreview 1 -t 5165ms -o /media/pi/USB DISK/winter_images/rpicam_2026-01-12-08-30-01_iter1.jpg --quality 95 --metadata - --metadata-format json
Adjusting exposure (saturated): 165773 -> 8289 (factor 0.050)
Iteration 2: running shutter 8289us -> rpicam-still --camera 0 --width 9248 --height 6944 --shutter 8289 --nopreview 1 -t 5008ms -o /media/pi/USB DISK/winter_images/rpicam_2026-01-12-08-30-13_iter2.jpg --quality 95 --metadata - --metadata-format json
Adjusting exposure: 8289 -> 9235 (factor 1.114)
Iteration 3: running shutter 9235us -> rpicam-still --camera 0 --width 9248 --height 6944 --shutter 9235 --nopreview 1 -t 5009ms -o /media/pi/USB DISK/winter_images/rpicam_2026-01-12-08-30-24_iter3.jpg --quality 95 --metadata - --metadata-format json
Mean brightness 167.05471856600207 within tolerance 5.0% of target 170.0 -> reusing image
Capture complete. Final exposure (us): 9235
2026-01-12-09-00-01 iter1 exposure_us=9235 mean=218.7905239879989 returncode=0
2026-01-12-09-00-01 iter1 factor=0.469 new_exposure=4332
2026-01-12-09-00-12 iter2 exposure_us=4332 mean=176.70243841799646 returncode=0
2026-01-12-09-00-23 final reuse exposure_us=4332 mean=176.70243841799646
Iteration 1: running shutter 9235us -> rpicam-still --camera 0 --width 9248 --height 6944 --shutter 9235 --nopreview 1 -t 5009ms -o /media/pi/USB DISK/winter_images/rpicam_2026-01-12-09-00-01_iter1.jpg --quality 95 --metadata - --metadata-format json
Adjusting exposure: 9235 -> 4332 (factor 0.469)
Iteration 2: running shutter 4332us -> rpicam-still --camera 0 --width 9248 --height 6944 --shutter 4332 --nopreview 1 -t 5004ms -o /media/pi/USB DISK/winter_images/rpicam_2026-01-12-09-00-12_iter2.jpg --quality 95 --metadata - --metadata-format json
Mean brightness 176.70243841799646 within tolerance 5.0% of target 170.0 -> reusing image
Capture complete. Final exposure (us): 4332
2026-01-12-09-30-02 iter1 exposure_us=4332 mean=198.57016219972334 returncode=0
2026-01-12-09-30-02 iter1 factor=0.627 new_exposure=2718
2026-01-12-09-30-15 iter2 exposure_us=2718 mean=173.25799772811757 returncode=0
2026-01-12-09-30-27 final reuse exposure_us=2718 mean=173.25799772811757
Iteration 1: running shutter 4332us -> rpicam-still --camera 0 --width 9248 --height 6944 --shutter 4332 --nopreview 1 -t 5004ms -o /media/pi/USB DISK/winter_images/rpicam_2026-01-12-09-30-02_iter1.jpg --quality 95 --metadata - --metadata-format json
Adjusting exposure: 4332 -> 2718 (factor 0.627)
Iteration 2: running shutter 2718us -> rpicam-still --camera 0 --width 9248 --height 6944 --shutter 2718 --nopreview 1 -t 5002ms -o /media/pi/USB DISK/winter_images/rpicam_2026-01-12-09-30-15_iter2.jpg --quality 95 --metadata - --metadata-format json
Mean brightness 173.25799772811757 within tolerance 5.0% of target 170.0 -> reusing image
Capture complete. Final exposure (us): 2718
2026-01-12-10-00-01 iter1 exposure_us=2718 mean=221.12875531127418 returncode=0
2026-01-12-10-00-01 iter1 factor=0.454 new_exposure=1235
2026-01-12-10-00-15 iter2 exposure_us=1235 mean=179.9220781046942 returncode=0
2026-01-12-10-00-15 iter2 factor=0.884 new_exposure=1092
2026-01-12-10-00-27 iter3 exposure_us=1092 mean=175.65114548992034 returncode=0
2026-01-12-10-00-40 final reuse exposure_us=1092 mean=175.65114548992034
Iteration 1: running shutter 2718us -> rpicam-still --camera 0 --width 9248 --height 6944 --shutter 2718 --nopreview 1 -t 5002ms -o /media/pi/USB DISK/winter_images/rpicam_2026-01-12-10-00-01_iter1.jpg --quality 95 --metadata - --metadata-format json
Adjusting exposure: 2718 -> 1235 (factor 0.454)
Iteration 2: running shutter 1235us -> rpicam-still --camera 0 --width 9248 --height 6944 --shutter 1235 --nopreview 1 -t 5001ms -o /media/pi/USB DISK/winter_images/rpicam_2026-01-12-10-00-15_iter2.jpg --quality 95 --metadata - --metadata-format json
Adjusting exposure: 1235 -> 1092 (factor 0.884)
Iteration 3: running shutter 1092us -> rpicam-still --camera 0 --width 9248 --height 6944 --shutter 1092 --nopreview 1 -t 5001ms -o /media/pi/USB DISK/winter_images/rpicam_2026-01-12-10-00-27_iter3.jpg --quality 95 --metadata - --metadata-format json
Mean brightness 175.65114548992034 within tolerance 5.0% of target 170.0 -> reusing image
Capture complete. Final exposure (us): 1092
2026-01-12-10-30-01 iter1 exposure_us=1092 mean=170.539123090383 returncode=0
2026-01-12-10-30-13 final reuse exposure_us=1092 mean=170.539123090383
Iteration 1: running shutter 1092us -> rpicam-still --camera 0 --width 9248 --height 6944 --shutter 1092 --nopreview 1 -t 5001ms -o /media/pi/USB DISK/winter_images/rpicam_2026-01-12-10-30-01_iter1.jpg --quality 95 --metadata - --metadata-format json
Mean brightness 170.539123090383 within tolerance 5.0% of target 170.0 -> reusing image
Capture complete. Final exposure (us): 1092
2026-01-12-11-00-01 iter1 exposure_us=1092 mean=164.830989596829 returncode=0
2026-01-12-11-00-14 final reuse exposure_us=1092 mean=164.830989596829
Iteration 1: running shutter 1092us -> rpicam-still --camera 0 --width 9248 --height 6944 --shutter 1092 --nopreview 1 -t 5001ms -o /media/pi/USB DISK/winter_images/rpicam_2026-01-12-11-00-01_iter1.jpg --quality 95 --metadata - --metadata-format json
Mean brightness 164.830989596829 within tolerance 5.0% of target 170.0 -> reusing image
Capture complete. Final exposure (us): 1092
2026-01-12-11-30-02 iter1 exposure_us=1092 mean=163.60699553110499 returncode=0
2026-01-12-11-30-14 final reuse exposure_us=1092 mean=163.60699553110499
Iteration 1: running shutter 1092us -> rpicam-still --camera 0 --width 9248 --height 6944 --shutter 1092 --nopreview 1 -t 5001ms -o /media/pi/USB DISK/winter_images/rpicam_2026-01-12-11-30-02_iter1.jpg --quality 95 --metadata - --metadata-format json
Mean brightness 163.60699553110499 within tolerance 5.0% of target 170.0 -> reusing image
Capture complete. Final exposure (us): 1092
2026-01-12-12-00-01 iter1 exposure_us=1092 mean=158.19755605708247 returncode=0
2026-01-12-12-00-01 iter1 factor=1.188 new_exposure=1297
2026-01-12-12-00-15 iter2 exposure_us=1297 mean=159.71237471135868 returncode=0
2026-01-12-12-00-15 iter2 factor=1.148 new_exposure=1489
2026-01-12-12-00-27 iter3 exposure_us=1489 mean=167.68309013818407 returncode=0
2026-01-12-12-00-41 final reuse exposure_us=1489 mean=167.68309013818407
Iteration 1: running shutter 1092us -> rpicam-still --camera 0 --width 9248 --height 6944 --shutter 1092 --nopreview 1 -t 5001ms -o /media/pi/USB DISK/winter_images/rpicam_2026-01-12-12-00-01_iter1.jpg --quality 95 --metadata - --metadata-format json
Adjusting exposure: 1092 -> 1297 (factor 1.188)
Iteration 2: running shutter 1297us -> rpicam-still --camera 0 --width 9248 --height 6944 --shutter 1297 --nopreview 1 -t 5001ms -o /media/pi/USB DISK/winter_images/rpicam_2026-01-12-12-00-15_iter2.jpg --quality 95 --metadata - --metadata-format json
Adjusting exposure: 1297 -> 1489 (factor 1.148)
Iteration 3: running shutter 1489us -> rpicam-still --camera 0 --width 9248 --height 6944 --shutter 1489 --nopreview 1 -t 5001ms -o /media/pi/USB DISK/winter_images/rpicam_2026-01-12-12-00-27_iter3.jpg --quality 95 --metadata - --metadata-format json
Mean brightness 167.68309013818407 within tolerance 5.0% of target 170.0 -> reusing image
Capture complete. Final exposure (us): 1489
2026-01-12-12-30-01 iter1 exposure_us=1489 mean=184.47079957753974 returncode=0
2026-01-12-12-30-01 iter1 factor=0.783 new_exposure=1165
2026-01-12-12-30-13 iter2 exposure_us=1165 mean=171.74442727310327 returncode=0
2026-01-12-12-30-27 final reuse exposure_us=1165 mean=171.74442727310327
Iteration 1: running shutter 1489us -> rpicam-still --camera 0 --width 9248 --height 6944 --shutter 1489 --nopreview 1 -t 5001ms -o /media/pi/USB DISK/winter_images/rpicam_2026-01-12-12-30-01_iter1.jpg --quality 95 --metadata - --metadata-format json
Adjusting exposure: 1489 -> 1165 (factor 0.783)
Iteration 2: running shutter 1165us -> rpicam-still --camera 0 --width 9248 --height 6944 --shutter 1165 --nopreview 1 -t 5001ms -o /media/pi/USB DISK/winter_images/rpicam_2026-01-12-12-30-13_iter2.jpg --quality 95 --metadata - --metadata-format json
Mean brightness 171.74442727310327 within tolerance 5.0% of target 170.0 -> reusing image
Capture complete. Final exposure (us): 1165
2026-01-12-13-00-01 iter1 exposure_us=1165 mean=162.31002312867747 returncode=0
2026-01-12-13-00-13 final reuse exposure_us=1165 mean=162.31002312867747
Iteration 1: running shutter 1165us -> rpicam-still --camera 0 --width 9248 --height 6944 --shutter 1165 --nopreview 1 -t 5001ms -o /media/pi/USB DISK/winter_images/rpicam_2026-01-12-13-00-01_iter1.jpg --quality 95 --metadata - --metadata-format json
Mean brightness 162.31002312867747 within tolerance 5.0% of target 170.0 -> reusing image
Capture complete. Final exposure (us): 1165
2026-01-12-13-30-01 iter1 exposure_us=1165 mean=163.25967719200466 returncode=0
2026-01-12-13-30-15 final reuse exposure_us=1165 mean=163.25967719200466
Iteration 1: running shutter 1165us -> rpicam-still --camera 0 --width 9248 --height 6944 --shutter 1165 --nopreview 1 -t 5001ms -o /media/pi/USB DISK/winter_images/rpicam_2026-01-12-13-30-01_iter1.jpg --quality 95 --metadata - --metadata-format json
Mean brightness 163.25967719200466 within tolerance 5.0% of target 170.0 -> reusing image
Capture complete. Final exposure (us): 1165
2026-01-12-14-00-01 iter1 exposure_us=1165 mean=155.15777301269773 returncode=0
2026-01-12-14-00-01 iter1 factor=1.285 new_exposure=1497
2026-01-12-14-00-13 iter2 exposure_us=1497 mean=169.7417843115662 returncode=0
2026-01-12-14-00-26 final reuse exposure_us=1497 mean=169.7417843115662
Iteration 1: running shutter 1165us -> rpicam-still --camera 0 --width 9248 --height 6944 --shutter 1165 --nopreview 1 -t 5001ms -o /media/pi/USB DISK/winter_images/rpicam_2026-01-12-14-00-01_iter1.jpg --quality 95 --metadata - --metadata-format json
Adjusting exposure: 1165 -> 1497 (factor 1.285)
Iteration 2: running shutter 1497us -> rpicam-still --camera 0 --width 9248 --height 6944 --shutter 1497 --nopreview 1 -t 5001ms -o /media/pi/USB DISK/winter_images/rpicam_2026-01-12-14-00-13_iter2.jpg --quality 95 --metadata - --metadata-format json
Mean brightness 169.7417843115662 within tolerance 5.0% of target 170.0 -> reusing image
Capture complete. Final exposure (us): 1497
2026-01-12-14-30-01 iter1 exposure_us=1497 mean=160.35812533697657 returncode=0
2026-01-12-14-30-01 iter1 factor=1.133 new_exposure=1696
2026-01-12-14-30-13 iter2 exposure_us=1696 mean=166.67573180911953 returncode=0
2026-01-12-14-30-26 final reuse exposure_us=1696 mean=166.67573180911953
Iteration 1: running shutter 1497us -> rpicam-still --camera 0 --width 9248 --height 6944 --shutter 1497 --nopreview 1 -t 5001ms -o /media/pi/USB DISK/winter_images/rpicam_2026-01-12-14-30-01_iter1.jpg --quality 95 --metadata - --metadata-format json
Adjusting exposure: 1497 -> 1696 (factor 1.133)
Iteration 2: running shutter 1696us -> rpicam-still --camera 0 --width 9248 --height 6944 --shutter 1696 --nopreview 1 -t 5001ms -o /media/pi/USB DISK/winter_images/rpicam_2026-01-12-14-30-13_iter2.jpg --quality 95 --metadata - --metadata-format json
Mean brightness 166.67573180911953 within tolerance 5.0% of target 170.0 -> reusing image
Capture complete. Final exposure (us): 1696
2026-01-12-15-00-01 iter1 exposure_us=1696 mean=152.53135018980316 returncode=0
2026-01-12-15-00-01 iter1 factor=1.384 new_exposure=2348
2026-01-12-15-00-13 iter2 exposure_us=2348 mean=171.09381747317641 returncode=0
2026-01-12-15-00-26 final reuse exposure_us=2348 mean=171.09381747317641
Iteration 1: running shutter 1696us -> rpicam-still --camera 0 --width 9248 --height 6944 --shutter 1696 --nopreview 1 -t 5001ms -o /media/pi/USB DISK/winter_images/rpicam_2026-01-12-15-00-01_iter1.jpg --quality 95 --metadata - --metadata-format json
Adjusting exposure: 1696 -> 2348 (factor 1.384)
Iteration 2: running shutter 2348us -> rpicam-still --camera 0 --width 9248 --height 6944 --shutter 2348 --nopreview 1 -t 5002ms -o /media/pi/USB DISK/winter_images/rpicam_2026-01-12-15-00-13_iter2.jpg --quality 95 --metadata - --metadata-format json
Mean brightness 171.09381747317641 within tolerance 5.0% of target 170.0 -> reusing image
Capture complete. Final exposure (us): 2348
2026-01-12-15-30-01 iter1 exposure_us=2348 mean=152.36804990467488 returncode=0
2026-01-12-15-30-01 iter1 factor=1.389 new_exposure=3261
2026-01-12-15-30-14 iter2 exposure_us=3261 mean=171.42091475688355 returncode=0
2026-01-12-15-30-26 final reuse exposure_us=3261 mean=171.42091475688355
Iteration 1: running shutter 2348us -> rpicam-still --camera 0 --width 9248 --height 6944 --shutter 2348 --nopreview 1 -t 5002ms -o /media/pi/USB DISK/winter_images/rpicam_2026-01-12-15-30-01_iter1.jpg --quality 95 --metadata - --metadata-format json
Adjusting exposure: 2348 -> 3261 (factor 1.389)
Iteration 2: running shutter 3261us -> rpicam-still --camera 0 --width 9248 --height 6944 --shutter 3261 --nopreview 1 -t 5003ms -o /media/pi/USB DISK/winter_images/rpicam_2026-01-12-15-30-14_iter2.jpg --quality 95 --metadata - --metadata-format json
Mean brightness 171.42091475688355 within tolerance 5.0% of target 170.0 -> reusing image
Capture complete. Final exposure (us): 3261
2026-01-12-16-00-01 iter1 exposure_us=3261 mean=144.12604141959204 returncode=0
2026-01-12-16-00-01 iter1 factor=1.641 new_exposure=5351
2026-01-12-16-00-15 iter2 exposure_us=5351 mean=165.8170359944559 returncode=0
2026-01-12-16-00-27 final reuse exposure_us=5351 mean=165.8170359944559
Iteration 1: running shutter 3261us -> rpicam-still --camera 0 --width 9248 --height 6944 --shutter 3261 --nopreview 1 -t 5003ms -o /media/pi/USB DISK/winter_images/rpicam_2026-01-12-16-00-01_iter1.jpg --quality 95 --metadata - --metadata-format json
Adjusting exposure: 3261 -> 5351 (factor 1.641)
Iteration 2: running shutter 5351us -> rpicam-still --camera 0 --width 9248 --height 6944 --shutter 5351 --nopreview 1 -t 5005ms -o /media/pi/USB DISK/winter_images/rpicam_2026-01-12-16-00-15_iter2.jpg --quality 95 --metadata - --metadata-format json
Mean brightness 165.8170359944559 within tolerance 5.0% of target 170.0 -> reusing image
Capture complete. Final exposure (us): 5351
2026-01-12-16-30-01 iter1 exposure_us=5351 mean=147.0883932246404 returncode=0
2026-01-12-16-30-01 iter1 factor=1.544 new_exposure=8261
2026-01-12-16-30-15 iter2 exposure_us=8261 mean=166.54491916548403 returncode=0
2026-01-12-16-30-28 final reuse exposure_us=8261 mean=166.54491916548403
Iteration 1: running shutter 5351us -> rpicam-still --camera 0 --width 9248 --height 6944 --shutter 5351 --nopreview 1 -t 5005ms -o /media/pi/USB DISK/winter_images/rpicam_2026-01-12-16-30-01_iter1.jpg --quality 95 --metadata - --metadata-format json
Adjusting exposure: 5351 -> 8261 (factor 1.544)
Iteration 2: running shutter 8261us -> rpicam-still --camera 0 --width 9248 --height 6944 --shutter 8261 --nopreview 1 -t 5008ms -o /media/pi/USB DISK/winter_images/rpicam_2026-01-12-16-30-15_iter2.jpg --quality 95 --metadata - --metadata-format json
Mean brightness 166.54491916548403 within tolerance 5.0% of target 170.0 -> reusing image
Capture complete. Final exposure (us): 8261
2026-01-12-17-00-02 iter1 exposure_us=8261 mean=147.0648062029603 returncode=0
2026-01-12-17-00-02 iter1 factor=1.545 new_exposure=12760
2026-01-12-17-00-13 iter2 exposure_us=12760 mean=154.56095521774293 returncode=0
2026-01-12-17-00-13 iter2 factor=1.308 new_exposure=16684
2026-01-12-17-00-27 iter3 exposure_us=16684 mean=168.6623875675448 returncode=0
2026-01-12-17-00-39 final reuse exposure_us=16684 mean=168.6623875675448
Iteration 1: running shutter 8261us -> rpicam-still --camera 0 --width 9248 --height 6944 --shutter 8261 --nopreview 1 -t 5008ms -o /media/pi/USB DISK/winter_images/rpicam_2026-01-12-17-00-02_iter1.jpg --quality 95 --metadata - --metadata-format json
Adjusting exposure: 8261 -> 12760 (factor 1.545)
Iteration 2: running shutter 12760us -> rpicam-still --camera 0 --width 9248 --height 6944 --shutter 12760 --nopreview 1 -t 5012ms -o /media/pi/USB DISK/winter_images/rpicam_2026-01-12-17-00-13_iter2.jpg --quality 95 --metadata - --metadata-format json
Adjusting exposure: 12760 -> 16684 (factor 1.308)
Iteration 3: running shutter 16684us -> rpicam-still --camera 0 --width 9248 --height 6944 --shutter 16684 --nopreview 1 -t 5016ms -o /media/pi/USB DISK/winter_images/rpicam_2026-01-12-17-00-27_iter3.jpg --quality 95 --metadata - --metadata-format json
Mean brightness 168.6623875675448 within tolerance 5.0% of target 170.0 -> reusing image
Capture complete. Final exposure (us): 16684
2026-01-12-17-30-01 iter1 exposure_us=16684 mean=140.09456646747884 returncode=0
2026-01-12-17-30-01 iter1 factor=1.787 new_exposure=29811
2026-01-12-17-30-14 iter2 exposure_us=29811 mean=141.64595013319607 returncode=0
2026-01-12-17-30-14 iter2 factor=1.729 new_exposure=51536
2026-01-12-17-30-26 iter3 exposure_us=51536 mean=142.75210694453304 returncode=0
2026-01-12-17-30-26 iter3 factor=1.689 new_exposure=87038
2026-01-12-17-30-42 iter4 exposure_us=87038 mean=148.79914275586302 returncode=0
2026-01-12-17-30-42 iter4 factor=1.491 new_exposure=129794
2026-01-12-17-30-54 iter5 exposure_us=129794 mean=169.7547650887027 returncode=0
2026-01-12-17-31-08 final reuse exposure_us=129794 mean=169.7547650887027
Iteration 1: running shutter 16684us -> rpicam-still --camera 0 --width 9248 --height 6944 --shutter 16684 --nopreview 1 -t 5016ms -o /media/pi/USB DISK/winter_images/rpicam_2026-01-12-17-30-01_iter1.jpg --quality 95 --metadata - --metadata-format json
Adjusting exposure: 16684 -> 29811 (factor 1.787)
Iteration 2: running shutter 29811us -> rpicam-still --camera 0 --width 9248 --height 6944 --shutter 29811 --nopreview 1 -t 5029ms -o /media/pi/USB DISK/winter_images/rpicam_2026-01-12-17-30-14_iter2.jpg --quality 95 --metadata - --metadata-format json
Adjusting exposure: 29811 -> 51536 (factor 1.729)
Iteration 3: running shutter 51536us -> rpicam-still --camera 0 --width 9248 --height 6944 --shutter 51536 --nopreview 1 -t 5051ms -o /media/pi/USB DISK/winter_images/rpicam_2026-01-12-17-30-26_iter3.jpg --quality 95 --metadata - --metadata-format json
Adjusting exposure: 51536 -> 87038 (factor 1.689)
Iteration 4: running shutter 87038us -> rpicam-still --camera 0 --width 9248 --height 6944 --shutter 87038 --nopreview 1 -t 5087ms -o /media/pi/USB DISK/winter_images/rpicam_2026-01-12-17-30-42_iter4.jpg --quality 95 --metadata - --metadata-format json
Adjusting exposure: 87038 -> 129794 (factor 1.491)
Iteration 5: running shutter 129794us -> rpicam-still --camera 0 --width 9248 --height 6944 --shutter 129794 --nopreview 1 -t 5129ms -o /media/pi/USB DISK/winter_images/rpicam_2026-01-12-17-30-54_iter5.jpg --quality 95 --metadata - --metadata-format json
Mean brightness 169.7547650887027 within tolerance 5.0% of target 170.0 -> reusing image
Capture complete. Final exposure (us): 129794
2026-01-12-18-00-01 iter1 exposure_us=129794 mean=50.610428939424445 returncode=0
2026-01-12-18-00-01 iter1 factor=20.000 new_exposure=2595880
2026-01-12-18-00-14 iter2 exposure_us=2595880 mean=73.95253297076064 returncode=0
2026-01-12-18-00-14 iter2 factor=12.148 new_exposure=31533503
2026-01-12-18-00-35 iter3 exposure_us=31533503 mean=181.47828478669695 returncode=0
2026-01-12-18-00-35 iter3 factor=0.822 new_exposure=25920596
2026-01-12-18-02-21 iter4 exposure_us=25920596 mean=149.19999536890776 returncode=0
2026-01-12-18-02-21 iter4 factor=1.250 new_exposure=32400745
2026-01-12-18-03-52 iter5 exposure_us=32400745 mean=143.25226171395386 returncode=0
2026-01-12-18-03-52 iter5 factor=1.250 new_exposure=40500931
2026-01-12-18-05-43 final exposure_us=40500931 mean=138.43803164129147 returncode=0
Iteration 1: running shutter 129794us -> rpicam-still --camera 0 --width 9248 --height 6944 --shutter 129794 --nopreview 1 -t 5129ms -o /media/pi/USB DISK/winter_images/rpicam_2026-01-12-18-00-01_iter1.jpg --quality 95 --metadata - --metadata-format json
Adjusting exposure: 129794 -> 2595880 (factor 20.000)
Iteration 2: running shutter 2595880us -> rpicam-still --camera 0 --width 9248 --height 6944 --shutter 2595880 --nopreview 1 -t 7595ms -o /media/pi/USB DISK/winter_images/rpicam_2026-01-12-18-00-14_iter2.jpg --quality 95 --metadata - --metadata-format json
Adjusting exposure: 2595880 -> 31533503 (factor 12.148)
Iteration 3: running shutter 31533503us -> rpicam-still --camera 0 --width 9248 --height 6944 --shutter 31533503 --nopreview 1 -t 36533ms -o /media/pi/USB DISK/winter_images/rpicam_2026-01-12-18-00-35_iter3.jpg --quality 95 --metadata - --metadata-format json
Adjusting exposure: 31533503 -> 25920596 (factor 0.822)
Iteration 4: running shutter 25920596us -> rpicam-still --camera 0 --width 9248 --height 6944 --shutter 25920596 --nopreview 1 -t 30920ms -o /media/pi/USB DISK/winter_images/rpicam_2026-01-12-18-02-21_iter4.jpg --quality 95 --metadata - --metadata-format json
Adjusting exposure: 25920596 -> 32400745 (factor 1.250)
Iteration 5: running shutter 32400745us -> rpicam-still --camera 0 --width 9248 --height 6944 --shutter 32400745 --nopreview 1 -t 37400ms -o /media/pi/USB DISK/winter_images/rpicam_2026-01-12-18-03-52_iter5.jpg --quality 95 --metadata - --metadata-format json
Adjusting exposure: 32400745 -> 40500931 (factor 1.250)
Final capture attempt 1: rpicam-still --camera 0 --width 9248 --height 6944 --shutter 40500931 --nopreview 1 -t 45500ms -o /media/pi/USB DISK/winter_images/rpicam_2026-01-12-18-05-43_ex40500931us.jpg --quality 95 --metadata - --metadata-format json
Capture complete. Final exposure (us): 40500931
2026-01-12-18-30-01 iter1 exposure_us=40500931 mean=39.58425356696877 returncode=0
2026-01-12-18-30-01 iter1 factor=20.000 new_exposure=240000000
2026-01-12-18-32-16 final exposure_us=240000000 mean=144.69300299579035 returncode=0
Iteration 1: running shutter 40500931us -> rpicam-still --camera 0 --width 9248 --height 6944 --shutter 40500931 --nopreview 1 -t 45500ms -o /media/pi/USB DISK/winter_images/rpicam_2026-01-12-18-30-01_iter1.jpg --quality 95 --metadata - --metadata-format json
Adjusting exposure: 40500931 -> 240000000 (factor 20.000)
Reached MaxExposure without achieving target brightness; stopping loop early
Final capture attempt 1: rpicam-still --camera 0 --width 9248 --height 6944 --shutter 240000000 --nopreview 1 -t 245000ms -o /media/pi/USB DISK/winter_images/rpicam_2026-01-12-18-32-16_ex240000000us.jpg --quality 95 --metadata - --metadata-format json
Capture complete. Final exposure (us): 240000000
2026-01-12-19-00-01 iter1 exposure_us=240000000 mean=125.1428496527584 returncode=0
2026-01-12-19-00-01 iter1 factor=2.507 new_exposure=240000000
2026-01-12-19-12-12 final exposure_us=240000000 mean=147.27272731094928 returncode=0
Iteration 1: running shutter 240000000us -> rpicam-still --camera 0 --width 9248 --height 6944 --shutter 240000000 --nopreview 1 -t 245000ms -o /media/pi/USB DISK/winter_images/rpicam_2026-01-12-19-00-01_iter1.jpg --quality 95 --metadata - --metadata-format json
Adjusting exposure: 240000000 -> 240000000 (factor 2.507)
Reached MaxExposure without achieving target brightness; stopping loop early
Final capture attempt 1: rpicam-still --camera 0 --width 9248 --height 6944 --shutter 240000000 --nopreview 1 -t 245000ms -o /media/pi/USB DISK/winter_images/rpicam_2026-01-12-19-12-12_ex240000000us.jpg --quality 95 --metadata - --metadata-format json
Capture complete. Final exposure (us): 240000000
2026-01-12-19-30-01 iter1 exposure_us=240000000 mean=144.72631627662923 returncode=0
2026-01-12-19-30-01 iter1 factor=1.621 new_exposure=240000000
2026-01-12-19-42-13 final exposure_us=240000000 mean=158.6586898724148 returncode=0
Iteration 1: running shutter 240000000us -> rpicam-still --camera 0 --width 9248 --height 6944 --shutter 240000000 --nopreview 1 -t 245000ms -o /media/pi/USB DISK/winter_images/rpicam_2026-01-12-19-30-01_iter1.jpg --quality 95 --metadata - --metadata-format json
Adjusting exposure: 240000000 -> 240000000 (factor 1.621)
Reached MaxExposure without achieving target brightness; stopping loop early
Final capture attempt 1: rpicam-still --camera 0 --width 9248 --height 6944 --shutter 240000000 --nopreview 1 -t 245000ms -o /media/pi/USB DISK/winter_images/rpicam_2026-01-12-19-42-13_ex240000000us.jpg --quality 95 --metadata - --metadata-format json
Capture complete. Final exposure (us): 240000000
2026-01-12-20-00-01 iter1 exposure_us=240000000 mean=144.91595730811892 returncode=0
2026-01-12-20-00-01 iter1 factor=1.614 new_exposure=240000000
2026-01-12-20-12-14 final exposure_us=240000000 mean=143.9992444499147 returncode=0
Iteration 1: running shutter 240000000us -> rpicam-still --camera 0 --width 9248 --height 6944 --shutter 240000000 --nopreview 1 -t 245000ms -o /media/pi/USB DISK/winter_images/rpicam_2026-01-12-20-00-01_iter1.jpg --quality 95 --metadata - --metadata-format json
Adjusting exposure: 240000000 -> 240000000 (factor 1.614)
Reached MaxExposure without achieving target brightness; stopping loop early
Final capture attempt 1: rpicam-still --camera 0 --width 9248 --height 6944 --shutter 240000000 --nopreview 1 -t 245000ms -o /media/pi/USB DISK/winter_images/rpicam_2026-01-12-20-12-14_ex240000000us.jpg --quality 95 --metadata - --metadata-format json
Capture complete. Final exposure (us): 240000000
2026-01-12-20-30-01 iter1 exposure_us=240000000 mean=146.51365318868298 returncode=0
2026-01-12-20-30-01 iter1 factor=1.562 new_exposure=240000000
2026-01-12-20-42-14 final exposure_us=240000000 mean=145.57979058929666 returncode=0
Iteration 1: running shutter 240000000us -> rpicam-still --camera 0 --width 9248 --height 6944 --shutter 240000000 --nopreview 1 -t 245000ms -o /media/pi/USB DISK/winter_images/rpicam_2026-01-12-20-30-01_iter1.jpg --quality 95 --metadata - --metadata-format json
Adjusting exposure: 240000000 -> 240000000 (factor 1.562)
Reached MaxExposure without achieving target brightness; stopping loop early
Final capture attempt 1: rpicam-still --camera 0 --width 9248 --height 6944 --shutter 240000000 --nopreview 1 -t 245000ms -o /media/pi/USB DISK/winter_images/rpicam_2026-01-12-20-42-14_ex240000000us.jpg --quality 95 --metadata - --metadata-format json
Capture complete. Final exposure (us): 240000000
2026-01-12-21-00-01 iter1 exposure_us=240000000 mean=144.8503629941659 returncode=0
2026-01-12-21-00-01 iter1 factor=1.617 new_exposure=240000000
2026-01-12-21-12-13 final exposure_us=240000000 mean=145.56669514046132 returncode=0
Iteration 1: running shutter 240000000us -> rpicam-still --camera 0 --width 9248 --height 6944 --shutter 240000000 --nopreview 1 -t 245000ms -o /media/pi/USB DISK/winter_images/rpicam_2026-01-12-21-00-01_iter1.jpg --quality 95 --metadata - --metadata-format json
Adjusting exposure: 240000000 -> 240000000 (factor 1.617)
Reached MaxExposure without achieving target brightness; stopping loop early
Final capture attempt 1: rpicam-still --camera 0 --width 9248 --height 6944 --shutter 240000000 --nopreview 1 -t 245000ms -o /media/pi/USB DISK/winter_images/rpicam_2026-01-12-21-12-13_ex240000000us.jpg --quality 95 --metadata - --metadata-format json
Capture complete. Final exposure (us): 240000000
2026-01-12-21-30-01 iter1 exposure_us=240000000 mean=156.8897498574857 returncode=0
2026-01-12-21-30-01 iter1 factor=1.226 new_exposure=240000000
2026-01-12-21-42-13 final exposure_us=240000000 mean=144.91982436356895 returncode=0
Iteration 1: running shutter 240000000us -> rpicam-still --camera 0 --width 9248 --height 6944 --shutter 240000000 --nopreview 1 -t 245000ms -o /media/pi/USB DISK/winter_images/rpicam_2026-01-12-21-30-01_iter1.jpg --quality 95 --metadata - --metadata-format json
Adjusting exposure: 240000000 -> 240000000 (factor 1.226)
Reached MaxExposure without achieving target brightness; stopping loop early
Final capture attempt 1: rpicam-still --camera 0 --width 9248 --height 6944 --shutter 240000000 --nopreview 1 -t 245000ms -o /media/pi/USB DISK/winter_images/rpicam_2026-01-12-21-42-13_ex240000000us.jpg --quality 95 --metadata - --metadata-format json
Capture complete. Final exposure (us): 240000000
2026-01-12-22-00-01 iter1 exposure_us=240000000 mean=147.14700075579924 returncode=0
2026-01-12-22-00-01 iter1 factor=1.542 new_exposure=240000000
2026-01-12-22-12-14 final exposure_us=240000000 mean=139.57998959857306 returncode=0
Iteration 1: running shutter 240000000us -> rpicam-still --camera 0 --width 9248 --height 6944 --shutter 240000000 --nopreview 1 -t 245000ms -o /media/pi/USB DISK/winter_images/rpicam_2026-01-12-22-00-01_iter1.jpg --quality 95 --metadata - --metadata-format json
Adjusting exposure: 240000000 -> 240000000 (factor 1.542)
Reached MaxExposure without achieving target brightness; stopping loop early
Final capture attempt 1: rpicam-still --camera 0 --width 9248 --height 6944 --shutter 240000000 --nopreview 1 -t 245000ms -o /media/pi/USB DISK/winter_images/rpicam_2026-01-12-22-12-14_ex240000000us.jpg --quality 95 --metadata - --metadata-format json
Capture complete. Final exposure (us): 240000000
2026-01-12-22-30-02 iter1 exposure_us=240000000 mean=85.51205664532772 returncode=0
2026-01-12-22-30-02 iter1 factor=7.857 new_exposure=240000000
2026-01-12-22-42-16 final exposure_us=240000000 mean=72.27807555289075 returncode=0
Iteration 1: running shutter 240000000us -> rpicam-still --camera 0 --width 9248 --height 6944 --shutter 240000000 --nopreview 1 -t 245000ms -o /media/pi/USB DISK/winter_images/rpicam_2026-01-12-22-30-02_iter1.jpg --quality 95 --metadata - --metadata-format json
Adjusting exposure: 240000000 -> 240000000 (factor 7.857)
Reached MaxExposure without achieving target brightness; stopping loop early
Final capture attempt 1: rpicam-still --camera 0 --width 9248 --height 6944 --shutter 240000000 --nopreview 1 -t 245000ms -o /media/pi/USB DISK/winter_images/rpicam_2026-01-12-22-42-16_ex240000000us.jpg --quality 95 --metadata - --metadata-format json
Capture complete. Final exposure (us): 240000000
2026-01-12-23-00-01 iter1 exposure_us=240000000 mean=70.36105086677104 returncode=0
2026-01-12-23-00-01 iter1 factor=14.104 new_exposure=240000000
2026-01-12-23-12-13 final exposure_us=240000000 mean=79.17878641464888 returncode=0
Iteration 1: running shutter 240000000us -> rpicam-still --camera 0 --width 9248 --height 6944 --shutter 240000000 --nopreview 1 -t 245000ms -o /media/pi/USB DISK/winter_images/rpicam_2026-01-12-23-00-01_iter1.jpg --quality 95 --metadata - --metadata-format json
Adjusting exposure: 240000000 -> 240000000 (factor 14.104)
Reached MaxExposure without achieving target brightness; stopping loop early
Final capture attempt 1: rpicam-still --camera 0 --width 9248 --height 6944 --shutter 240000000 --nopreview 1 -t 245000ms -o /media/pi/USB DISK/winter_images/rpicam_2026-01-12-23-12-13_ex240000000us.jpg --quality 95 --metadata - --metadata-format json
Capture complete. Final exposure (us): 240000000
2026-01-12-23-30-01 iter1 exposure_us=240000000 mean=81.95556029426714 returncode=0
2026-01-12-23-30-01 iter1 factor=8.925 new_exposure=240000000
2026-01-12-23-42-14 final exposure_us=240000000 mean=79.07621468223793 returncode=0
Iteration 1: running shutter 240000000us -> rpicam-still --camera 0 --width 9248 --height 6944 --shutter 240000000 --nopreview 1 -t 245000ms -o /media/pi/USB DISK/winter_images/rpicam_2026-01-12-23-30-01_iter1.jpg --quality 95 --metadata - --metadata-format json
Adjusting exposure: 240000000 -> 240000000 (factor 8.925)
Reached MaxExposure without achieving target brightness; stopping loop early
Final capture attempt 1: rpicam-still --camera 0 --width 9248 --height 6944 --shutter 240000000 --nopreview 1 -t 245000ms -o /media/pi/USB DISK/winter_images/rpicam_2026-01-12-23-42-14_ex240000000us.jpg --quality 95 --metadata - --metadata-format json
Capture complete. Final exposure (us): 240000000
2026-01-13-00-00-01 iter1 exposure_us=240000000 mean=69.23002487211085 returncode=0
2026-01-13-00-00-01 iter1 factor=14.807 new_exposure=240000000
2026-01-13-00-12-15 final exposure_us=240000000 mean=70.70649423639237 returncode=0
Iteration 1: running shutter 240000000us -> rpicam-still --camera 0 --width 9248 --height 6944 --shutter 240000000 --nopreview 1 -t 245000ms -o /media/pi/USB DISK/winter_images/rpicam_2026-01-13-00-00-01_iter1.jpg --quality 95 --metadata - --metadata-format json
Adjusting exposure: 240000000 -> 240000000 (factor 14.807)
Reached MaxExposure without achieving target brightness; stopping loop early
Final capture attempt 1: rpicam-still --camera 0 --width 9248 --height 6944 --shutter 240000000 --nopreview 1 -t 245000ms -o /media/pi/USB DISK/winter_images/rpicam_2026-01-13-00-12-15_ex240000000us.jpg --quality 95 --metadata - --metadata-format json
Capture complete. Final exposure (us): 240000000
2026-01-13-00-30-01 iter1 exposure_us=240000000 mean=70.5936355618801 returncode=0
2026-01-13-00-30-01 iter1 factor=13.965 new_exposure=240000000
2026-01-13-00-42-13 final exposure_us=240000000 mean=70.29808152877493 returncode=0
Iteration 1: running shutter 240000000us -> rpicam-still --camera 0 --width 9248 --height 6944 --shutter 240000000 --nopreview 1 -t 245000ms -o /media/pi/USB DISK/winter_images/rpicam_2026-01-13-00-30-01_iter1.jpg --quality 95 --metadata - --metadata-format json
Adjusting exposure: 240000000 -> 240000000 (factor 13.965)
Reached MaxExposure without achieving target brightness; stopping loop early
Final capture attempt 1: rpicam-still --camera 0 --width 9248 --height 6944 --shutter 240000000 --nopreview 1 -t 245000ms -o /media/pi/USB DISK/winter_images/rpicam_2026-01-13-00-42-13_ex240000000us.jpg --quality 95 --metadata - --metadata-format json
Capture complete. Final exposure (us): 240000000
2026-01-13-01-00-01 iter1 exposure_us=240000000 mean=62.7751247498525 returncode=0
2026-01-13-01-00-01 iter1 factor=19.860 new_exposure=240000000
2026-01-13-01-12-13 final exposure_us=240000000 mean=72.38235773733118 returncode=0
Iteration 1: running shutter 240000000us -> rpicam-still --camera 0 --width 9248 --height 6944 --shutter 240000000 --nopreview 1 -t 245000ms -o /media/pi/USB DISK/winter_images/rpicam_2026-01-13-01-00-01_iter1.jpg --quality 95 --metadata - --metadata-format json
Adjusting exposure: 240000000 -> 240000000 (factor 19.860)
Reached MaxExposure without achieving target brightness; stopping loop early
Final capture attempt 1: rpicam-still --camera 0 --width 9248 --height 6944 --shutter 240000000 --nopreview 1 -t 245000ms -o /media/pi/USB DISK/winter_images/rpicam_2026-01-13-01-12-13_ex240000000us.jpg --quality 95 --metadata - --metadata-format json
Capture complete. Final exposure (us): 240000000
2026-01-13-01-30-02 iter1 exposure_us=240000000 mean=75.00864080214629 returncode=0
2026-01-13-01-30-02 iter1 factor=11.642 new_exposure=240000000
2026-01-13-01-42-15 final exposure_us=240000000 mean=76.22526795867185 returncode=0
Iteration 1: running shutter 240000000us -> rpicam-still --camera 0 --width 9248 --height 6944 --shutter 240000000 --nopreview 1 -t 245000ms -o /media/pi/USB DISK/winter_images/rpicam_2026-01-13-01-30-02_iter1.jpg --quality 95 --metadata - --metadata-format json
Adjusting exposure: 240000000 -> 240000000 (factor 11.642)
Reached MaxExposure without achieving target brightness; stopping loop early
Final capture attempt 1: rpicam-still --camera 0 --width 9248 --height 6944 --shutter 240000000 --nopreview 1 -t 245000ms -o /media/pi/USB DISK/winter_images/rpicam_2026-01-13-01-42-15_ex240000000us.jpg --quality 95 --metadata - --metadata-format json
Capture complete. Final exposure (us): 240000000
2026-01-13-02-00-01 iter1 exposure_us=240000000 mean=85.50760653007052 returncode=0
2026-01-13-02-00-01 iter1 factor=7.858 new_exposure=240000000
2026-01-13-02-12-13 final exposure_us=240000000 mean=84.16870151835046 returncode=0
Iteration 1: running shutter 240000000us -> rpicam-still --camera 0 --width 9248 --height 6944 --shutter 240000000 --nopreview 1 -t 245000ms -o /media/pi/USB DISK/winter_images/rpicam_2026-01-13-02-00-01_iter1.jpg --quality 95 --metadata - --metadata-format json
Adjusting exposure: 240000000 -> 240000000 (factor 7.858)
Reached MaxExposure without achieving target brightness; stopping loop early
Final capture attempt 1: rpicam-still --camera 0 --width 9248 --height 6944 --shutter 240000000 --nopreview 1 -t 245000ms -o /media/pi/USB DISK/winter_images/rpicam_2026-01-13-02-12-13_ex240000000us.jpg --quality 95 --metadata - --metadata-format json
Capture complete. Final exposure (us): 240000000
2026-01-13-02-30-01 iter1 exposure_us=240000000 mean=88.9300697909026 returncode=0
2026-01-13-02-30-01 iter1 factor=6.986 new_exposure=240000000
2026-01-13-02-42-12 final exposure_us=240000000 mean=84.8116835948089 returncode=0
Iteration 1: running shutter 240000000us -> rpicam-still --camera 0 --width 9248 --height 6944 --shutter 240000000 --nopreview 1 -t 245000ms -o /media/pi/USB DISK/winter_images/rpicam_2026-01-13-02-30-01_iter1.jpg --quality 95 --metadata - --metadata-format json
Adjusting exposure: 240000000 -> 240000000 (factor 6.986)
Reached MaxExposure without achieving target brightness; stopping loop early
Final capture attempt 1: rpicam-still --camera 0 --width 9248 --height 6944 --shutter 240000000 --nopreview 1 -t 245000ms -o /media/pi/USB DISK/winter_images/rpicam_2026-01-13-02-42-12_ex240000000us.jpg --quality 95 --metadata - --metadata-format json
Capture complete. Final exposure (us): 240000000
2026-01-13-03-00-01 iter1 exposure_us=240000000 mean=104.52484177672493 returncode=0
2026-01-13-03-00-01 iter1 factor=4.302 new_exposure=240000000
2026-01-13-03-12-15 final exposure_us=240000000 mean=91.34026697950884 returncode=0
Iteration 1: running shutter 240000000us -> rpicam-still --camera 0 --width 9248 --height 6944 --shutter 240000000 --nopreview 1 -t 245000ms -o /media/pi/USB DISK/winter_images/rpicam_2026-01-13-03-00-01_iter1.jpg --quality 95 --metadata - --metadata-format json
Adjusting exposure: 240000000 -> 240000000 (factor 4.302)
Reached MaxExposure without achieving target brightness; stopping loop early
Final capture attempt 1: rpicam-still --camera 0 --width 9248 --height 6944 --shutter 240000000 --nopreview 1 -t 245000ms -o /media/pi/USB DISK/winter_images/rpicam_2026-01-13-03-12-15_ex240000000us.jpg --quality 95 --metadata - --metadata-format json
Capture complete. Final exposure (us): 240000000
2026-01-13-03-30-02 iter1 exposure_us=240000000 mean=80.52607284686289 returncode=0
2026-01-13-03-30-02 iter1 factor=9.409 new_exposure=240000000
2026-01-13-03-42-15 final exposure_us=240000000 mean=96.68915294488882 returncode=0
Iteration 1: running shutter 240000000us -> rpicam-still --camera 0 --width 9248 --height 6944 --shutter 240000000 --nopreview 1 -t 245000ms -o /media/pi/USB DISK/winter_images/rpicam_2026-01-13-03-30-02_iter1.jpg --quality 95 --metadata - --metadata-format json
Adjusting exposure: 240000000 -> 240000000 (factor 9.409)
Reached MaxExposure without achieving target brightness; stopping loop early
Final capture attempt 1: rpicam-still --camera 0 --width 9248 --height 6944 --shutter 240000000 --nopreview 1 -t 245000ms -o /media/pi/USB DISK/winter_images/rpicam_2026-01-13-03-42-15_ex240000000us.jpg --quality 95 --metadata - --metadata-format json
Capture complete. Final exposure (us): 240000000
2026-01-13-04-00-01 iter1 exposure_us=240000000 mean=89.39842834370465 returncode=0
2026-01-13-04-00-01 iter1 factor=6.876 new_exposure=240000000
2026-01-13-04-12-13 final exposure_us=240000000 mean=85.7746086337761 returncode=0
Iteration 1: running shutter 240000000us -> rpicam-still --camera 0 --width 9248 --height 6944 --shutter 240000000 --nopreview 1 -t 245000ms -o /media/pi/USB DISK/winter_images/rpicam_2026-01-13-04-00-01_iter1.jpg --quality 95 --metadata - --metadata-format json
Adjusting exposure: 240000000 -> 240000000 (factor 6.876)
Reached MaxExposure without achieving target brightness; stopping loop early
Final capture attempt 1: rpicam-still --camera 0 --width 9248 --height 6944 --shutter 240000000 --nopreview 1 -t 245000ms -o /media/pi/USB DISK/winter_images/rpicam_2026-01-13-04-12-13_ex240000000us.jpg --quality 95 --metadata - --metadata-format json
Capture complete. Final exposure (us): 240000000
2026-01-13-04-30-01 iter1 exposure_us=240000000 mean=79.42731299855093 returncode=0
2026-01-13-04-30-01 iter1 factor=9.805 new_exposure=240000000
2026-01-13-04-38-14 final exposure_us=240000000 mean=83.70523090121367 returncode=0
Iteration 1: running shutter 240000000us -> rpicam-still --camera 0 --width 9248 --height 6944 --shutter 240000000 --nopreview 1 -t 245000ms -o /media/pi/USB DISK/winter_images/rpicam_2026-01-13-04-30-01_iter1.jpg --quality 95 --metadata - --metadata-format json
Adjusting exposure: 240000000 -> 240000000 (factor 9.805)
Reached MaxExposure without achieving target brightness; stopping loop early
Final capture attempt 1: rpicam-still --camera 0 --width 9248 --height 6944 --shutter 240000000 --nopreview 1 -t 245000ms -o /media/pi/USB DISK/winter_images/rpicam_2026-01-13-04-38-14_ex240000000us.jpg --quality 95 --metadata - --metadata-format json
Capture complete. Final exposure (us): 240000000
2026-01-13-05-00-01 iter1 exposure_us=240000000 mean=107.71270883827914 returncode=0
2026-01-13-05-00-01 iter1 factor=3.931 new_exposure=240000000
2026-01-13-05-12-15 final exposure_us=240000000 mean=91.80777695551062 returncode=0
Iteration 1: running shutter 240000000us -> rpicam-still --camera 0 --width 9248 --height 6944 --shutter 240000000 --nopreview 1 -t 245000ms -o /media/pi/USB DISK/winter_images/rpicam_2026-01-13-05-00-01_iter1.jpg --quality 95 --metadata - --metadata-format json
Adjusting exposure: 240000000 -> 240000000 (factor 3.931)
Reached MaxExposure without achieving target brightness; stopping loop early
Final capture attempt 1: rpicam-still --camera 0 --width 9248 --height 6944 --shutter 240000000 --nopreview 1 -t 245000ms -o /media/pi/USB DISK/winter_images/rpicam_2026-01-13-05-12-15_ex240000000us.jpg --quality 95 --metadata - --metadata-format json
Capture complete. Final exposure (us): 240000000
2026-01-13-05-30-02 iter1 exposure_us=240000000 mean=107.14757962675701 returncode=0
2026-01-13-05-30-02 iter1 factor=3.994 new_exposure=240000000
2026-01-13-05-42-13 final exposure_us=240000000 mean=111.70700854612481 returncode=0
Iteration 1: running shutter 240000000us -> rpicam-still --camera 0 --width 9248 --height 6944 --shutter 240000000 --nopreview 1 -t 245000ms -o /media/pi/USB DISK/winter_images/rpicam_2026-01-13-05-30-02_iter1.jpg --quality 95 --metadata - --metadata-format json
Adjusting exposure: 240000000 -> 240000000 (factor 3.994)
Reached MaxExposure without achieving target brightness; stopping loop early
Final capture attempt 1: rpicam-still --camera 0 --width 9248 --height 6944 --shutter 240000000 --nopreview 1 -t 245000ms -o /media/pi/USB DISK/winter_images/rpicam_2026-01-13-05-42-13_ex240000000us.jpg --quality 95 --metadata - --metadata-format json
Capture complete. Final exposure (us): 240000000
2026-01-13-06-00-01 iter1 exposure_us=240000000 mean=125.89528250223239 returncode=0
2026-01-13-06-00-01 iter1 factor=2.462 new_exposure=240000000
2026-01-13-06-12-15 final exposure_us=240000000 mean=151.62010909009595 returncode=0
Iteration 1: running shutter 240000000us -> rpicam-still --camera 0 --width 9248 --height 6944 --shutter 240000000 --nopreview 1 -t 245000ms -o /media/pi/USB DISK/winter_images/rpicam_2026-01-13-06-00-01_iter1.jpg --quality 95 --metadata - --metadata-format json
Adjusting exposure: 240000000 -> 240000000 (factor 2.462)
Reached MaxExposure without achieving target brightness; stopping loop early
Final capture attempt 1: rpicam-still --camera 0 --width 9248 --height 6944 --shutter 240000000 --nopreview 1 -t 245000ms -o /media/pi/USB DISK/winter_images/rpicam_2026-01-13-06-12-15_ex240000000us.jpg --quality 95 --metadata - --metadata-format json
Capture complete. Final exposure (us): 240000000
2026-01-13-06-30-01 iter1 exposure_us=240000000 mean=133.17710818094434 returncode=0
2026-01-13-06-30-01 iter1 factor=2.080 new_exposure=240000000
2026-01-13-06-42-15 final exposure_us=240000000 mean=143.90372882653418 returncode=0
Iteration 1: running shutter 240000000us -> rpicam-still --camera 0 --width 9248 --height 6944 --shutter 240000000 --nopreview 1 -t 245000ms -o /media/pi/USB DISK/winter_images/rpicam_2026-01-13-06-30-01_iter1.jpg --quality 95 --metadata - --metadata-format json
Adjusting exposure: 240000000 -> 240000000 (factor 2.080)
Reached MaxExposure without achieving target brightness; stopping loop early
Final capture attempt 1: rpicam-still --camera 0 --width 9248 --height 6944 --shutter 240000000 --nopreview 1 -t 245000ms -o /media/pi/USB DISK/winter_images/rpicam_2026-01-13-06-42-15_ex240000000us.jpg --quality 95 --metadata - --metadata-format json
Capture complete. Final exposure (us): 240000000
2026-01-13-07-00-01 iter1 exposure_us=240000000 mean=150.0968905003 returncode=0
2026-01-13-07-00-01 iter1 factor=1.453 new_exposure=240000000
2026-01-13-07-12-13 final exposure_us=240000000 mean=156.97328948256842 returncode=0
Iteration 1: running shutter 240000000us -> rpicam-still --camera 0 --width 9248 --height 6944 --shutter 240000000 --nopreview 1 -t 245000ms -o /media/pi/USB DISK/winter_images/rpicam_2026-01-13-07-00-01_iter1.jpg --quality 95 --metadata - --metadata-format json
Adjusting exposure: 240000000 -> 240000000 (factor 1.453)
Reached MaxExposure without achieving target brightness; stopping loop early
Final capture attempt 1: rpicam-still --camera 0 --width 9248 --height 6944 --shutter 240000000 --nopreview 1 -t 245000ms -o /media/pi/USB DISK/winter_images/rpicam_2026-01-13-07-12-13_ex240000000us.jpg --quality 95 --metadata - --metadata-format json
Capture complete. Final exposure (us): 240000000
2026-01-13-07-30-01 iter1 exposure_us=240000000 mean=245.90304577935893 returncode=0
2026-01-13-07-30-01 iter1 factor=0.050 new_exposure=12000000 [saturated]
2026-01-13-07-42-12 iter2 exposure_us=12000000 mean=115.53210799781843 returncode=0
2026-01-13-07-42-12 iter2 factor=1.250 new_exposure=15000000
2026-01-13-07-43-02 iter3 exposure_us=15000000 mean=141.85546132218897 returncode=0
2026-01-13-07-43-02 iter3 factor=1.250 new_exposure=18750000
2026-01-13-07-44-00 iter4 exposure_us=18750000 mean=170.72725115307034 returncode=0
2026-01-13-07-45-09 final reuse exposure_us=18750000 mean=170.72725115307034
Iteration 1: running shutter 240000000us -> rpicam-still --camera 0 --width 9248 --height 6944 --shutter 240000000 --nopreview 1 -t 245000ms -o /media/pi/USB DISK/winter_images/rpicam_2026-01-13-07-30-01_iter1.jpg --quality 95 --metadata - --metadata-format json
Adjusting exposure (saturated): 240000000 -> 12000000 (factor 0.050)
Iteration 2: running shutter 12000000us -> rpicam-still --camera 0 --width 9248 --height 6944 --shutter 12000000 --nopreview 1 -t 17000ms -o /media/pi/USB DISK/winter_images/rpicam_2026-01-13-07-42-12_iter2.jpg --quality 95 --metadata - --metadata-format json
Adjusting exposure: 12000000 -> 15000000 (factor 1.250)
Iteration 3: running shutter 15000000us -> rpicam-still --camera 0 --width 9248 --height 6944 --shutter 15000000 --nopreview 1 -t 20000ms -o /media/pi/USB DISK/winter_images/rpicam_2026-01-13-07-43-02_iter3.jpg --quality 95 --metadata - --metadata-format json
Adjusting exposure: 15000000 -> 18750000 (factor 1.250)
Iteration 4: running shutter 18750000us -> rpicam-still --camera 0 --width 9248 --height 6944 --shutter 18750000 --nopreview 1 -t 23750ms -o /media/pi/USB DISK/winter_images/rpicam_2026-01-13-07-44-00_iter4.jpg --quality 95 --metadata - --metadata-format json
Mean brightness 170.72725115307034 within tolerance 5.0% of target 170.0 -> reusing image
Capture complete. Final exposure (us): 18750000
2026-01-13-08-00-01 iter1 exposure_us=18750000 mean=252.96158871814856 returncode=0
2026-01-13-08-00-01 iter1 factor=0.050 new_exposure=937500 [saturated]
2026-01-13-08-00-49 iter2 exposure_us=937500 mean=160.19593584439232 returncode=0
2026-01-13-08-00-49 iter2 factor=1.136 new_exposure=1065428
2026-01-13-08-01-02 iter3 exposure_us=1065428 mean=170.918171449824 returncode=0
2026-01-13-08-01-19 final reuse exposure_us=1065428 mean=170.918171449824
Iteration 1: running shutter 18750000us -> rpicam-still --camera 0 --width 9248 --height 6944 --shutter 18750000 --nopreview 1 -t 23750ms -o /media/pi/USB DISK/winter_images/rpicam_2026-01-13-08-00-01_iter1.jpg --quality 95 --metadata - --metadata-format json
Adjusting exposure (saturated): 18750000 -> 937500 (factor 0.050)
Iteration 2: running shutter 937500us -> rpicam-still --camera 0 --width 9248 --height 6944 --shutter 937500 --nopreview 1 -t 5937ms -o /media/pi/USB DISK/winter_images/rpicam_2026-01-13-08-00-49_iter2.jpg --quality 95 --metadata - --metadata-format json
Adjusting exposure: 937500 -> 1065428 (factor 1.136)
Iteration 3: running shutter 1065428us -> rpicam-still --camera 0 --width 9248 --height 6944 --shutter 1065428 --nopreview 1 -t 6065ms -o /media/pi/USB DISK/winter_images/rpicam_2026-01-13-08-01-02_iter3.jpg --quality 95 --metadata - --metadata-format json
Mean brightness 170.918171449824 within tolerance 5.0% of target 170.0 -> reusing image
Capture complete. Final exposure (us): 1065428
2026-01-13-08-30-01 iter1 exposure_us=1065428 mean=252.96161164003078 returncode=0
2026-01-13-08-30-01 iter1 factor=0.050 new_exposure=53271 [saturated]
2026-01-13-08-30-15 iter2 exposure_us=53271 mean=184.5025041533454 returncode=0
2026-01-13-08-30-15 iter2 factor=0.782 new_exposure=41671
2026-01-13-08-30-27 iter3 exposure_us=41671 mean=172.17565915049013 returncode=0
2026-01-13-08-30-41 final reuse exposure_us=41671 mean=172.17565915049013
Iteration 1: running shutter 1065428us -> rpicam-still --camera 0 --width 9248 --height 6944 --shutter 1065428 --nopreview 1 -t 6065ms -o /media/pi/USB DISK/winter_images/rpicam_2026-01-13-08-30-01_iter1.jpg --quality 95 --metadata - --metadata-format json
Adjusting exposure (saturated): 1065428 -> 53271 (factor 0.050)
Iteration 2: running shutter 53271us -> rpicam-still --camera 0 --width 9248 --height 6944 --shutter 53271 --nopreview 1 -t 5053ms -o /media/pi/USB DISK/winter_images/rpicam_2026-01-13-08-30-15_iter2.jpg --quality 95 --metadata - --metadata-format json
Adjusting exposure: 53271 -> 41671 (factor 0.782)
Iteration 3: running shutter 41671us -> rpicam-still --camera 0 --width 9248 --height 6944 --shutter 41671 --nopreview 1 -t 5041ms -o /media/pi/USB DISK/winter_images/rpicam_2026-01-13-08-30-27_iter3.jpg --quality 95 --metadata - --metadata-format json
Mean brightness 172.17565915049013 within tolerance 5.0% of target 170.0 -> reusing image
Capture complete. Final exposure (us): 41671
2026-01-13-09-00-02 iter1 exposure_us=41671 mean=239.0079872949239 returncode=0
2026-01-13-09-00-02 iter1 factor=0.360 new_exposure=14995
2026-01-13-09-00-13 iter2 exposure_us=14995 mean=190.4634415443419 returncode=0
2026-01-13-09-00-13 iter2 factor=0.711 new_exposure=10662
2026-01-13-09-00-27 iter3 exposure_us=10662 mean=169.27531259405447 returncode=0
2026-01-13-09-00-39 final reuse exposure_us=10662 mean=169.27531259405447
Iteration 1: running shutter 41671us -> rpicam-still --camera 0 --width 9248 --height 6944 --shutter 41671 --nopreview 1 -t 5041ms -o /media/pi/USB DISK/winter_images/rpicam_2026-01-13-09-00-02_iter1.jpg --quality 95 --metadata - --metadata-format json
Adjusting exposure: 41671 -> 14995 (factor 0.360)
Iteration 2: running shutter 14995us -> rpicam-still --camera 0 --width 9248 --height 6944 --shutter 14995 --nopreview 1 -t 5014ms -o /media/pi/USB DISK/winter_images/rpicam_2026-01-13-09-00-13_iter2.jpg --quality 95 --metadata - --metadata-format json
Adjusting exposure: 14995 -> 10662 (factor 0.711)
Iteration 3: running shutter 10662us -> rpicam-still --camera 0 --width 9248 --height 6944 --shutter 10662 --nopreview 1 -t 5010ms -o /media/pi/USB DISK/winter_images/rpicam_2026-01-13-09-00-27_iter3.jpg --quality 95 --metadata - --metadata-format json
Mean brightness 169.27531259405447 within tolerance 5.0% of target 170.0 -> reusing image
Capture complete. Final exposure (us): 10662
2026-01-13-09-30-01 iter1 exposure_us=10662 mean=154.0700549402636 returncode=0
2026-01-13-09-30-01 iter1 factor=1.327 new_exposure=14147
2026-01-13-09-30-15 iter2 exposure_us=14147 mean=162.63978229381766 returncode=0
2026-01-13-09-30-28 final reuse exposure_us=14147 mean=162.63978229381766
Iteration 1: running shutter 10662us -> rpicam-still --camera 0 --width 9248 --height 6944 --shutter 10662 --nopreview 1 -t 5010ms -o /media/pi/USB DISK/winter_images/rpicam_2026-01-13-09-30-01_iter1.jpg --quality 95 --metadata - --metadata-format json
Adjusting exposure: 10662 -> 14147 (factor 1.327)
Iteration 2: running shutter 14147us -> rpicam-still --camera 0 --width 9248 --height 6944 --shutter 14147 --nopreview 1 -t 5014ms -o /media/pi/USB DISK/winter_images/rpicam_2026-01-13-09-30-15_iter2.jpg --quality 95 --metadata - --metadata-format json
Mean brightness 162.63978229381766 within tolerance 5.0% of target 170.0 -> reusing image
Capture complete. Final exposure (us): 14147
2026-01-13-10-00-01 iter1 exposure_us=14147 mean=159.49277635256544 returncode=0
2026-01-13-10-00-01 iter1 factor=1.153 new_exposure=16316
2026-01-13-10-00-13 iter2 exposure_us=16316 mean=166.7258312888426 returncode=0
2026-01-13-10-00-29 final reuse exposure_us=16316 mean=166.7258312888426
Iteration 1: running shutter 14147us -> rpicam-still --camera 0 --width 9248 --height 6944 --shutter 14147 --nopreview 1 -t 5014ms -o /media/pi/USB DISK/winter_images/rpicam_2026-01-13-10-00-01_iter1.jpg --quality 95 --metadata - --metadata-format json
Adjusting exposure: 14147 -> 16316 (factor 1.153)
Iteration 2: running shutter 16316us -> rpicam-still --camera 0 --width 9248 --height 6944 --shutter 16316 --nopreview 1 -t 5016ms -o /media/pi/USB DISK/winter_images/rpicam_2026-01-13-10-00-13_iter2.jpg --quality 95 --metadata - --metadata-format json
Mean brightness 166.7258312888426 within tolerance 5.0% of target 170.0 -> reusing image
Capture complete. Final exposure (us): 16316
2026-01-13-10-30-01 iter1 exposure_us=16316 mean=163.07501947425672 returncode=0
2026-01-13-10-30-13 final reuse exposure_us=16316 mean=163.07501947425672
Iteration 1: running shutter 16316us -> rpicam-still --camera 0 --width 9248 --height 6944 --shutter 16316 --nopreview 1 -t 5016ms -o /media/pi/USB DISK/winter_images/rpicam_2026-01-13-10-30-01_iter1.jpg --quality 95 --metadata - --metadata-format json
Mean brightness 163.07501947425672 within tolerance 5.0% of target 170.0 -> reusing image
Capture complete. Final exposure (us): 16316
2026-01-13-11-00-01 iter1 exposure_us=16316 mean=166.26277163053314 returncode=0
2026-01-13-11-00-14 final reuse exposure_us=16316 mean=166.26277163053314
Iteration 1: running shutter 16316us -> rpicam-still --camera 0 --width 9248 --height 6944 --shutter 16316 --nopreview 1 -t 5016ms -o /media/pi/USB DISK/winter_images/rpicam_2026-01-13-11-00-01_iter1.jpg --quality 95 --metadata - --metadata-format json
Mean brightness 166.26277163053314 within tolerance 5.0% of target 170.0 -> reusing image
Capture complete. Final exposure (us): 16316
2026-01-13-11-30-01 iter1 exposure_us=16316 mean=174.61234265186744 returncode=0
2026-01-13-11-30-13 final reuse exposure_us=16316 mean=174.61234265186744
Iteration 1: running shutter 16316us -> rpicam-still --camera 0 --width 9248 --height 6944 --shutter 16316 --nopreview 1 -t 5016ms -o /media/pi/USB DISK/winter_images/rpicam_2026-01-13-11-30-01_iter1.jpg --quality 95 --metadata - --metadata-format json
Mean brightness 174.61234265186744 within tolerance 5.0% of target 170.0 -> reusing image
Capture complete. Final exposure (us): 16316
2026-01-13-12-00-01 iter1 exposure_us=16316 mean=198.95084159434646 returncode=0
2026-01-13-12-00-01 iter1 factor=0.624 new_exposure=10179
2026-01-13-12-00-14 iter2 exposure_us=10179 mean=167.71057805311997 returncode=0
2026-01-13-12-00-26 final reuse exposure_us=10179 mean=167.71057805311997
Iteration 1: running shutter 16316us -> rpicam-still --camera 0 --width 9248 --height 6944 --shutter 16316 --nopreview 1 -t 5016ms -o /media/pi/USB DISK/winter_images/rpicam_2026-01-13-12-00-01_iter1.jpg --quality 95 --metadata - --metadata-format json
Adjusting exposure: 16316 -> 10179 (factor 0.624)
Iteration 2: running shutter 10179us -> rpicam-still --camera 0 --width 9248 --height 6944 --shutter 10179 --nopreview 1 -t 5010ms -o /media/pi/USB DISK/winter_images/rpicam_2026-01-13-12-00-14_iter2.jpg --quality 95 --metadata - --metadata-format json
Mean brightness 167.71057805311997 within tolerance 5.0% of target 170.0 -> reusing image
Capture complete. Final exposure (us): 10179
2026-01-13-12-30-01 iter1 exposure_us=10179 mean=198.31367577421148 returncode=0
2026-01-13-12-30-01 iter1 factor=0.630 new_exposure=6412
2026-01-13-12-30-15 iter2 exposure_us=6412 mean=170.23102553995983 returncode=0
2026-01-13-12-30-27 final reuse exposure_us=6412 mean=170.23102553995983
Iteration 1: running shutter 10179us -> rpicam-still --camera 0 --width 9248 --height 6944 --shutter 10179 --nopreview 1 -t 5010ms -o /media/pi/USB DISK/winter_images/rpicam_2026-01-13-12-30-01_iter1.jpg --quality 95 --metadata - --metadata-format json
Adjusting exposure: 10179 -> 6412 (factor 0.630)
Iteration 2: running shutter 6412us -> rpicam-still --camera 0 --width 9248 --height 6944 --shutter 6412 --nopreview 1 -t 5006ms -o /media/pi/USB DISK/winter_images/rpicam_2026-01-13-12-30-15_iter2.jpg --quality 95 --metadata - --metadata-format json
Mean brightness 170.23102553995983 within tolerance 5.0% of target 170.0 -> reusing image
Capture complete. Final exposure (us): 6412
2026-01-13-13-00-02 iter1 exposure_us=6412 mean=191.08805207477914 returncode=0
2026-01-13-13-00-02 iter1 factor=0.704 new_exposure=4515
2026-01-13-13-00-16 iter2 exposure_us=4515 mean=171.37325289164528 returncode=0
2026-01-13-13-00-31 final reuse exposure_us=4515 mean=171.37325289164528
Iteration 1: running shutter 6412us -> rpicam-still --camera 0 --width 9248 --height 6944 --shutter 6412 --nopreview 1 -t 5006ms -o /media/pi/USB DISK/winter_images/rpicam_2026-01-13-13-00-02_iter1.jpg --quality 95 --metadata - --metadata-format json
Adjusting exposure: 6412 -> 4515 (factor 0.704)
Iteration 2: running shutter 4515us -> rpicam-still --camera 0 --width 9248 --height 6944 --shutter 4515 --nopreview 1 -t 5004ms -o /media/pi/USB DISK/winter_images/rpicam_2026-01-13-13-00-16_iter2.jpg --quality 95 --metadata - --metadata-format json
Mean brightness 171.37325289164528 within tolerance 5.0% of target 170.0 -> reusing image
Capture complete. Final exposure (us): 4515
2026-01-13-13-30-01 iter1 exposure_us=4515 mean=168.5799949086015 returncode=0
2026-01-13-13-30-18 final reuse exposure_us=4515 mean=168.5799949086015
Iteration 1: running shutter 4515us -> rpicam-still --camera 0 --width 9248 --height 6944 --shutter 4515 --nopreview 1 -t 5004ms -o /media/pi/USB DISK/winter_images/rpicam_2026-01-13-13-30-01_iter1.jpg --quality 95 --metadata - --metadata-format json
Mean brightness 168.5799949086015 within tolerance 5.0% of target 170.0 -> reusing image
Capture complete. Final exposure (us): 4515
2026-01-13-14-00-01 iter1 exposure_us=4515 mean=172.05543837850604 returncode=0
2026-01-13-14-00-16 final reuse exposure_us=4515 mean=172.05543837850604
Iteration 1: running shutter 4515us -> rpicam-still --camera 0 --width 9248 --height 6944 --shutter 4515 --nopreview 1 -t 5004ms -o /media/pi/USB DISK/winter_images/rpicam_2026-01-13-14-00-01_iter1.jpg --quality 95 --metadata - --metadata-format json
Mean brightness 172.05543837850604 within tolerance 5.0% of target 170.0 -> reusing image
Capture complete. Final exposure (us): 4515
2026-01-13-14-30-01 iter1 exposure_us=4515 mean=176.00474947005605 returncode=0
2026-01-13-14-30-18 final reuse exposure_us=4515 mean=176.00474947005605
Iteration 1: running shutter 4515us -> rpicam-still --camera 0 --width 9248 --height 6944 --shutter 4515 --nopreview 1 -t 5004ms -o /media/pi/USB DISK/winter_images/rpicam_2026-01-13-14-30-01_iter1.jpg --quality 95 --metadata - --metadata-format json
Mean brightness 176.00474947005605 within tolerance 5.0% of target 170.0 -> reusing image
Capture complete. Final exposure (us): 4515
2026-01-13-15-00-01 iter1 exposure_us=4515 mean=175.48360721037704 returncode=0
2026-01-13-15-00-15 final reuse exposure_us=4515 mean=175.48360721037704
Iteration 1: running shutter 4515us -> rpicam-still --camera 0 --width 9248 --height 6944 --shutter 4515 --nopreview 1 -t 5004ms -o /media/pi/USB DISK/winter_images/rpicam_2026-01-13-15-00-01_iter1.jpg --quality 95 --metadata - --metadata-format json
Mean brightness 175.48360721037704 within tolerance 5.0% of target 170.0 -> reusing image
Capture complete. Final exposure (us): 4515
2026-01-13-15-30-01 iter1 exposure_us=4515 mean=162.987110100652 returncode=0
2026-01-13-15-30-16 final reuse exposure_us=4515 mean=162.987110100652
Iteration 1: running shutter 4515us -> rpicam-still --camera 0 --width 9248 --height 6944 --shutter 4515 --nopreview 1 -t 5004ms -o /media/pi/USB DISK/winter_images/rpicam_2026-01-13-15-30-01_iter1.jpg --quality 95 --metadata - --metadata-format json
Mean brightness 162.987110100652 within tolerance 5.0% of target 170.0 -> reusing image
Capture complete. Final exposure (us): 4515
2026-01-13-16-00-01 iter1 exposure_us=4515 mean=154.3483429098632 returncode=0
2026-01-13-16-00-01 iter1 factor=1.316 new_exposure=5941
2026-01-13-16-00-15 iter2 exposure_us=5941 mean=158.77039455784686 returncode=0
2026-01-13-16-00-15 iter2 factor=1.172 new_exposure=6962
2026-01-13-16-00-29 iter3 exposure_us=6962 mean=160.67872258530429 returncode=0
2026-01-13-16-00-29 iter3 factor=1.126 new_exposure=7836
2026-01-13-16-00-43 iter4 exposure_us=7836 mean=167.56472482404965 returncode=0
2026-01-13-16-00-57 final reuse exposure_us=7836 mean=167.56472482404965
Iteration 1: running shutter 4515us -> rpicam-still --camera 0 --width 9248 --height 6944 --shutter 4515 --nopreview 1 -t 5004ms -o /media/pi/USB DISK/winter_images/rpicam_2026-01-13-16-00-01_iter1.jpg --quality 95 --metadata - --metadata-format json
Adjusting exposure: 4515 -> 5941 (factor 1.316)
Iteration 2: running shutter 5941us -> rpicam-still --camera 0 --width 9248 --height 6944 --shutter 5941 --nopreview 1 -t 5005ms -o /media/pi/USB DISK/winter_images/rpicam_2026-01-13-16-00-15_iter2.jpg --quality 95 --metadata - --metadata-format json
Adjusting exposure: 5941 -> 6962 (factor 1.172)
Iteration 3: running shutter 6962us -> rpicam-still --camera 0 --width 9248 --height 6944 --shutter 6962 --nopreview 1 -t 5006ms -o /media/pi/USB DISK/winter_images/rpicam_2026-01-13-16-00-29_iter3.jpg --quality 95 --metadata - --metadata-format json
Adjusting exposure: 6962 -> 7836 (factor 1.126)
Iteration 4: running shutter 7836us -> rpicam-still --camera 0 --width 9248 --height 6944 --shutter 7836 --nopreview 1 -t 5007ms -o /media/pi/USB DISK/winter_images/rpicam_2026-01-13-16-00-43_iter4.jpg --quality 95 --metadata - --metadata-format json
Mean brightness 167.56472482404965 within tolerance 5.0% of target 170.0 -> reusing image
Capture complete. Final exposure (us): 7836
2026-01-13-16-30-01 iter1 exposure_us=7836 mean=140.91508012568167 returncode=0
2026-01-13-16-30-01 iter1 factor=1.756 new_exposure=13758
2026-01-13-16-30-13 iter2 exposure_us=13758 mean=154.743292889084 returncode=0
2026-01-13-16-30-13 iter2 factor=1.301 new_exposure=17893
2026-01-13-16-30-27 iter3 exposure_us=17893 mean=171.3617622392885 returncode=0
2026-01-13-16-30-41 final reuse exposure_us=17893 mean=171.3617622392885
Iteration 1: running shutter 7836us -> rpicam-still --camera 0 --width 9248 --height 6944 --shutter 7836 --nopreview 1 -t 5007ms -o /media/pi/USB DISK/winter_images/rpicam_2026-01-13-16-30-01_iter1.jpg --quality 95 --metadata - --metadata-format json
Adjusting exposure: 7836 -> 13758 (factor 1.756)
Iteration 2: running shutter 13758us -> rpicam-still --camera 0 --width 9248 --height 6944 --shutter 13758 --nopreview 1 -t 5013ms -o /media/pi/USB DISK/winter_images/rpicam_2026-01-13-16-30-13_iter2.jpg --quality 95 --metadata - --metadata-format json
Adjusting exposure: 13758 -> 17893 (factor 1.301)
Iteration 3: running shutter 17893us -> rpicam-still --camera 0 --width 9248 --height 6944 --shutter 17893 --nopreview 1 -t 5017ms -o /media/pi/USB DISK/winter_images/rpicam_2026-01-13-16-30-27_iter3.jpg --quality 95 --metadata - --metadata-format json
Mean brightness 171.3617622392885 within tolerance 5.0% of target 170.0 -> reusing image
Capture complete. Final exposure (us): 17893
2026-01-13-17-00-01 iter1 exposure_us=17893 mean=142.41591009402455 returncode=0
2026-01-13-17-00-01 iter1 factor=1.701 new_exposure=30434
2026-01-13-17-00-13 iter2 exposure_us=30434 mean=149.89680411345634 returncode=0
2026-01-13-17-00-13 iter2 factor=1.459 new_exposure=44394
2026-01-13-17-00-27 iter3 exposure_us=44394 mean=160.89984450181282 returncode=0
2026-01-13-17-00-27 iter3 factor=1.121 new_exposure=49751
2026-01-13-17-00-40 iter4 exposure_us=49751 mean=167.80581637155575 returncode=0
2026-01-13-17-00-55 final reuse exposure_us=49751 mean=167.80581637155575
Iteration 1: running shutter 17893us -> rpicam-still --camera 0 --width 9248 --height 6944 --shutter 17893 --nopreview 1 -t 5017ms -o /media/pi/USB DISK/winter_images/rpicam_2026-01-13-17-00-01_iter1.jpg --quality 95 --metadata - --metadata-format json
Adjusting exposure: 17893 -> 30434 (factor 1.701)
Iteration 2: running shutter 30434us -> rpicam-still --camera 0 --width 9248 --height 6944 --shutter 30434 --nopreview 1 -t 5030ms -o /media/pi/USB DISK/winter_images/rpicam_2026-01-13-17-00-13_iter2.jpg --quality 95 --metadata - --metadata-format json
Adjusting exposure: 30434 -> 44394 (factor 1.459)
Iteration 3: running shutter 44394us -> rpicam-still --camera 0 --width 9248 --height 6944 --shutter 44394 --nopreview 1 -t 5044ms -o /media/pi/USB DISK/winter_images/rpicam_2026-01-13-17-00-27_iter3.jpg --quality 95 --metadata - --metadata-format json
Adjusting exposure: 44394 -> 49751 (factor 1.121)
Iteration 4: running shutter 49751us -> rpicam-still --camera 0 --width 9248 --height 6944 --shutter 49751 --nopreview 1 -t 5049ms -o /media/pi/USB DISK/winter_images/rpicam_2026-01-13-17-00-40_iter4.jpg --quality 95 --metadata - --metadata-format json
Mean brightness 167.80581637155575 within tolerance 5.0% of target 170.0 -> reusing image
Capture complete. Final exposure (us): 49751
2026-01-13-17-30-01 iter1 exposure_us=49751 mean=144.76332689444374 returncode=0
2026-01-13-17-30-01 iter1 factor=1.619 new_exposure=80570
2026-01-13-17-30-13 iter2 exposure_us=80570 mean=144.84336767795352 returncode=0
2026-01-13-17-30-13 iter2 factor=1.617 new_exposure=130264
2026-01-13-17-30-28 iter3 exposure_us=130264 mean=149.3680052132333 returncode=0
2026-01-13-17-30-28 iter3 factor=1.474 new_exposure=192043
2026-01-13-17-30-46 iter4 exposure_us=192043 mean=154.5217788090687 returncode=0
2026-01-13-17-30-46 iter4 factor=1.309 new_exposure=251393
2026-01-13-17-31-05 iter5 exposure_us=251393 mean=169.62703465962997 returncode=0
2026-01-13-17-31-20 final reuse exposure_us=251393 mean=169.62703465962997
Iteration 1: running shutter 49751us -> rpicam-still --camera 0 --width 9248 --height 6944 --shutter 49751 --nopreview 1 -t 5049ms -o /media/pi/USB DISK/winter_images/rpicam_2026-01-13-17-30-01_iter1.jpg --quality 95 --metadata - --metadata-format json
Adjusting exposure: 49751 -> 80570 (factor 1.619)
Iteration 2: running shutter 80570us -> rpicam-still --camera 0 --width 9248 --height 6944 --shutter 80570 --nopreview 1 -t 5080ms -o /media/pi/USB DISK/winter_images/rpicam_2026-01-13-17-30-13_iter2.jpg --quality 95 --metadata - --metadata-format json
Adjusting exposure: 80570 -> 130264 (factor 1.617)
Iteration 3: running shutter 130264us -> rpicam-still --camera 0 --width 9248 --height 6944 --shutter 130264 --nopreview 1 -t 5130ms -o /media/pi/USB DISK/winter_images/rpicam_2026-01-13-17-30-28_iter3.jpg --quality 95 --metadata - --metadata-format json
Adjusting exposure: 130264 -> 192043 (factor 1.474)
Iteration 4: running shutter 192043us -> rpicam-still --camera 0 --width 9248 --height 6944 --shutter 192043 --nopreview 1 -t 5192ms -o /media/pi/USB DISK/winter_images/rpicam_2026-01-13-17-30-46_iter4.jpg --quality 95 --metadata - --metadata-format json
Adjusting exposure: 192043 -> 251393 (factor 1.309)
Iteration 5: running shutter 251393us -> rpicam-still --camera 0 --width 9248 --height 6944 --shutter 251393 --nopreview 1 -t 5251ms -o /media/pi/USB DISK/winter_images/rpicam_2026-01-13-17-31-05_iter5.jpg --quality 95 --metadata - --metadata-format json
Mean brightness 169.62703465962997 within tolerance 5.0% of target 170.0 -> reusing image
Capture complete. Final exposure (us): 251393
2026-01-13-18-00-01 iter1 exposure_us=251393 mean=50.85657018381357 returncode=0
2026-01-13-18-00-01 iter1 factor=20.000 new_exposure=5027860
2026-01-13-18-00-15 iter2 exposure_us=5027860 mean=73.39261968648347 returncode=0
2026-01-13-18-00-15 iter2 factor=12.428 new_exposure=62484568
2026-01-13-18-00-43 iter3 exposure_us=62484568 mean=200.61936470508508 returncode=0
2026-01-13-18-00-43 iter3 factor=0.750 new_exposure=46863426
2026-01-13-18-04-02 iter4 exposure_us=46863426 mean=148.43185561107745 returncode=0
2026-01-13-18-04-02 iter4 factor=1.250 new_exposure=58579282
2026-01-13-18-06-38 iter5 exposure_us=58579282 mean=133.63965759379533 returncode=0
2026-01-13-18-06-38 iter5 factor=1.250 new_exposure=73224102
2026-01-13-18-09-47 final exposure_us=73224102 mean=122.1001018217415 returncode=0
Iteration 1: running shutter 251393us -> rpicam-still --camera 0 --width 9248 --height 6944 --shutter 251393 --nopreview 1 -t 5251ms -o /media/pi/USB DISK/winter_images/rpicam_2026-01-13-18-00-01_iter1.jpg --quality 95 --metadata - --metadata-format json
Adjusting exposure: 251393 -> 5027860 (factor 20.000)
Iteration 2: running shutter 5027860us -> rpicam-still --camera 0 --width 9248 --height 6944 --shutter 5027860 --nopreview 1 -t 10027ms -o /media/pi/USB DISK/winter_images/rpicam_2026-01-13-18-00-15_iter2.jpg --quality 95 --metadata - --metadata-format json
Adjusting exposure: 5027860 -> 62484568 (factor 12.428)
Iteration 3: running shutter 62484568us -> rpicam-still --camera 0 --width 9248 --height 6944 --shutter 62484568 --nopreview 1 -t 67484ms -o /media/pi/USB DISK/winter_images/rpicam_2026-01-13-18-00-43_iter3.jpg --quality 95 --metadata - --metadata-format json
Adjusting exposure: 62484568 -> 46863426 (factor 0.750)
Iteration 4: running shutter 46863426us -> rpicam-still --camera 0 --width 9248 --height 6944 --shutter 46863426 --nopreview 1 -t 51863ms -o /media/pi/USB DISK/winter_images/rpicam_2026-01-13-18-04-02_iter4.jpg --quality 95 --metadata - --metadata-format json
Adjusting exposure: 46863426 -> 58579282 (factor 1.250)
Iteration 5: running shutter 58579282us -> rpicam-still --camera 0 --width 9248 --height 6944 --shutter 58579282 --nopreview 1 -t 63579ms -o /media/pi/USB DISK/winter_images/rpicam_2026-01-13-18-06-38_iter5.jpg --quality 95 --metadata - --metadata-format json
Adjusting exposure: 58579282 -> 73224102 (factor 1.250)
Final capture attempt 1: rpicam-still --camera 0 --width 9248 --height 6944 --shutter 73224102 --nopreview 1 -t 78224ms -o /media/pi/USB DISK/winter_images/rpicam_2026-01-13-18-09-47_ex73224102us.jpg --quality 95 --metadata - --metadata-format json
Capture complete. Final exposure (us): 73224102
2026-01-13-18-30-01 iter1 exposure_us=73224102 mean=68.06702472037796 returncode=0
2026-01-13-18-30-01 iter1 factor=15.579 new_exposure=240000000
2026-01-13-18-33-52 final exposure_us=240000000 mean=145.16098371126202 returncode=0
Iteration 1: running shutter 73224102us -> rpicam-still --camera 0 --width 9248 --height 6944 --shutter 73224102 --nopreview 1 -t 78224ms -o /media/pi/USB DISK/winter_images/rpicam_2026-01-13-18-30-01_iter1.jpg --quality 95 --metadata - --metadata-format json
Adjusting exposure: 73224102 -> 240000000 (factor 15.579)
Reached MaxExposure without achieving target brightness; stopping loop early
Final capture attempt 1: rpicam-still --camera 0 --width 9248 --height 6944 --shutter 240000000 --nopreview 1 -t 245000ms -o /media/pi/USB DISK/winter_images/rpicam_2026-01-13-18-33-52_ex240000000us.jpg --quality 95 --metadata - --metadata-format json
Capture complete. Final exposure (us): 240000000
2026-01-13-19-00-01 iter1 exposure_us=240000000 mean=138.55588758199556 returncode=0
2026-01-13-19-00-01 iter1 factor=1.847 new_exposure=240000000
2026-01-13-19-12-15 final exposure_us=240000000 mean=138.02405087835655 returncode=0
Iteration 1: running shutter 240000000us -> rpicam-still --camera 0 --width 9248 --height 6944 --shutter 240000000 --nopreview 1 -t 245000ms -o /media/pi/USB DISK/winter_images/rpicam_2026-01-13-19-00-01_iter1.jpg --quality 95 --metadata - --metadata-format json
Adjusting exposure: 240000000 -> 240000000 (factor 1.847)
Reached MaxExposure without achieving target brightness; stopping loop early
Final capture attempt 1: rpicam-still --camera 0 --width 9248 --height 6944 --shutter 240000000 --nopreview 1 -t 245000ms -o /media/pi/USB DISK/winter_images/rpicam_2026-01-13-19-12-15_ex240000000us.jpg --quality 95 --metadata - --metadata-format json
Capture complete. Final exposure (us): 240000000
2026-01-13-19-30-01 iter1 exposure_us=240000000 mean=138.37112260478787 returncode=0
2026-01-13-19-30-01 iter1 factor=1.854 new_exposure=240000000
2026-01-13-19-42-13 final exposure_us=240000000 mean=138.99614579139293 returncode=0
Iteration 1: running shutter 240000000us -> rpicam-still --camera 0 --width 9248 --height 6944 --shutter 240000000 --nopreview 1 -t 245000ms -o /media/pi/USB DISK/winter_images/rpicam_2026-01-13-19-30-01_iter1.jpg --quality 95 --metadata - --metadata-format json
Adjusting exposure: 240000000 -> 240000000 (factor 1.854)
Reached MaxExposure without achieving target brightness; stopping loop early
Final capture attempt 1: rpicam-still --camera 0 --width 9248 --height 6944 --shutter 240000000 --nopreview 1 -t 245000ms -o /media/pi/USB DISK/winter_images/rpicam_2026-01-13-19-42-13_ex240000000us.jpg --quality 95 --metadata - --metadata-format json
Capture complete. Final exposure (us): 240000000
2026-01-13-20-00-01 iter1 exposure_us=240000000 mean=140.81276741676865 returncode=0
2026-01-13-20-00-01 iter1 factor=1.760 new_exposure=240000000
2026-01-13-20-12-16 final exposure_us=240000000 mean=157.16635828533856 returncode=0
Iteration 1: running shutter 240000000us -> rpicam-still --camera 0 --width 9248 --height 6944 --shutter 240000000 --nopreview 1 -t 245000ms -o /media/pi/USB DISK/winter_images/rpicam_2026-01-13-20-00-01_iter1.jpg --quality 95 --metadata - --metadata-format json
Adjusting exposure: 240000000 -> 240000000 (factor 1.760)
Reached MaxExposure without achieving target brightness; stopping loop early
Final capture attempt 1: rpicam-still --camera 0 --width 9248 --height 6944 --shutter 240000000 --nopreview 1 -t 245000ms -o /media/pi/USB DISK/winter_images/rpicam_2026-01-13-20-12-16_ex240000000us.jpg --quality 95 --metadata - --metadata-format json
Capture complete. Final exposure (us): 240000000
2026-01-13-20-30-01 iter1 exposure_us=240000000 mean=154.95718795034023 returncode=0
2026-01-13-20-30-01 iter1 factor=1.293 new_exposure=240000000
2026-01-13-20-42-17 final exposure_us=240000000 mean=143.78487888276752 returncode=0
Iteration 1: running shutter 240000000us -> rpicam-still --camera 0 --width 9248 --height 6944 --shutter 240000000 --nopreview 1 -t 245000ms -o /media/pi/USB DISK/winter_images/rpicam_2026-01-13-20-30-01_iter1.jpg --quality 95 --metadata - --metadata-format json
Adjusting exposure: 240000000 -> 240000000 (factor 1.293)
Reached MaxExposure without achieving target brightness; stopping loop early
Final capture attempt 1: rpicam-still --camera 0 --width 9248 --height 6944 --shutter 240000000 --nopreview 1 -t 245000ms -o /media/pi/USB DISK/winter_images/rpicam_2026-01-13-20-42-17_ex240000000us.jpg --quality 95 --metadata - --metadata-format json
Capture complete. Final exposure (us): 240000000
2026-01-13-21-00-01 iter1 exposure_us=240000000 mean=145.92320415773045 returncode=0
2026-01-13-21-00-01 iter1 factor=1.581 new_exposure=240000000
2026-01-13-21-12-15 final exposure_us=240000000 mean=133.24854016262577 returncode=0
Iteration 1: running shutter 240000000us -> rpicam-still --camera 0 --width 9248 --height 6944 --shutter 240000000 --nopreview 1 -t 245000ms -o /media/pi/USB DISK/winter_images/rpicam_2026-01-13-21-00-01_iter1.jpg --quality 95 --metadata - --metadata-format json
Adjusting exposure: 240000000 -> 240000000 (factor 1.581)
Reached MaxExposure without achieving target brightness; stopping loop early
Final capture attempt 1: rpicam-still --camera 0 --width 9248 --height 6944 --shutter 240000000 --nopreview 1 -t 245000ms -o /media/pi/USB DISK/winter_images/rpicam_2026-01-13-21-12-15_ex240000000us.jpg --quality 95 --metadata - --metadata-format json
Capture complete. Final exposure (us): 240000000
2026-01-13-21-30-01 iter1 exposure_us=240000000 mean=131.53938284576165 returncode=0
2026-01-13-21-30-01 iter1 factor=2.159 new_exposure=240000000
2026-01-13-21-42-15 final exposure_us=240000000 mean=101.57516230000658 returncode=0
Iteration 1: running shutter 240000000us -> rpicam-still --camera 0 --width 9248 --height 6944 --shutter 240000000 --nopreview 1 -t 245000ms -o /media/pi/USB DISK/winter_images/rpicam_2026-01-13-21-30-01_iter1.jpg --quality 95 --metadata - --metadata-format json
Adjusting exposure: 240000000 -> 240000000 (factor 2.159)
Reached MaxExposure without achieving target brightness; stopping loop early
Final capture attempt 1: rpicam-still --camera 0 --width 9248 --height 6944 --shutter 240000000 --nopreview 1 -t 245000ms -o /media/pi/USB DISK/winter_images/rpicam_2026-01-13-21-42-15_ex240000000us.jpg --quality 95 --metadata - --metadata-format json
Capture complete. Final exposure (us): 240000000
2026-01-13-22-00-01 iter1 exposure_us=240000000 mean=146.65718900300277 returncode=0
2026-01-13-22-00-01 iter1 factor=1.558 new_exposure=240000000
2026-01-13-22-12-15 final exposure_us=240000000 mean=171.10028314130443 returncode=0
Iteration 1: running shutter 240000000us -> rpicam-still --camera 0 --width 9248 --height 6944 --shutter 240000000 --nopreview 1 -t 245000ms -o /media/pi/USB DISK/winter_images/rpicam_2026-01-13-22-00-01_iter1.jpg --quality 95 --metadata - --metadata-format json
Adjusting exposure: 240000000 -> 240000000 (factor 1.558)
Reached MaxExposure without achieving target brightness; stopping loop early
Final capture attempt 1: rpicam-still --camera 0 --width 9248 --height 6944 --shutter 240000000 --nopreview 1 -t 245000ms -o /media/pi/USB DISK/winter_images/rpicam_2026-01-13-22-12-15_ex240000000us.jpg --quality 95 --metadata - --metadata-format json
Capture complete. Final exposure (us): 240000000
2026-01-13-22-30-01 iter1 exposure_us=240000000 mean=169.98719820663678 returncode=0
2026-01-13-22-42-15 final reuse exposure_us=240000000 mean=169.98719820663678
Iteration 1: running shutter 240000000us -> rpicam-still --camera 0 --width 9248 --height 6944 --shutter 240000000 --nopreview 1 -t 245000ms -o /media/pi/USB DISK/winter_images/rpicam_2026-01-13-22-30-01_iter1.jpg --quality 95 --metadata - --metadata-format json
Mean brightness 169.98719820663678 within tolerance 5.0% of target 170.0 -> reusing image
Capture complete. Final exposure (us): 240000000
2026-01-13-23-00-01 iter1 exposure_us=240000000 mean=162.2550674956 returncode=0
2026-01-13-23-12-13 final reuse exposure_us=240000000 mean=162.2550674956
Iteration 1: running shutter 240000000us -> rpicam-still --camera 0 --width 9248 --height 6944 --shutter 240000000 --nopreview 1 -t 245000ms -o /media/pi/USB DISK/winter_images/rpicam_2026-01-13-23-00-01_iter1.jpg --quality 95 --metadata - --metadata-format json
Mean brightness 162.2550674956 within tolerance 5.0% of target 170.0 -> reusing image
Capture complete. Final exposure (us): 240000000
2026-01-13-23-30-01 iter1 exposure_us=240000000 mean=134.4320948737951 returncode=0
2026-01-13-23-30-01 iter1 factor=2.022 new_exposure=240000000
2026-01-13-23-42-15 final exposure_us=240000000 mean=139.90230500703603 returncode=0
Iteration 1: running shutter 240000000us -> rpicam-still --camera 0 --width 9248 --height 6944 --shutter 240000000 --nopreview 1 -t 245000ms -o /media/pi/USB DISK/winter_images/rpicam_2026-01-13-23-30-01_iter1.jpg --quality 95 --metadata - --metadata-format json
Adjusting exposure: 240000000 -> 240000000 (factor 2.022)
Reached MaxExposure without achieving target brightness; stopping loop early
Final capture attempt 1: rpicam-still --camera 0 --width 9248 --height 6944 --shutter 240000000 --nopreview 1 -t 245000ms -o /media/pi/USB DISK/winter_images/rpicam_2026-01-13-23-42-15_ex240000000us.jpg --quality 95 --metadata - --metadata-format json
Capture complete. Final exposure (us): 240000000
2026-01-14-00-00-01 iter1 exposure_us=240000000 mean=144.33711067369904 returncode=0
2026-01-14-00-00-01 iter1 factor=1.634 new_exposure=240000000
2026-01-14-00-12-15 final exposure_us=240000000 mean=144.4538763145201 returncode=0
Iteration 1: running shutter 240000000us -> rpicam-still --camera 0 --width 9248 --height 6944 --shutter 240000000 --nopreview 1 -t 245000ms -o /media/pi/USB DISK/winter_images/rpicam_2026-01-14-00-00-01_iter1.jpg --quality 95 --metadata - --metadata-format json
Adjusting exposure: 240000000 -> 240000000 (factor 1.634)
Reached MaxExposure without achieving target brightness; stopping loop early
Final capture attempt 1: rpicam-still --camera 0 --width 9248 --height 6944 --shutter 240000000 --nopreview 1 -t 245000ms -o /media/pi/USB DISK/winter_images/rpicam_2026-01-14-00-12-15_ex240000000us.jpg --quality 95 --metadata - --metadata-format json
Capture complete. Final exposure (us): 240000000
2026-01-14-00-30-01 iter1 exposure_us=240000000 mean=129.0607778223066 returncode=0
2026-01-14-00-30-01 iter1 factor=2.285 new_exposure=240000000
2026-01-14-00-42-15 final exposure_us=240000000 mean=130.9089162415737 returncode=0
Iteration 1: running shutter 240000000us -> rpicam-still --camera 0 --width 9248 --height 6944 --shutter 240000000 --nopreview 1 -t 245000ms -o /media/pi/USB DISK/winter_images/rpicam_2026-01-14-00-30-01_iter1.jpg --quality 95 --metadata - --metadata-format json
Adjusting exposure: 240000000 -> 240000000 (factor 2.285)
Reached MaxExposure without achieving target brightness; stopping loop early
Final capture attempt 1: rpicam-still --camera 0 --width 9248 --height 6944 --shutter 240000000 --nopreview 1 -t 245000ms -o /media/pi/USB DISK/winter_images/rpicam_2026-01-14-00-42-15_ex240000000us.jpg --quality 95 --metadata - --metadata-format json
Capture complete. Final exposure (us): 240000000
2026-01-14-01-00-01 iter1 exposure_us=240000000 mean=144.6232213117695 returncode=0
2026-01-14-01-00-01 iter1 factor=1.624 new_exposure=240000000
2026-01-14-01-08-19 final exposure_us=240000000 mean=131.80467949602755 returncode=0
Iteration 1: running shutter 240000000us -> rpicam-still --camera 0 --width 9248 --height 6944 --shutter 240000000 --nopreview 1 -t 245000ms -o /media/pi/USB DISK/winter_images/rpicam_2026-01-14-01-00-01_iter1.jpg --quality 95 --metadata - --metadata-format json
Adjusting exposure: 240000000 -> 240000000 (factor 1.624)
Reached MaxExposure without achieving target brightness; stopping loop early
Final capture attempt 1: rpicam-still --camera 0 --width 9248 --height 6944 --shutter 240000000 --nopreview 1 -t 245000ms -o /media/pi/USB DISK/winter_images/rpicam_2026-01-14-01-08-19_ex240000000us.jpg --quality 95 --metadata - --metadata-format json
Capture complete. Final exposure (us): 240000000
2026-01-14-01-30-01 iter1 exposure_us=240000000 mean=151.65266451620377 returncode=0
2026-01-14-01-30-01 iter1 factor=1.409 new_exposure=240000000
2026-01-14-01-42-15 final exposure_us=240000000 mean=152.09450157924294 returncode=0
Iteration 1: running shutter 240000000us -> rpicam-still --camera 0 --width 9248 --height 6944 --shutter 240000000 --nopreview 1 -t 245000ms -o /media/pi/USB DISK/winter_images/rpicam_2026-01-14-01-30-01_iter1.jpg --quality 95 --metadata - --metadata-format json
Adjusting exposure: 240000000 -> 240000000 (factor 1.409)
Reached MaxExposure without achieving target brightness; stopping loop early
Final capture attempt 1: rpicam-still --camera 0 --width 9248 --height 6944 --shutter 240000000 --nopreview 1 -t 245000ms -o /media/pi/USB DISK/winter_images/rpicam_2026-01-14-01-42-15_ex240000000us.jpg --quality 95 --metadata - --metadata-format json
Capture complete. Final exposure (us): 240000000
2026-01-14-02-00-01 iter1 exposure_us=240000000 mean=144.31751990777929 returncode=0
2026-01-14-02-00-01 iter1 factor=1.635 new_exposure=240000000
2026-01-14-02-12-15 final exposure_us=240000000 mean=143.07094490725606 returncode=0
Iteration 1: running shutter 240000000us -> rpicam-still --camera 0 --width 9248 --height 6944 --shutter 240000000 --nopreview 1 -t 245000ms -o /media/pi/USB DISK/winter_images/rpicam_2026-01-14-02-00-01_iter1.jpg --quality 95 --metadata - --metadata-format json
Adjusting exposure: 240000000 -> 240000000 (factor 1.635)
Reached MaxExposure without achieving target brightness; stopping loop early
Final capture attempt 1: rpicam-still --camera 0 --width 9248 --height 6944 --shutter 240000000 --nopreview 1 -t 245000ms -o /media/pi/USB DISK/winter_images/rpicam_2026-01-14-02-12-15_ex240000000us.jpg --quality 95 --metadata - --metadata-format json
Capture complete. Final exposure (us): 240000000
2026-01-14-02-30-01 iter1 exposure_us=240000000 mean=146.44041640464297 returncode=0
2026-01-14-02-30-01 iter1 factor=1.564 new_exposure=240000000
2026-01-14-02-38-15 final exposure_us=240000000 mean=138.08371882686305 returncode=0
Iteration 1: running shutter 240000000us -> rpicam-still --camera 0 --width 9248 --height 6944 --shutter 240000000 --nopreview 1 -t 245000ms -o /media/pi/USB DISK/winter_images/rpicam_2026-01-14-02-30-01_iter1.jpg --quality 95 --metadata - --metadata-format json
Adjusting exposure: 240000000 -> 240000000 (factor 1.564)
Reached MaxExposure without achieving target brightness; stopping loop early
Final capture attempt 1: rpicam-still --camera 0 --width 9248 --height 6944 --shutter 240000000 --nopreview 1 -t 245000ms -o /media/pi/USB DISK/winter_images/rpicam_2026-01-14-02-38-15_ex240000000us.jpg --quality 95 --metadata - --metadata-format json
Capture complete. Final exposure (us): 240000000
2026-01-14-03-00-01 iter1 exposure_us=240000000 mean=140.6744963788409 returncode=0
2026-01-14-03-00-01 iter1 factor=1.765 new_exposure=240000000
2026-01-14-03-08-15 final exposure_us=240000000 mean=141.59304689617784 returncode=0
Iteration 1: running shutter 240000000us -> rpicam-still --camera 0 --width 9248 --height 6944 --shutter 240000000 --nopreview 1 -t 245000ms -o /media/pi/USB DISK/winter_images/rpicam_2026-01-14-03-00-01_iter1.jpg --quality 95 --metadata - --metadata-format json
Adjusting exposure: 240000000 -> 240000000 (factor 1.765)
Reached MaxExposure without achieving target brightness; stopping loop early
Final capture attempt 1: rpicam-still --camera 0 --width 9248 --height 6944 --shutter 240000000 --nopreview 1 -t 245000ms -o /media/pi/USB DISK/winter_images/rpicam_2026-01-14-03-08-15_ex240000000us.jpg --quality 95 --metadata - --metadata-format json
Capture complete. Final exposure (us): 240000000
2026-01-14-03-30-01 iter1 exposure_us=240000000 mean=148.3182948293466 returncode=0
2026-01-14-03-30-01 iter1 factor=1.506 new_exposure=240000000
2026-01-14-03-42-15 final exposure_us=240000000 mean=150.3375693449225 returncode=0
Iteration 1: running shutter 240000000us -> rpicam-still --camera 0 --width 9248 --height 6944 --shutter 240000000 --nopreview 1 -t 245000ms -o /media/pi/USB DISK/winter_images/rpicam_2026-01-14-03-30-01_iter1.jpg --quality 95 --metadata - --metadata-format json
Adjusting exposure: 240000000 -> 240000000 (factor 1.506)
Reached MaxExposure without achieving target brightness; stopping loop early
Final capture attempt 1: rpicam-still --camera 0 --width 9248 --height 6944 --shutter 240000000 --nopreview 1 -t 245000ms -o /media/pi/USB DISK/winter_images/rpicam_2026-01-14-03-42-15_ex240000000us.jpg --quality 95 --metadata - --metadata-format json
Capture complete. Final exposure (us): 240000000
2026-01-14-04-00-01 iter1 exposure_us=240000000 mean=152.79150279285693 returncode=0
2026-01-14-04-00-01 iter1 factor=1.377 new_exposure=240000000
2026-01-14-04-12-15 final exposure_us=240000000 mean=160.50973012099763 returncode=0
Iteration 1: running shutter 240000000us -> rpicam-still --camera 0 --width 9248 --height 6944 --shutter 240000000 --nopreview 1 -t 245000ms -o /media/pi/USB DISK/winter_images/rpicam_2026-01-14-04-00-01_iter1.jpg --quality 95 --metadata - --metadata-format json
Adjusting exposure: 240000000 -> 240000000 (factor 1.377)
Reached MaxExposure without achieving target brightness; stopping loop early
Final capture attempt 1: rpicam-still --camera 0 --width 9248 --height 6944 --shutter 240000000 --nopreview 1 -t 245000ms -o /media/pi/USB DISK/winter_images/rpicam_2026-01-14-04-12-15_ex240000000us.jpg --quality 95 --metadata - --metadata-format json
Capture complete. Final exposure (us): 240000000
2026-01-14-04-30-01 iter1 exposure_us=240000000 mean=149.73921156386535 returncode=0
2026-01-14-04-30-01 iter1 factor=1.463 new_exposure=240000000
2026-01-14-04-42-17 final exposure_us=240000000 mean=152.50466519476623 returncode=0
Iteration 1: running shutter 240000000us -> rpicam-still --camera 0 --width 9248 --height 6944 --shutter 240000000 --nopreview 1 -t 245000ms -o /media/pi/USB DISK/winter_images/rpicam_2026-01-14-04-30-01_iter1.jpg --quality 95 --metadata - --metadata-format json
Adjusting exposure: 240000000 -> 240000000 (factor 1.463)
Reached MaxExposure without achieving target brightness; stopping loop early
Final capture attempt 1: rpicam-still --camera 0 --width 9248 --height 6944 --shutter 240000000 --nopreview 1 -t 245000ms -o /media/pi/USB DISK/winter_images/rpicam_2026-01-14-04-42-17_ex240000000us.jpg --quality 95 --metadata - --metadata-format json
Capture complete. Final exposure (us): 240000000
2026-01-14-05-00-01 iter1 exposure_us=240000000 mean=147.79720165239365 returncode=0
2026-01-14-05-00-01 iter1 factor=1.522 new_exposure=240000000
2026-01-14-05-12-17 final exposure_us=240000000 mean=147.73582395259456 returncode=0
Iteration 1: running shutter 240000000us -> rpicam-still --camera 0 --width 9248 --height 6944 --shutter 240000000 --nopreview 1 -t 245000ms -o /media/pi/USB DISK/winter_images/rpicam_2026-01-14-05-00-01_iter1.jpg --quality 95 --metadata - --metadata-format json
Adjusting exposure: 240000000 -> 240000000 (factor 1.522)
Reached MaxExposure without achieving target brightness; stopping loop early
Final capture attempt 1: rpicam-still --camera 0 --width 9248 --height 6944 --shutter 240000000 --nopreview 1 -t 245000ms -o /media/pi/USB DISK/winter_images/rpicam_2026-01-14-05-12-17_ex240000000us.jpg --quality 95 --metadata - --metadata-format json
Capture complete. Final exposure (us): 240000000
2026-01-14-05-30-01 iter1 exposure_us=240000000 mean=145.18106634776183 returncode=0
2026-01-14-05-30-01 iter1 factor=1.606 new_exposure=240000000
2026-01-14-05-42-15 final exposure_us=240000000 mean=148.8970514424342 returncode=0
Iteration 1: running shutter 240000000us -> rpicam-still --camera 0 --width 9248 --height 6944 --shutter 240000000 --nopreview 1 -t 245000ms -o /media/pi/USB DISK/winter_images/rpicam_2026-01-14-05-30-01_iter1.jpg --quality 95 --metadata - --metadata-format json
Adjusting exposure: 240000000 -> 240000000 (factor 1.606)
Reached MaxExposure without achieving target brightness; stopping loop early
Final capture attempt 1: rpicam-still --camera 0 --width 9248 --height 6944 --shutter 240000000 --nopreview 1 -t 245000ms -o /media/pi/USB DISK/winter_images/rpicam_2026-01-14-05-42-15_ex240000000us.jpg --quality 95 --metadata - --metadata-format json
Capture complete. Final exposure (us): 240000000
2026-01-14-06-00-01 iter1 exposure_us=240000000 mean=152.75196717088164 returncode=0
2026-01-14-06-00-01 iter1 factor=1.378 new_exposure=240000000
2026-01-14-06-12-13 final exposure_us=240000000 mean=154.9365034587127 returncode=0
Iteration 1: running shutter 240000000us -> rpicam-still --camera 0 --width 9248 --height 6944 --shutter 240000000 --nopreview 1 -t 245000ms -o /media/pi/USB DISK/winter_images/rpicam_2026-01-14-06-00-01_iter1.jpg --quality 95 --metadata - --metadata-format json
Adjusting exposure: 240000000 -> 240000000 (factor 1.378)
Reached MaxExposure without achieving target brightness; stopping loop early
Final capture attempt 1: rpicam-still --camera 0 --width 9248 --height 6944 --shutter 240000000 --nopreview 1 -t 245000ms -o /media/pi/USB DISK/winter_images/rpicam_2026-01-14-06-12-13_ex240000000us.jpg --quality 95 --metadata - --metadata-format json
Capture complete. Final exposure (us): 240000000
2026-01-14-06-30-01 iter1 exposure_us=240000000 mean=158.73651497259837 returncode=0
2026-01-14-06-30-01 iter1 factor=1.173 new_exposure=240000000
2026-01-14-06-42-13 final exposure_us=240000000 mean=150.2727322161075 returncode=0
Iteration 1: running shutter 240000000us -> rpicam-still --camera 0 --width 9248 --height 6944 --shutter 240000000 --nopreview 1 -t 245000ms -o /media/pi/USB DISK/winter_images/rpicam_2026-01-14-06-30-01_iter1.jpg --quality 95 --metadata - --metadata-format json
Adjusting exposure: 240000000 -> 240000000 (factor 1.173)
Reached MaxExposure without achieving target brightness; stopping loop early
Final capture attempt 1: rpicam-still --camera 0 --width 9248 --height 6944 --shutter 240000000 --nopreview 1 -t 245000ms -o /media/pi/USB DISK/winter_images/rpicam_2026-01-14-06-42-13_ex240000000us.jpg --quality 95 --metadata - --metadata-format json
Capture complete. Final exposure (us): 240000000
2026-01-14-07-00-01 iter1 exposure_us=240000000 mean=151.3116876902267 returncode=0
2026-01-14-07-00-01 iter1 factor=1.418 new_exposure=240000000
2026-01-14-07-12-15 final exposure_us=240000000 mean=156.95552821608956 returncode=0
Iteration 1: running shutter 240000000us -> rpicam-still --camera 0 --width 9248 --height 6944 --shutter 240000000 --nopreview 1 -t 245000ms -o /media/pi/USB DISK/winter_images/rpicam_2026-01-14-07-00-01_iter1.jpg --quality 95 --metadata - --metadata-format json
Adjusting exposure: 240000000 -> 240000000 (factor 1.418)
Reached MaxExposure without achieving target brightness; stopping loop early
Final capture attempt 1: rpicam-still --camera 0 --width 9248 --height 6944 --shutter 240000000 --nopreview 1 -t 245000ms -o /media/pi/USB DISK/winter_images/rpicam_2026-01-14-07-12-15_ex240000000us.jpg --quality 95 --metadata - --metadata-format json
Capture complete. Final exposure (us): 240000000
2026-01-14-07-30-01 iter1 exposure_us=240000000 mean=189.90772590760687 returncode=0
2026-01-14-07-30-01 iter1 factor=0.717 new_exposure=172159149
2026-01-14-07-42-14 iter2 exposure_us=172159149 mean=252.64388982659597 returncode=0
2026-01-14-07-42-14 iter2 factor=0.050 new_exposure=8607957 [saturated]
2026-01-14-07-51-02 iter3 exposure_us=8607957 mean=141.42338202032474 returncode=0
2026-01-14-07-51-02 iter3 factor=1.250 new_exposure=10759946
2026-01-14-07-51-42 iter4 exposure_us=10759946 mean=167.63004437128268 returncode=0
2026-01-14-07-52-25 final reuse exposure_us=10759946 mean=167.63004437128268
Iteration 1: running shutter 240000000us -> rpicam-still --camera 0 --width 9248 --height 6944 --shutter 240000000 --nopreview 1 -t 245000ms -o /media/pi/USB DISK/winter_images/rpicam_2026-01-14-07-30-01_iter1.jpg --quality 95 --metadata - --metadata-format json
Adjusting exposure: 240000000 -> 172159149 (factor 0.717)
Iteration 2: running shutter 172159149us -> rpicam-still --camera 0 --width 9248 --height 6944 --shutter 172159149 --nopreview 1 -t 177159ms -o /media/pi/USB DISK/winter_images/rpicam_2026-01-14-07-42-14_iter2.jpg --quality 95 --metadata - --metadata-format json
Adjusting exposure (saturated): 172159149 -> 8607957 (factor 0.050)
Iteration 3: running shutter 8607957us -> rpicam-still --camera 0 --width 9248 --height 6944 --shutter 8607957 --nopreview 1 -t 13607ms -o /media/pi/USB DISK/winter_images/rpicam_2026-01-14-07-51-02_iter3.jpg --quality 95 --metadata - --metadata-format json
Adjusting exposure: 8607957 -> 10759946 (factor 1.250)
Iteration 4: running shutter 10759946us -> rpicam-still --camera 0 --width 9248 --height 6944 --shutter 10759946 --nopreview 1 -t 15759ms -o /media/pi/USB DISK/winter_images/rpicam_2026-01-14-07-51-42_iter4.jpg --quality 95 --metadata - --metadata-format json
Mean brightness 167.63004437128268 within tolerance 5.0% of target 170.0 -> reusing image
Capture complete. Final exposure (us): 10759946
2026-01-14-08-00-01 iter1 exposure_us=10759946 mean=234.49175114335344 returncode=0
2026-01-14-08-00-01 iter1 factor=0.381 new_exposure=4099908
2026-01-14-08-00-47 iter2 exposure_us=4099908 mean=183.36247724006586 returncode=0
2026-01-14-08-00-47 iter2 factor=0.797 new_exposure=3267303
2026-01-14-08-01-13 iter3 exposure_us=3267303 mean=170.6949966078106 returncode=0
2026-01-14-08-01-36 final reuse exposure_us=3267303 mean=170.6949966078106
Iteration 1: running shutter 10759946us -> rpicam-still --camera 0 --width 9248 --height 6944 --shutter 10759946 --nopreview 1 -t 15759ms -o /media/pi/USB DISK/winter_images/rpicam_2026-01-14-08-00-01_iter1.jpg --quality 95 --metadata - --metadata-format json
Adjusting exposure: 10759946 -> 4099908 (factor 0.381)
Iteration 2: running shutter 4099908us -> rpicam-still --camera 0 --width 9248 --height 6944 --shutter 4099908 --nopreview 1 -t 9099ms -o /media/pi/USB DISK/winter_images/rpicam_2026-01-14-08-00-47_iter2.jpg --quality 95 --metadata - --metadata-format json
Adjusting exposure: 4099908 -> 3267303 (factor 0.797)
Iteration 3: running shutter 3267303us -> rpicam-still --camera 0 --width 9248 --height 6944 --shutter 3267303 --nopreview 1 -t 8267ms -o /media/pi/USB DISK/winter_images/rpicam_2026-01-14-08-01-13_iter3.jpg --quality 95 --metadata - --metadata-format json
Mean brightness 170.6949966078106 within tolerance 5.0% of target 170.0 -> reusing image
Capture complete. Final exposure (us): 3267303
2026-01-14-08-30-01 iter1 exposure_us=3267303 mean=252.8803424647551 returncode=0
2026-01-14-08-30-01 iter1 factor=0.050 new_exposure=163365 [saturated]
2026-01-14-08-30-22 iter2 exposure_us=163365 mean=155.5983716867914 returncode=0
2026-01-14-08-30-22 iter2 factor=1.250 new_exposure=204206
2026-01-14-08-30-35 iter3 exposure_us=204206 mean=155.6303993334466 returncode=0
2026-01-14-08-30-35 iter3 factor=1.250 new_exposure=255258
2026-01-14-08-30-49 iter4 exposure_us=255258 mean=155.36294816639892 returncode=0
2026-01-14-08-30-49 iter4 factor=1.278 new_exposure=326147
2026-01-14-08-31-04 iter5 exposure_us=326147 mean=161.80594049541662 returncode=0
2026-01-14-08-31-17 final reuse exposure_us=326147 mean=161.80594049541662
Iteration 1: running shutter 3267303us -> rpicam-still --camera 0 --width 9248 --height 6944 --shutter 3267303 --nopreview 1 -t 8267ms -o /media/pi/USB DISK/winter_images/rpicam_2026-01-14-08-30-01_iter1.jpg --quality 95 --metadata - --metadata-format json
Adjusting exposure (saturated): 3267303 -> 163365 (factor 0.050)
Iteration 2: running shutter 163365us -> rpicam-still --camera 0 --width 9248 --height 6944 --shutter 163365 --nopreview 1 -t 5163ms -o /media/pi/USB DISK/winter_images/rpicam_2026-01-14-08-30-22_iter2.jpg --quality 95 --metadata - --metadata-format json
Adjusting exposure: 163365 -> 204206 (factor 1.250)
Iteration 3: running shutter 204206us -> rpicam-still --camera 0 --width 9248 --height 6944 --shutter 204206 --nopreview 1 -t 5204ms -o /media/pi/USB DISK/winter_images/rpicam_2026-01-14-08-30-35_iter3.jpg --quality 95 --metadata - --metadata-format json
Adjusting exposure: 204206 -> 255258 (factor 1.250)
Iteration 4: running shutter 255258us -> rpicam-still --camera 0 --width 9248 --height 6944 --shutter 255258 --nopreview 1 -t 5255ms -o /media/pi/USB DISK/winter_images/rpicam_2026-01-14-08-30-49_iter4.jpg --quality 95 --metadata - --metadata-format json
Adjusting exposure: 255258 -> 326147 (factor 1.278)
Iteration 5: running shutter 326147us -> rpicam-still --camera 0 --width 9248 --height 6944 --shutter 326147 --nopreview 1 -t 5326ms -o /media/pi/USB DISK/winter_images/rpicam_2026-01-14-08-31-04_iter5.jpg --quality 95 --metadata - --metadata-format json
Mean brightness 161.80594049541662 within tolerance 5.0% of target 170.0 -> reusing image
Capture complete. Final exposure (us): 326147
2026-01-14-09-00-01 iter1 exposure_us=326147 mean=249.8480487872331 returncode=0
2026-01-14-09-00-01 iter1 factor=0.050 new_exposure=16307 [saturated]
2026-01-14-09-00-13 iter2 exposure_us=16307 mean=158.0481775920164 returncode=0
2026-01-14-09-00-13 iter2 factor=1.192 new_exposure=19433
2026-01-14-09-00-27 iter3 exposure_us=19433 mean=157.83480943818466 returncode=0
2026-01-14-09-00-27 iter3 factor=1.198 new_exposure=23278
2026-01-14-09-00-41 iter4 exposure_us=23278 mean=158.05773846169754 returncode=0
2026-01-14-09-00-41 iter4 factor=1.191 new_exposure=27735
2026-01-14-09-00-54 iter5 exposure_us=27735 mean=157.9519678809617 returncode=0
2026-01-14-09-00-54 iter5 factor=1.194 new_exposure=33128
2026-01-14-09-01-08 final exposure_us=33128 mean=160.2048227453339 returncode=0
Iteration 1: running shutter 326147us -> rpicam-still --camera 0 --width 9248 --height 6944 --shutter 326147 --nopreview 1 -t 5326ms -o /media/pi/USB DISK/winter_images/rpicam_2026-01-14-09-00-01_iter1.jpg --quality 95 --metadata - --metadata-format json
Adjusting exposure (saturated): 326147 -> 16307 (factor 0.050)
Iteration 2: running shutter 16307us -> rpicam-still --camera 0 --width 9248 --height 6944 --shutter 16307 --nopreview 1 -t 5016ms -o /media/pi/USB DISK/winter_images/rpicam_2026-01-14-09-00-13_iter2.jpg --quality 95 --metadata - --metadata-format json
Adjusting exposure: 16307 -> 19433 (factor 1.192)
Iteration 3: running shutter 19433us -> rpicam-still --camera 0 --width 9248 --height 6944 --shutter 19433 --nopreview 1 -t 5019ms -o /media/pi/USB DISK/winter_images/rpicam_2026-01-14-09-00-27_iter3.jpg --quality 95 --metadata - --metadata-format json
Adjusting exposure: 19433 -> 23278 (factor 1.198)
Iteration 4: running shutter 23278us -> rpicam-still --camera 0 --width 9248 --height 6944 --shutter 23278 --nopreview 1 -t 5023ms -o /media/pi/USB DISK/winter_images/rpicam_2026-01-14-09-00-41_iter4.jpg --quality 95 --metadata - --metadata-format json
Adjusting exposure: 23278 -> 27735 (factor 1.191)
Iteration 5: running shutter 27735us -> rpicam-still --camera 0 --width 9248 --height 6944 --shutter 27735 --nopreview 1 -t 5027ms -o /media/pi/USB DISK/winter_images/rpicam_2026-01-14-09-00-54_iter5.jpg --quality 95 --metadata - --metadata-format json
Adjusting exposure: 27735 -> 33128 (factor 1.194)
Final capture attempt 1: rpicam-still --camera 0 --width 9248 --height 6944 --shutter 33128 --nopreview 1 -t 5033ms -o /media/pi/USB DISK/winter_images/rpicam_2026-01-14-09-01-08_ex33128us.jpg --quality 95 --metadata - --metadata-format json
Capture complete. Final exposure (us): 33128
2026-01-14-09-30-01 iter1 exposure_us=33128 mean=216.12826498231527 returncode=0
2026-01-14-09-30-01 iter1 factor=0.487 new_exposure=16122
2026-01-14-09-30-15 iter2 exposure_us=16122 mean=177.90290298475296 returncode=0
2026-01-14-09-30-29 final reuse exposure_us=16122 mean=177.90290298475296
Iteration 1: running shutter 33128us -> rpicam-still --camera 0 --width 9248 --height 6944 --shutter 33128 --nopreview 1 -t 5033ms -o /media/pi/USB DISK/winter_images/rpicam_2026-01-14-09-30-01_iter1.jpg --quality 95 --metadata - --metadata-format json
Adjusting exposure: 33128 -> 16122 (factor 0.487)
Iteration 2: running shutter 16122us -> rpicam-still --camera 0 --width 9248 --height 6944 --shutter 16122 --nopreview 1 -t 5016ms -o /media/pi/USB DISK/winter_images/rpicam_2026-01-14-09-30-15_iter2.jpg --quality 95 --metadata - --metadata-format json
Mean brightness 177.90290298475296 within tolerance 5.0% of target 170.0 -> reusing image
Capture complete. Final exposure (us): 16122
2026-01-14-10-00-01 iter1 exposure_us=16122 mean=209.82584992532946 returncode=0
2026-01-14-10-00-01 iter1 factor=0.532 new_exposure=8574
2026-01-14-10-00-15 iter2 exposure_us=8574 mean=178.2830450387579 returncode=0
2026-01-14-10-00-27 final reuse exposure_us=8574 mean=178.2830450387579
Iteration 1: running shutter 16122us -> rpicam-still --camera 0 --width 9248 --height 6944 --shutter 16122 --nopreview 1 -t 5016ms -o /media/pi/USB DISK/winter_images/rpicam_2026-01-14-10-00-01_iter1.jpg --quality 95 --metadata - --metadata-format json
Adjusting exposure: 16122 -> 8574 (factor 0.532)
Iteration 2: running shutter 8574us -> rpicam-still --camera 0 --width 9248 --height 6944 --shutter 8574 --nopreview 1 -t 5008ms -o /media/pi/USB DISK/winter_images/rpicam_2026-01-14-10-00-15_iter2.jpg --quality 95 --metadata - --metadata-format json
Mean brightness 178.2830450387579 within tolerance 5.0% of target 170.0 -> reusing image
Capture complete. Final exposure (us): 8574
2026-01-14-10-30-01 iter1 exposure_us=8574 mean=169.70764917536036 returncode=0
2026-01-14-10-30-18 final reuse exposure_us=8574 mean=169.70764917536036
Iteration 1: running shutter 8574us -> rpicam-still --camera 0 --width 9248 --height 6944 --shutter 8574 --nopreview 1 -t 5008ms -o /media/pi/USB DISK/winter_images/rpicam_2026-01-14-10-30-01_iter1.jpg --quality 95 --metadata - --metadata-format json
Mean brightness 169.70764917536036 within tolerance 5.0% of target 170.0 -> reusing image
Capture complete. Final exposure (us): 8574
2026-01-14-11-00-01 iter1 exposure_us=8574 mean=207.51918563099457 returncode=0
2026-01-14-11-00-01 iter1 factor=0.550 new_exposure=4714
2026-01-14-11-00-13 iter2 exposure_us=4714 mean=175.80848599223845 returncode=0
2026-01-14-11-00-27 final reuse exposure_us=4714 mean=175.80848599223845
Iteration 1: running shutter 8574us -> rpicam-still --camera 0 --width 9248 --height 6944 --shutter 8574 --nopreview 1 -t 5008ms -o /media/pi/USB DISK/winter_images/rpicam_2026-01-14-11-00-01_iter1.jpg --quality 95 --metadata - --metadata-format json
Adjusting exposure: 8574 -> 4714 (factor 0.550)
Iteration 2: running shutter 4714us -> rpicam-still --camera 0 --width 9248 --height 6944 --shutter 4714 --nopreview 1 -t 5004ms -o /media/pi/USB DISK/winter_images/rpicam_2026-01-14-11-00-13_iter2.jpg --quality 95 --metadata - --metadata-format json
Mean brightness 175.80848599223845 within tolerance 5.0% of target 170.0 -> reusing image
Capture complete. Final exposure (us): 4714
2026-01-14-11-30-01 iter1 exposure_us=4714 mean=203.83536579213043 returncode=0
2026-01-14-11-30-01 iter1 factor=0.580 new_exposure=2735
2026-01-14-11-30-15 iter2 exposure_us=2735 mean=176.45512786174717 returncode=0
2026-01-14-11-30-30 final reuse exposure_us=2735 mean=176.45512786174717
Iteration 1: running shutter 4714us -> rpicam-still --camera 0 --width 9248 --height 6944 --shutter 4714 --nopreview 1 -t 5004ms -o /media/pi/USB DISK/winter_images/rpicam_2026-01-14-11-30-01_iter1.jpg --quality 95 --metadata - --metadata-format json
Adjusting exposure: 4714 -> 2735 (factor 0.580)
Iteration 2: running shutter 2735us -> rpicam-still --camera 0 --width 9248 --height 6944 --shutter 2735 --nopreview 1 -t 5002ms -o /media/pi/USB DISK/winter_images/rpicam_2026-01-14-11-30-15_iter2.jpg --quality 95 --metadata - --metadata-format json
Mean brightness 176.45512786174717 within tolerance 5.0% of target 170.0 -> reusing image
Capture complete. Final exposure (us): 2735
2026-01-14-12-00-01 iter1 exposure_us=2735 mean=182.55344429932788 returncode=0
2026-01-14-12-00-01 iter1 factor=0.808 new_exposure=2209
2026-01-14-12-00-13 iter2 exposure_us=2209 mean=176.5639297991196 returncode=0
2026-01-14-12-00-27 final reuse exposure_us=2209 mean=176.5639297991196
Iteration 1: running shutter 2735us -> rpicam-still --camera 0 --width 9248 --height 6944 --shutter 2735 --nopreview 1 -t 5002ms -o /media/pi/USB DISK/winter_images/rpicam_2026-01-14-12-00-01_iter1.jpg --quality 95 --metadata - --metadata-format json
Adjusting exposure: 2735 -> 2209 (factor 0.808)
Iteration 2: running shutter 2209us -> rpicam-still --camera 0 --width 9248 --height 6944 --shutter 2209 --nopreview 1 -t 5002ms -o /media/pi/USB DISK/winter_images/rpicam_2026-01-14-12-00-13_iter2.jpg --quality 95 --metadata - --metadata-format json
Mean brightness 176.5639297991196 within tolerance 5.0% of target 170.0 -> reusing image
Capture complete. Final exposure (us): 2209
2026-01-14-12-30-01 iter1 exposure_us=2209 mean=191.105831357982 returncode=0
2026-01-14-12-30-01 iter1 factor=0.704 new_exposure=1555
2026-01-14-12-30-15 iter2 exposure_us=1555 mean=182.2568057746699 returncode=0
2026-01-14-12-30-15 iter2 factor=0.812 new_exposure=1262
2026-01-14-12-30-29 iter3 exposure_us=1262 mean=181.57143274470604 returncode=0
2026-01-14-12-30-29 iter3 factor=0.821 new_exposure=1036
2026-01-14-12-30-43 iter4 exposure_us=1036 mean=181.51344724989735 returncode=0
2026-01-14-12-30-43 iter4 factor=0.822 new_exposure=851
2026-01-14-12-30-55 iter5 exposure_us=851 mean=181.23424323032106 returncode=0
2026-01-14-12-30-55 iter5 factor=0.825 new_exposure=702
2026-01-14-12-31-07 final exposure_us=702 mean=180.7885684026338 returncode=0
Iteration 1: running shutter 2209us -> rpicam-still --camera 0 --width 9248 --height 6944 --shutter 2209 --nopreview 1 -t 5002ms -o /media/pi/USB DISK/winter_images/rpicam_2026-01-14-12-30-01_iter1.jpg --quality 95 --metadata - --metadata-format json
Adjusting exposure: 2209 -> 1555 (factor 0.704)
Iteration 2: running shutter 1555us -> rpicam-still --camera 0 --width 9248 --height 6944 --shutter 1555 --nopreview 1 -t 5001ms -o /media/pi/USB DISK/winter_images/rpicam_2026-01-14-12-30-15_iter2.jpg --quality 95 --metadata - --metadata-format json
Adjusting exposure: 1555 -> 1262 (factor 0.812)
Iteration 3: running shutter 1262us -> rpicam-still --camera 0 --width 9248 --height 6944 --shutter 1262 --nopreview 1 -t 5001ms -o /media/pi/USB DISK/winter_images/rpicam_2026-01-14-12-30-29_iter3.jpg --quality 95 --metadata - --metadata-format json
Adjusting exposure: 1262 -> 1036 (factor 0.821)
Iteration 4: running shutter 1036us -> rpicam-still --camera 0 --width 9248 --height 6944 --shutter 1036 --nopreview 1 -t 5001ms -o /media/pi/USB DISK/winter_images/rpicam_2026-01-14-12-30-43_iter4.jpg --quality 95 --metadata - --metadata-format json
Adjusting exposure: 1036 -> 851 (factor 0.822)
Iteration 5: running shutter 851us -> rpicam-still --camera 0 --width 9248 --height 6944 --shutter 851 --nopreview 1 -t 5000ms -o /media/pi/USB DISK/winter_images/rpicam_2026-01-14-12-30-55_iter5.jpg --quality 95 --metadata - --metadata-format json
Adjusting exposure: 851 -> 702 (factor 0.825)
Final capture attempt 1: rpicam-still --camera 0 --width 9248 --height 6944 --shutter 702 --nopreview 1 -t 5000ms -o /media/pi/USB DISK/winter_images/rpicam_2026-01-14-12-31-07_ex702us.jpg --quality 95 --metadata - --metadata-format json
Capture complete. Final exposure (us): 702
2026-01-14-13-00-02 iter1 exposure_us=702 mean=179.18358074743773 returncode=0
2026-01-14-13-00-02 iter1 factor=0.896 new_exposure=629
2026-01-14-13-00-13 iter2 exposure_us=629 mean=179.1393346319493 returncode=0
2026-01-14-13-00-13 iter2 factor=0.897 new_exposure=564
2026-01-14-13-00-28 iter3 exposure_us=564 mean=182.56734165588674 returncode=0
2026-01-14-13-00-28 iter3 factor=0.807 new_exposure=455
2026-01-14-13-00-42 iter4 exposure_us=455 mean=182.19362897183896 returncode=0
2026-01-14-13-00-42 iter4 factor=0.812 new_exposure=370
2026-01-14-13-00-54 iter5 exposure_us=370 mean=181.70898393898594 returncode=0
2026-01-14-13-00-54 iter5 factor=0.819 new_exposure=303
2026-01-14-13-01-08 final exposure_us=303 mean=177.69947498612228 returncode=0
Iteration 1: running shutter 702us -> rpicam-still --camera 0 --width 9248 --height 6944 --shutter 702 --nopreview 1 -t 5000ms -o /media/pi/USB DISK/winter_images/rpicam_2026-01-14-13-00-02_iter1.jpg --quality 95 --metadata - --metadata-format json
Adjusting exposure: 702 -> 629 (factor 0.896)
Iteration 2: running shutter 629us -> rpicam-still --camera 0 --width 9248 --height 6944 --shutter 629 --nopreview 1 -t 5000ms -o /media/pi/USB DISK/winter_images/rpicam_2026-01-14-13-00-13_iter2.jpg --quality 95 --metadata - --metadata-format json
Adjusting exposure: 629 -> 564 (factor 0.897)
Iteration 3: running shutter 564us -> rpicam-still --camera 0 --width 9248 --height 6944 --shutter 564 --nopreview 1 -t 5000ms -o /media/pi/USB DISK/winter_images/rpicam_2026-01-14-13-00-28_iter3.jpg --quality 95 --metadata - --metadata-format json
Adjusting exposure: 564 -> 455 (factor 0.807)
Iteration 4: running shutter 455us -> rpicam-still --camera 0 --width 9248 --height 6944 --shutter 455 --nopreview 1 -t 5000ms -o /media/pi/USB DISK/winter_images/rpicam_2026-01-14-13-00-42_iter4.jpg --quality 95 --metadata - --metadata-format json
Adjusting exposure: 455 -> 370 (factor 0.812)
Iteration 5: running shutter 370us -> rpicam-still --camera 0 --width 9248 --height 6944 --shutter 370 --nopreview 1 -t 5000ms -o /media/pi/USB DISK/winter_images/rpicam_2026-01-14-13-00-54_iter5.jpg --quality 95 --metadata - --metadata-format json
Adjusting exposure: 370 -> 303 (factor 0.819)
Final capture attempt 1: rpicam-still --camera 0 --width 9248 --height 6944 --shutter 303 --nopreview 1 -t 5000ms -o /media/pi/USB DISK/winter_images/rpicam_2026-01-14-13-01-08_ex303us.jpg --quality 95 --metadata - --metadata-format json
Capture complete. Final exposure (us): 303
2026-01-14-13-30-01 iter1 exposure_us=303 mean=177.9180800737337 returncode=0
2026-01-14-13-30-15 final reuse exposure_us=303 mean=177.9180800737337
Iteration 1: running shutter 303us -> rpicam-still --camera 0 --width 9248 --height 6944 --shutter 303 --nopreview 1 -t 5000ms -o /media/pi/USB DISK/winter_images/rpicam_2026-01-14-13-30-01_iter1.jpg --quality 95 --metadata - --metadata-format json
Mean brightness 177.9180800737337 within tolerance 5.0% of target 170.0 -> reusing image
Capture complete. Final exposure (us): 303
2026-01-14-14-00-01 iter1 exposure_us=303 mean=178.84251531717408 returncode=0
2026-01-14-14-00-01 iter1 factor=0.902 new_exposure=273
2026-01-14-14-00-16 iter2 exposure_us=273 mean=178.26545140411477 returncode=0
2026-01-14-14-00-29 final reuse exposure_us=273 mean=178.26545140411477
Iteration 1: running shutter 303us -> rpicam-still --camera 0 --width 9248 --height 6944 --shutter 303 --nopreview 1 -t 5000ms -o /media/pi/USB DISK/winter_images/rpicam_2026-01-14-14-00-01_iter1.jpg --quality 95 --metadata - --metadata-format json
Adjusting exposure: 303 -> 273 (factor 0.902)
Iteration 2: running shutter 273us -> rpicam-still --camera 0 --width 9248 --height 6944 --shutter 273 --nopreview 1 -t 5000ms -o /media/pi/USB DISK/winter_images/rpicam_2026-01-14-14-00-16_iter2.jpg --quality 95 --metadata - --metadata-format json
Mean brightness 178.26545140411477 within tolerance 5.0% of target 170.0 -> reusing image
Capture complete. Final exposure (us): 273
2026-01-14-14-30-01 iter1 exposure_us=273 mean=176.8702727510893 returncode=0
2026-01-14-14-30-17 final reuse exposure_us=273 mean=176.8702727510893
Iteration 1: running shutter 273us -> rpicam-still --camera 0 --width 9248 --height 6944 --shutter 273 --nopreview 1 -t 5000ms -o /media/pi/USB DISK/winter_images/rpicam_2026-01-14-14-30-01_iter1.jpg --quality 95 --metadata - --metadata-format json
Mean brightness 176.8702727510893 within tolerance 5.0% of target 170.0 -> reusing image
Capture complete. Final exposure (us): 273
2026-01-14-15-00-01 iter1 exposure_us=273 mean=164.9830357205145 returncode=0
2026-01-14-15-00-13 final reuse exposure_us=273 mean=164.9830357205145
Iteration 1: running shutter 273us -> rpicam-still --camera 0 --width 9248 --height 6944 --shutter 273 --nopreview 1 -t 5000ms -o /media/pi/USB DISK/winter_images/rpicam_2026-01-14-15-00-01_iter1.jpg --quality 95 --metadata - --metadata-format json
Mean brightness 164.9830357205145 within tolerance 5.0% of target 170.0 -> reusing image
Capture complete. Final exposure (us): 273
2026-01-14-15-30-01 iter1 exposure_us=273 mean=167.55603201165428 returncode=0
2026-01-14-15-30-15 final reuse exposure_us=273 mean=167.55603201165428
Iteration 1: running shutter 273us -> rpicam-still --camera 0 --width 9248 --height 6944 --shutter 273 --nopreview 1 -t 5000ms -o /media/pi/USB DISK/winter_images/rpicam_2026-01-14-15-30-01_iter1.jpg --quality 95 --metadata - --metadata-format json
Mean brightness 167.55603201165428 within tolerance 5.0% of target 170.0 -> reusing image
Capture complete. Final exposure (us): 273
2026-01-14-16-00-01 iter1 exposure_us=273 mean=179.50645554637296 returncode=0
2026-01-14-16-00-01 iter1 factor=0.891 new_exposure=243
2026-01-14-16-00-15 iter2 exposure_us=243 mean=181.76556341301344 returncode=0
2026-01-14-16-00-15 iter2 factor=0.818 new_exposure=199
2026-01-14-16-00-29 iter3 exposure_us=199 mean=179.90741587046347 returncode=0
2026-01-14-16-00-29 iter3 factor=0.885 new_exposure=176
2026-01-14-16-00-43 iter4 exposure_us=176 mean=179.94252194770223 returncode=0
2026-01-14-16-00-43 iter4 factor=0.884 new_exposure=156
2026-01-14-16-00-55 iter5 exposure_us=156 mean=180.11074506519282 returncode=0
2026-01-14-16-00-55 iter5 factor=0.841 new_exposure=131
2026-01-14-16-01-09 final exposure_us=131 mean=180.04124608957673 returncode=0
Iteration 1: running shutter 273us -> rpicam-still --camera 0 --width 9248 --height 6944 --shutter 273 --nopreview 1 -t 5000ms -o /media/pi/USB DISK/winter_images/rpicam_2026-01-14-16-00-01_iter1.jpg --quality 95 --metadata - --metadata-format json
Adjusting exposure: 273 -> 243 (factor 0.891)
Iteration 2: running shutter 243us -> rpicam-still --camera 0 --width 9248 --height 6944 --shutter 243 --nopreview 1 -t 5000ms -o /media/pi/USB DISK/winter_images/rpicam_2026-01-14-16-00-15_iter2.jpg --quality 95 --metadata - --metadata-format json
Adjusting exposure: 243 -> 199 (factor 0.818)
Iteration 3: running shutter 199us -> rpicam-still --camera 0 --width 9248 --height 6944 --shutter 199 --nopreview 1 -t 5000ms -o /media/pi/USB DISK/winter_images/rpicam_2026-01-14-16-00-29_iter3.jpg --quality 95 --metadata - --metadata-format json
Adjusting exposure: 199 -> 176 (factor 0.885)
Iteration 4: running shutter 176us -> rpicam-still --camera 0 --width 9248 --height 6944 --shutter 176 --nopreview 1 -t 5000ms -o /media/pi/USB DISK/winter_images/rpicam_2026-01-14-16-00-43_iter4.jpg --quality 95 --metadata - --metadata-format json
Adjusting exposure: 176 -> 156 (factor 0.884)
Iteration 5: running shutter 156us -> rpicam-still --camera 0 --width 9248 --height 6944 --shutter 156 --nopreview 1 -t 5000ms -o /media/pi/USB DISK/winter_images/rpicam_2026-01-14-16-00-55_iter5.jpg --quality 95 --metadata - --metadata-format json
Adjusting exposure: 156 -> 131 (factor 0.841)
Final capture attempt 1: rpicam-still --camera 0 --width 9248 --height 6944 --shutter 131 --nopreview 1 -t 5000ms -o /media/pi/USB DISK/winter_images/rpicam_2026-01-14-16-01-09_ex131us.jpg --quality 95 --metadata - --metadata-format json
Capture complete. Final exposure (us): 131
2026-01-14-16-30-01 iter1 exposure_us=131 mean=167.10867055699177 returncode=0
2026-01-14-16-30-15 final reuse exposure_us=131 mean=167.10867055699177
Iteration 1: running shutter 131us -> rpicam-still --camera 0 --width 9248 --height 6944 --shutter 131 --nopreview 1 -t 5000ms -o /media/pi/USB DISK/winter_images/rpicam_2026-01-14-16-30-01_iter1.jpg --quality 95 --metadata - --metadata-format json
Mean brightness 167.10867055699177 within tolerance 5.0% of target 170.0 -> reusing image
Capture complete. Final exposure (us): 131
2026-01-14-17-00-01 iter1 exposure_us=131 mean=144.09627797839963 returncode=0
2026-01-14-17-00-01 iter1 factor=1.642 new_exposure=215
2026-01-14-17-00-15 iter2 exposure_us=215 mean=143.98053229904983 returncode=0
2026-01-14-17-00-15 iter2 factor=1.646 new_exposure=354
2026-01-14-17-00-29 iter3 exposure_us=354 mean=143.13182530187123 returncode=0
2026-01-14-17-00-29 iter3 factor=1.675 new_exposure=593
2026-01-14-17-00-41 iter4 exposure_us=593 mean=142.87122804233172 returncode=0
2026-01-14-17-00-41 iter4 factor=1.685 new_exposure=999
2026-01-14-17-00-56 iter5 exposure_us=999 mean=173.4129910265814 returncode=0
2026-01-14-17-01-10 final reuse exposure_us=999 mean=173.4129910265814
Iteration 1: running shutter 131us -> rpicam-still --camera 0 --width 9248 --height 6944 --shutter 131 --nopreview 1 -t 5000ms -o /media/pi/USB DISK/winter_images/rpicam_2026-01-14-17-00-01_iter1.jpg --quality 95 --metadata - --metadata-format json
Adjusting exposure: 131 -> 215 (factor 1.642)
Iteration 2: running shutter 215us -> rpicam-still --camera 0 --width 9248 --height 6944 --shutter 215 --nopreview 1 -t 5000ms -o /media/pi/USB DISK/winter_images/rpicam_2026-01-14-17-00-15_iter2.jpg --quality 95 --metadata - --metadata-format json
Adjusting exposure: 215 -> 354 (factor 1.646)
Iteration 3: running shutter 354us -> rpicam-still --camera 0 --width 9248 --height 6944 --shutter 354 --nopreview 1 -t 5000ms -o /media/pi/USB DISK/winter_images/rpicam_2026-01-14-17-00-29_iter3.jpg --quality 95 --metadata - --metadata-format json
Adjusting exposure: 354 -> 593 (factor 1.675)
Iteration 4: running shutter 593us -> rpicam-still --camera 0 --width 9248 --height 6944 --shutter 593 --nopreview 1 -t 5000ms -o /media/pi/USB DISK/winter_images/rpicam_2026-01-14-17-00-41_iter4.jpg --quality 95 --metadata - --metadata-format json
Adjusting exposure: 593 -> 999 (factor 1.685)
Iteration 5: running shutter 999us -> rpicam-still --camera 0 --width 9248 --height 6944 --shutter 999 --nopreview 1 -t 5000ms -o /media/pi/USB DISK/winter_images/rpicam_2026-01-14-17-00-56_iter5.jpg --quality 95 --metadata - --metadata-format json
Mean brightness 173.4129910265814 within tolerance 5.0% of target 170.0 -> reusing image
Capture complete. Final exposure (us): 999
2026-01-14-17-30-01 iter1 exposure_us=999 mean=57.34150996217391 returncode=0
2026-01-14-17-30-01 iter1 factor=20.000 new_exposure=19980
2026-01-14-17-30-16 iter2 exposure_us=19980 mean=169.5426161859134 returncode=0
2026-01-14-17-30-29 final reuse exposure_us=19980 mean=169.5426161859134
Iteration 1: running shutter 999us -> rpicam-still --camera 0 --width 9248 --height 6944 --shutter 999 --nopreview 1 -t 5000ms -o /media/pi/USB DISK/winter_images/rpicam_2026-01-14-17-30-01_iter1.jpg --quality 95 --metadata - --metadata-format json
Adjusting exposure: 999 -> 19980 (factor 20.000)
Iteration 2: running shutter 19980us -> rpicam-still --camera 0 --width 9248 --height 6944 --shutter 19980 --nopreview 1 -t 5019ms -o /media/pi/USB DISK/winter_images/rpicam_2026-01-14-17-30-16_iter2.jpg --quality 95 --metadata - --metadata-format json
Mean brightness 169.5426161859134 within tolerance 5.0% of target 170.0 -> reusing image
Capture complete. Final exposure (us): 19980
2026-01-14-18-00-01 iter1 exposure_us=19980 mean=16.333527136394167 returncode=0
2026-01-14-18-00-01 iter1 factor=20.000 new_exposure=399600
2026-01-14-18-00-15 iter2 exposure_us=399600 mean=83.83424914454041 returncode=0
2026-01-14-18-00-15 iter2 factor=8.338 new_exposure=3332022
2026-01-14-18-00-27 iter3 exposure_us=3332022 mean=94.19025311737599 returncode=0
2026-01-14-18-00-27 iter3 factor=5.879 new_exposure=19590104
2026-01-14-18-00-51 iter4 exposure_us=19590104 mean=198.03141028188435 returncode=0
2026-01-14-18-00-51 iter4 factor=0.750 new_exposure=14692578
2026-01-14-18-02-03 iter5 exposure_us=14692578 mean=167.3522548124741 returncode=0
2026-01-14-18-02-59 final reuse exposure_us=14692578 mean=167.3522548124741
Iteration 1: running shutter 19980us -> rpicam-still --camera 0 --width 9248 --height 6944 --shutter 19980 --nopreview 1 -t 5019ms -o /media/pi/USB DISK/winter_images/rpicam_2026-01-14-18-00-01_iter1.jpg --quality 95 --metadata - --metadata-format json
Adjusting exposure: 19980 -> 399600 (factor 20.000)
Iteration 2: running shutter 399600us -> rpicam-still --camera 0 --width 9248 --height 6944 --shutter 399600 --nopreview 1 -t 5399ms -o /media/pi/USB DISK/winter_images/rpicam_2026-01-14-18-00-15_iter2.jpg --quality 95 --metadata - --metadata-format json
Adjusting exposure: 399600 -> 3332022 (factor 8.338)
Iteration 3: running shutter 3332022us -> rpicam-still --camera 0 --width 9248 --height 6944 --shutter 3332022 --nopreview 1 -t 8332ms -o /media/pi/USB DISK/winter_images/rpicam_2026-01-14-18-00-27_iter3.jpg --quality 95 --metadata - --metadata-format json
Adjusting exposure: 3332022 -> 19590104 (factor 5.879)
Iteration 4: running shutter 19590104us -> rpicam-still --camera 0 --width 9248 --height 6944 --shutter 19590104 --nopreview 1 -t 24590ms -o /media/pi/USB DISK/winter_images/rpicam_2026-01-14-18-00-51_iter4.jpg --quality 95 --metadata - --metadata-format json
Adjusting exposure: 19590104 -> 14692578 (factor 0.750)
Iteration 5: running shutter 14692578us -> rpicam-still --camera 0 --width 9248 --height 6944 --shutter 14692578 --nopreview 1 -t 19692ms -o /media/pi/USB DISK/winter_images/rpicam_2026-01-14-18-02-03_iter5.jpg --quality 95 --metadata - --metadata-format json
Mean brightness 167.3522548124741 within tolerance 5.0% of target 170.0 -> reusing image
Capture complete. Final exposure (us): 14692578
2026-01-14-18-30-01 iter1 exposure_us=14692578 mean=75.2804631191898 returncode=0
2026-01-14-18-30-01 iter1 factor=11.516 new_exposure=169199051
2026-01-14-18-30-44 iter2 exposure_us=169199051 mean=233.6323387240036 returncode=0
2026-01-14-18-30-44 iter2 factor=0.750 new_exposure=126899288
2026-01-14-18-39-24 iter3 exposure_us=126899288 mean=233.19732081192296 returncode=0
2026-01-14-18-39-24 iter3 factor=0.750 new_exposure=95174466
2026-01-14-18-45-56 iter4 exposure_us=95174466 mean=212.8591908774895 returncode=0
2026-01-14-18-45-56 iter4 factor=0.509 new_exposure=48483057
2026-01-14-18-50-53 iter5 exposure_us=48483057 mean=175.63151012599062 returncode=0
2026-01-14-18-53-32 final reuse exposure_us=48483057 mean=175.63151012599062
Iteration 1: running shutter 14692578us -> rpicam-still --camera 0 --width 9248 --height 6944 --shutter 14692578 --nopreview 1 -t 19692ms -o /media/pi/USB DISK/winter_images/rpicam_2026-01-14-18-30-01_iter1.jpg --quality 95 --metadata - --metadata-format json
Adjusting exposure: 14692578 -> 169199051 (factor 11.516)
Iteration 2: running shutter 169199051us -> rpicam-still --camera 0 --width 9248 --height 6944 --shutter 169199051 --nopreview 1 -t 174199ms -o /media/pi/USB DISK/winter_images/rpicam_2026-01-14-18-30-44_iter2.jpg --quality 95 --metadata - --metadata-format json
Adjusting exposure: 169199051 -> 126899288 (factor 0.750)
Iteration 3: running shutter 126899288us -> rpicam-still --camera 0 --width 9248 --height 6944 --shutter 126899288 --nopreview 1 -t 131899ms -o /media/pi/USB DISK/winter_images/rpicam_2026-01-14-18-39-24_iter3.jpg --quality 95 --metadata - --metadata-format json
Adjusting exposure: 126899288 -> 95174466 (factor 0.750)
Iteration 4: running shutter 95174466us -> rpicam-still --camera 0 --width 9248 --height 6944 --shutter 95174466 --nopreview 1 -t 100174ms -o /media/pi/USB DISK/winter_images/rpicam_2026-01-14-18-45-56_iter4.jpg --quality 95 --metadata - --metadata-format json
Adjusting exposure: 95174466 -> 48483057 (factor 0.509)
Iteration 5: running shutter 48483057us -> rpicam-still --camera 0 --width 9248 --height 6944 --shutter 48483057 --nopreview 1 -t 53483ms -o /media/pi/USB DISK/winter_images/rpicam_2026-01-14-18-50-53_iter5.jpg --quality 95 --metadata - --metadata-format json
Mean brightness 175.63151012599062 within tolerance 5.0% of target 170.0 -> reusing image
Capture complete. Final exposure (us): 48483057
2026-01-14-19-00-02 iter1 exposure_us=48483057 mean=181.60296743074602 returncode=0
2026-01-14-19-00-02 iter1 factor=0.820 new_exposure=39771131
2026-01-14-19-02-41 iter2 exposure_us=39771131 mean=166.077810820723 returncode=0
2026-01-14-19-04-51 final reuse exposure_us=39771131 mean=166.077810820723
Iteration 1: running shutter 48483057us -> rpicam-still --camera 0 --width 9248 --height 6944 --shutter 48483057 --nopreview 1 -t 53483ms -o /media/pi/USB DISK/winter_images/rpicam_2026-01-14-19-00-02_iter1.jpg --quality 95 --metadata - --metadata-format json
Adjusting exposure: 48483057 -> 39771131 (factor 0.820)
Iteration 2: running shutter 39771131us -> rpicam-still --camera 0 --width 9248 --height 6944 --shutter 39771131 --nopreview 1 -t 44771ms -o /media/pi/USB DISK/winter_images/rpicam_2026-01-14-19-02-41_iter2.jpg --quality 95 --metadata - --metadata-format json
Mean brightness 166.077810820723 within tolerance 5.0% of target 170.0 -> reusing image
Capture complete. Final exposure (us): 39771131
2026-01-14-19-30-01 iter1 exposure_us=39771131 mean=116.8373395499388 returncode=0
2026-01-14-19-30-01 iter1 factor=3.080 new_exposure=122509489
2026-01-14-19-32-13 iter2 exposure_us=122509489 mean=199.05712794857627 returncode=0
2026-01-14-19-32-13 iter2 factor=0.750 new_exposure=91882117
2026-01-14-19-38-34 iter3 exposure_us=91882117 mean=177.8968897279322 returncode=0
2026-01-14-19-43-21 final reuse exposure_us=91882117 mean=177.8968897279322
Iteration 1: running shutter 39771131us -> rpicam-still --camera 0 --width 9248 --height 6944 --shutter 39771131 --nopreview 1 -t 44771ms -o /media/pi/USB DISK/winter_images/rpicam_2026-01-14-19-30-01_iter1.jpg --quality 95 --metadata - --metadata-format json
Adjusting exposure: 39771131 -> 122509489 (factor 3.080)
Iteration 2: running shutter 122509489us -> rpicam-still --camera 0 --width 9248 --height 6944 --shutter 122509489 --nopreview 1 -t 127509ms -o /media/pi/USB DISK/winter_images/rpicam_2026-01-14-19-32-13_iter2.jpg --quality 95 --metadata - --metadata-format json
Adjusting exposure: 122509489 -> 91882117 (factor 0.750)
Iteration 3: running shutter 91882117us -> rpicam-still --camera 0 --width 9248 --height 6944 --shutter 91882117 --nopreview 1 -t 96882ms -o /media/pi/USB DISK/winter_images/rpicam_2026-01-14-19-38-34_iter3.jpg --quality 95 --metadata - --metadata-format json
Mean brightness 177.8968897279322 within tolerance 5.0% of target 170.0 -> reusing image
Capture complete. Final exposure (us): 91882117
2026-01-14-20-00-02 iter1 exposure_us=91882117 mean=156.3606414651368 returncode=0
2026-01-14-20-00-02 iter1 factor=1.243 new_exposure=114244426
2026-01-14-20-04-51 iter2 exposure_us=114244426 mean=179.62205064515132 returncode=0
2026-01-14-20-04-51 iter2 factor=0.889 new_exposure=101591460
2026-01-14-20-10-45 iter3 exposure_us=101591460 mean=178.82393781679536 returncode=0
2026-01-14-20-10-45 iter3 factor=0.902 new_exposure=91636015
2026-01-14-20-16-04 iter4 exposure_us=91636015 mean=174.2138911059858 returncode=0
2026-01-14-20-20-53 final reuse exposure_us=91636015 mean=174.2138911059858
Iteration 1: running shutter 91882117us -> rpicam-still --camera 0 --width 9248 --height 6944 --shutter 91882117 --nopreview 1 -t 96882ms -o /media/pi/USB DISK/winter_images/rpicam_2026-01-14-20-00-02_iter1.jpg --quality 95 --metadata - --metadata-format json
Adjusting exposure: 91882117 -> 114244426 (factor 1.243)
Iteration 2: running shutter 114244426us -> rpicam-still --camera 0 --width 9248 --height 6944 --shutter 114244426 --nopreview 1 -t 119244ms -o /media/pi/USB DISK/winter_images/rpicam_2026-01-14-20-04-51_iter2.jpg --quality 95 --metadata - --metadata-format json
Adjusting exposure: 114244426 -> 101591460 (factor 0.889)
Iteration 3: running shutter 101591460us -> rpicam-still --camera 0 --width 9248 --height 6944 --shutter 101591460 --nopreview 1 -t 106591ms -o /media/pi/USB DISK/winter_images/rpicam_2026-01-14-20-10-45_iter3.jpg --quality 95 --metadata - --metadata-format json
Adjusting exposure: 101591460 -> 91636015 (factor 0.902)
Iteration 4: running shutter 91636015us -> rpicam-still --camera 0 --width 9248 --height 6944 --shutter 91636015 --nopreview 1 -t 96636ms -o /media/pi/USB DISK/winter_images/rpicam_2026-01-14-20-16-04_iter4.jpg --quality 95 --metadata - --metadata-format json
Mean brightness 174.2138911059858 within tolerance 5.0% of target 170.0 -> reusing image
Capture complete. Final exposure (us): 91636015
2026-01-14-20-30-01 iter1 exposure_us=91636015 mean=162.21160011680195 returncode=0
2026-01-14-20-33-16 final reuse exposure_us=91636015 mean=162.21160011680195
Iteration 1: running shutter 91636015us -> rpicam-still --camera 0 --width 9248 --height 6944 --shutter 91636015 --nopreview 1 -t 96636ms -o /media/pi/USB DISK/winter_images/rpicam_2026-01-14-20-30-01_iter1.jpg --quality 95 --metadata - --metadata-format json
Mean brightness 162.21160011680195 within tolerance 5.0% of target 170.0 -> reusing image
Capture complete. Final exposure (us): 91636015
2026-01-14-21-00-01 iter1 exposure_us=91636015 mean=190.8995662469803 returncode=0
2026-01-14-21-00-01 iter1 factor=0.706 new_exposure=64713984
2026-01-14-21-04-49 iter2 exposure_us=64713984 mean=169.56592971777184 returncode=0
2026-01-14-21-08-15 final reuse exposure_us=64713984 mean=169.56592971777184
Iteration 1: running shutter 91636015us -> rpicam-still --camera 0 --width 9248 --height 6944 --shutter 91636015 --nopreview 1 -t 96636ms -o /media/pi/USB DISK/winter_images/rpicam_2026-01-14-21-00-01_iter1.jpg --quality 95 --metadata - --metadata-format json
Adjusting exposure: 91636015 -> 64713984 (factor 0.706)
Iteration 2: running shutter 64713984us -> rpicam-still --camera 0 --width 9248 --height 6944 --shutter 64713984 --nopreview 1 -t 69713ms -o /media/pi/USB DISK/winter_images/rpicam_2026-01-14-21-04-49_iter2.jpg --quality 95 --metadata - --metadata-format json
Mean brightness 169.56592971777184 within tolerance 5.0% of target 170.0 -> reusing image
Capture complete. Final exposure (us): 64713984
2026-01-14-21-30-01 iter1 exposure_us=64713984 mean=187.98929073156182 returncode=0
2026-01-14-21-30-01 iter1 factor=0.740 new_exposure=47857011
2026-01-14-21-32-24 iter2 exposure_us=47857011 mean=171.59936120513788 returncode=0
2026-01-14-21-35-01 final reuse exposure_us=47857011 mean=171.59936120513788
Iteration 1: running shutter 64713984us -> rpicam-still --camera 0 --width 9248 --height 6944 --shutter 64713984 --nopreview 1 -t 69713ms -o /media/pi/USB DISK/winter_images/rpicam_2026-01-14-21-30-01_iter1.jpg --quality 95 --metadata - --metadata-format json
Adjusting exposure: 64713984 -> 47857011 (factor 0.740)
Iteration 2: running shutter 47857011us -> rpicam-still --camera 0 --width 9248 --height 6944 --shutter 47857011 --nopreview 1 -t 52857ms -o /media/pi/USB DISK/winter_images/rpicam_2026-01-14-21-32-24_iter2.jpg --quality 95 --metadata - --metadata-format json
Mean brightness 171.59936120513788 within tolerance 5.0% of target 170.0 -> reusing image
Capture complete. Final exposure (us): 47857011
2026-01-14-22-00-01 iter1 exposure_us=47857011 mean=157.50259443940053 returncode=0
2026-01-14-22-00-01 iter1 factor=1.208 new_exposure=57791390
2026-01-14-22-01-50 iter2 exposure_us=57791390 mean=179.24369196652808 returncode=0
2026-01-14-22-01-50 iter2 factor=0.895 new_exposure=51744157
2026-01-14-22-04-55 iter3 exposure_us=51744157 mean=173.19012861978877 returncode=0
2026-01-14-22-07-43 final reuse exposure_us=51744157 mean=173.19012861978877
Iteration 1: running shutter 47857011us -> rpicam-still --camera 0 --width 9248 --height 6944 --shutter 47857011 --nopreview 1 -t 52857ms -o /media/pi/USB DISK/winter_images/rpicam_2026-01-14-22-00-01_iter1.jpg --quality 95 --metadata - --metadata-format json
Adjusting exposure: 47857011 -> 57791390 (factor 1.208)
Iteration 2: running shutter 57791390us -> rpicam-still --camera 0 --width 9248 --height 6944 --shutter 57791390 --nopreview 1 -t 62791ms -o /media/pi/USB DISK/winter_images/rpicam_2026-01-14-22-01-50_iter2.jpg --quality 95 --metadata - --metadata-format json
Adjusting exposure: 57791390 -> 51744157 (factor 0.895)
Iteration 3: running shutter 51744157us -> rpicam-still --camera 0 --width 9248 --height 6944 --shutter 51744157 --nopreview 1 -t 56744ms -o /media/pi/USB DISK/winter_images/rpicam_2026-01-14-22-04-55_iter3.jpg --quality 95 --metadata - --metadata-format json
Mean brightness 173.19012861978877 within tolerance 5.0% of target 170.0 -> reusing image
Capture complete. Final exposure (us): 51744157
2026-01-14-22-30-01 iter1 exposure_us=51744157 mean=177.64371556111772 returncode=0
2026-01-14-22-32-49 final reuse exposure_us=51744157 mean=177.64371556111772
Iteration 1: running shutter 51744157us -> rpicam-still --camera 0 --width 9248 --height 6944 --shutter 51744157 --nopreview 1 -t 56744ms -o /media/pi/USB DISK/winter_images/rpicam_2026-01-14-22-30-01_iter1.jpg --quality 95 --metadata - --metadata-format json
Mean brightness 177.64371556111772 within tolerance 5.0% of target 170.0 -> reusing image
Capture complete. Final exposure (us): 51744157
2026-01-14-23-00-01 iter1 exposure_us=51744157 mean=195.74518165529375 returncode=0
2026-01-14-23-00-01 iter1 factor=0.655 new_exposure=33894938
2026-01-14-23-02-48 iter2 exposure_us=33894938 mean=166.90031653375297 returncode=0
2026-01-14-23-04-43 final reuse exposure_us=33894938 mean=166.90031653375297
Iteration 1: running shutter 51744157us -> rpicam-still --camera 0 --width 9248 --height 6944 --shutter 51744157 --nopreview 1 -t 56744ms -o /media/pi/USB DISK/winter_images/rpicam_2026-01-14-23-00-01_iter1.jpg --quality 95 --metadata - --metadata-format json
Adjusting exposure: 51744157 -> 33894938 (factor 0.655)
Iteration 2: running shutter 33894938us -> rpicam-still --camera 0 --width 9248 --height 6944 --shutter 33894938 --nopreview 1 -t 38894ms -o /media/pi/USB DISK/winter_images/rpicam_2026-01-14-23-02-48_iter2.jpg --quality 95 --metadata - --metadata-format json
Mean brightness 166.90031653375297 within tolerance 5.0% of target 170.0 -> reusing image
Capture complete. Final exposure (us): 33894938
2026-01-14-23-30-01 iter1 exposure_us=33894938 mean=140.34385425407712 returncode=0
2026-01-14-23-30-01 iter1 factor=1.777 new_exposure=60242281
2026-01-14-23-31-56 iter2 exposure_us=60242281 mean=185.39250834717782 returncode=0
2026-01-14-23-31-56 iter2 factor=0.771 new_exposure=46448493
2026-01-14-23-35-08 iter3 exposure_us=46448493 mean=167.2540240205131 returncode=0
2026-01-14-23-37-38 final reuse exposure_us=46448493 mean=167.2540240205131
Iteration 1: running shutter 33894938us -> rpicam-still --camera 0 --width 9248 --height 6944 --shutter 33894938 --nopreview 1 -t 38894ms -o /media/pi/USB DISK/winter_images/rpicam_2026-01-14-23-30-01_iter1.jpg --quality 95 --metadata - --metadata-format json
Adjusting exposure: 33894938 -> 60242281 (factor 1.777)
Iteration 2: running shutter 60242281us -> rpicam-still --camera 0 --width 9248 --height 6944 --shutter 60242281 --nopreview 1 -t 65242ms -o /media/pi/USB DISK/winter_images/rpicam_2026-01-14-23-31-56_iter2.jpg --quality 95 --metadata - --metadata-format json
Adjusting exposure: 60242281 -> 46448493 (factor 0.771)
Iteration 3: running shutter 46448493us -> rpicam-still --camera 0 --width 9248 --height 6944 --shutter 46448493 --nopreview 1 -t 51448ms -o /media/pi/USB DISK/winter_images/rpicam_2026-01-14-23-35-08_iter3.jpg --quality 95 --metadata - --metadata-format json
Mean brightness 167.2540240205131 within tolerance 5.0% of target 170.0 -> reusing image
Capture complete. Final exposure (us): 46448493
2026-01-15-00-00-01 iter1 exposure_us=46448493 mean=156.19635614637815 returncode=0
2026-01-15-00-00-01 iter1 factor=1.249 new_exposure=58006361
2026-01-15-00-02-34 iter2 exposure_us=58006361 mean=170.76823821914914 returncode=0
2026-01-15-00-05-41 final reuse exposure_us=58006361 mean=170.76823821914914
Iteration 1: running shutter 46448493us -> rpicam-still --camera 0 --width 9248 --height 6944 --shutter 46448493 --nopreview 1 -t 51448ms -o /media/pi/USB DISK/winter_images/rpicam_2026-01-15-00-00-01_iter1.jpg --quality 95 --metadata - --metadata-format json
Adjusting exposure: 46448493 -> 58006361 (factor 1.249)
Iteration 2: running shutter 58006361us -> rpicam-still --camera 0 --width 9248 --height 6944 --shutter 58006361 --nopreview 1 -t 63006ms -o /media/pi/USB DISK/winter_images/rpicam_2026-01-15-00-02-34_iter2.jpg --quality 95 --metadata - --metadata-format json
Mean brightness 170.76823821914914 within tolerance 5.0% of target 170.0 -> reusing image
Capture complete. Final exposure (us): 58006361
2026-01-15-00-30-01 iter1 exposure_us=58006361 mean=149.03193482237535 returncode=0
2026-01-15-00-30-01 iter1 factor=1.484 new_exposure=86096276
2026-01-15-00-33-07 iter2 exposure_us=86096276 mean=168.53940352528582 returncode=0
2026-01-15-00-36-13 final reuse exposure_us=86096276 mean=168.53940352528582
Iteration 1: running shutter 58006361us -> rpicam-still --camera 0 --width 9248 --height 6944 --shutter 58006361 --nopreview 1 -t 63006ms -o /media/pi/USB DISK/winter_images/rpicam_2026-01-15-00-30-01_iter1.jpg --quality 95 --metadata - --metadata-format json
Adjusting exposure: 58006361 -> 86096276 (factor 1.484)
Iteration 2: running shutter 86096276us -> rpicam-still --camera 0 --width 9248 --height 6944 --shutter 86096276 --nopreview 1 -t 91096ms -o /media/pi/USB DISK/winter_images/rpicam_2026-01-15-00-33-07_iter2.jpg --quality 95 --metadata - --metadata-format json
Mean brightness 168.53940352528582 within tolerance 5.0% of target 170.0 -> reusing image
Capture complete. Final exposure (us): 86096276
2026-01-15-01-00-01 iter1 exposure_us=86096276 mean=141.48975511768393 returncode=0
2026-01-15-01-00-01 iter1 factor=1.734 new_exposure=149333123
2026-01-15-01-04-33 iter2 exposure_us=149333123 mean=184.99216931198475 returncode=0
2026-01-15-01-04-33 iter2 factor=0.776 new_exposure=115889176
2026-01-15-01-12-15 iter3 exposure_us=115889176 mean=164.30391033607467 returncode=0
2026-01-15-01-18-14 final reuse exposure_us=115889176 mean=164.30391033607467
Iteration 1: running shutter 86096276us -> rpicam-still --camera 0 --width 9248 --height 6944 --shutter 86096276 --nopreview 1 -t 91096ms -o /media/pi/USB DISK/winter_images/rpicam_2026-01-15-01-00-01_iter1.jpg --quality 95 --metadata - --metadata-format json
Adjusting exposure: 86096276 -> 149333123 (factor 1.734)
Iteration 2: running shutter 149333123us -> rpicam-still --camera 0 --width 9248 --height 6944 --shutter 149333123 --nopreview 1 -t 154333ms -o /media/pi/USB DISK/winter_images/rpicam_2026-01-15-01-04-33_iter2.jpg --quality 95 --metadata - --metadata-format json
Adjusting exposure: 149333123 -> 115889176 (factor 0.776)
Iteration 3: running shutter 115889176us -> rpicam-still --camera 0 --width 9248 --height 6944 --shutter 115889176 --nopreview 1 -t 120889ms -o /media/pi/USB DISK/winter_images/rpicam_2026-01-15-01-12-15_iter3.jpg --quality 95 --metadata - --metadata-format json
Mean brightness 164.30391033607467 within tolerance 5.0% of target 170.0 -> reusing image
Capture complete. Final exposure (us): 115889176
2026-01-15-01-30-01 iter1 exposure_us=115889176 mean=182.85925694919214 returncode=0
2026-01-15-01-30-01 iter1 factor=0.804 new_exposure=93119104
2026-01-15-01-36-02 iter2 exposure_us=93119104 mean=153.8104368748804 returncode=0
2026-01-15-01-36-02 iter2 factor=1.250 new_exposure=116398880
2026-01-15-01-40-55 iter3 exposure_us=116398880 mean=170.4690460068337 returncode=0
2026-01-15-01-46-56 final reuse exposure_us=116398880 mean=170.4690460068337
Iteration 1: running shutter 115889176us -> rpicam-still --camera 0 --width 9248 --height 6944 --shutter 115889176 --nopreview 1 -t 120889ms -o /media/pi/USB DISK/winter_images/rpicam_2026-01-15-01-30-01_iter1.jpg --quality 95 --metadata - --metadata-format json
Adjusting exposure: 115889176 -> 93119104 (factor 0.804)
Iteration 2: running shutter 93119104us -> rpicam-still --camera 0 --width 9248 --height 6944 --shutter 93119104 --nopreview 1 -t 98119ms -o /media/pi/USB DISK/winter_images/rpicam_2026-01-15-01-36-02_iter2.jpg --quality 95 --metadata - --metadata-format json
Adjusting exposure: 93119104 -> 116398880 (factor 1.250)
Iteration 3: running shutter 116398880us -> rpicam-still --camera 0 --width 9248 --height 6944 --shutter 116398880 --nopreview 1 -t 121398ms -o /media/pi/USB DISK/winter_images/rpicam_2026-01-15-01-40-55_iter3.jpg --quality 95 --metadata - --metadata-format json
Mean brightness 170.4690460068337 within tolerance 5.0% of target 170.0 -> reusing image
Capture complete. Final exposure (us): 116398880
2026-01-15-02-00-01 iter1 exposure_us=116398880 mean=174.4262544186911 returncode=0
2026-01-15-02-06-06 final reuse exposure_us=116398880 mean=174.4262544186911
Iteration 1: running shutter 116398880us -> rpicam-still --camera 0 --width 9248 --height 6944 --shutter 116398880 --nopreview 1 -t 121398ms -o /media/pi/USB DISK/winter_images/rpicam_2026-01-15-02-00-01_iter1.jpg --quality 95 --metadata - --metadata-format json
Mean brightness 174.4262544186911 within tolerance 5.0% of target 170.0 -> reusing image
Capture complete. Final exposure (us): 116398880
2026-01-15-02-30-01 iter1 exposure_us=116398880 mean=128.89785869132996 returncode=0
2026-01-15-02-30-01 iter1 factor=2.294 new_exposure=240000000
2026-01-15-02-36-03 final exposure_us=240000000 mean=185.54544330110483 returncode=0
Iteration 1: running shutter 116398880us -> rpicam-still --camera 0 --width 9248 --height 6944 --shutter 116398880 --nopreview 1 -t 121398ms -o /media/pi/USB DISK/winter_images/rpicam_2026-01-15-02-30-01_iter1.jpg --quality 95 --metadata - --metadata-format json
Adjusting exposure: 116398880 -> 240000000 (factor 2.294)
Reached MaxExposure without achieving target brightness; stopping loop early
Final capture attempt 1: rpicam-still --camera 0 --width 9248 --height 6944 --shutter 240000000 --nopreview 1 -t 245000ms -o /media/pi/USB DISK/winter_images/rpicam_2026-01-15-02-36-03_ex240000000us.jpg --quality 95 --metadata - --metadata-format json
Capture complete. Final exposure (us): 240000000
2026-01-15-03-00-01 iter1 exposure_us=240000000 mean=159.90919880983108 returncode=0
2026-01-15-03-00-01 iter1 factor=1.143 new_exposure=240000000
2026-01-15-03-12-15 final exposure_us=240000000 mean=143.72867554872994 returncode=0
Iteration 1: running shutter 240000000us -> rpicam-still --camera 0 --width 9248 --height 6944 --shutter 240000000 --nopreview 1 -t 245000ms -o /media/pi/USB DISK/winter_images/rpicam_2026-01-15-03-00-01_iter1.jpg --quality 95 --metadata - --metadata-format json
Adjusting exposure: 240000000 -> 240000000 (factor 1.143)
Reached MaxExposure without achieving target brightness; stopping loop early
Final capture attempt 1: rpicam-still --camera 0 --width 9248 --height 6944 --shutter 240000000 --nopreview 1 -t 245000ms -o /media/pi/USB DISK/winter_images/rpicam_2026-01-15-03-12-15_ex240000000us.jpg --quality 95 --metadata - --metadata-format json
Capture complete. Final exposure (us): 240000000
2026-01-15-03-30-01 iter1 exposure_us=240000000 mean=134.51553773489945 returncode=0
2026-01-15-03-30-01 iter1 factor=2.019 new_exposure=240000000
2026-01-15-03-42-14 final exposure_us=240000000 mean=153.1890945968639 returncode=0
Iteration 1: running shutter 240000000us -> rpicam-still --camera 0 --width 9248 --height 6944 --shutter 240000000 --nopreview 1 -t 245000ms -o /media/pi/USB DISK/winter_images/rpicam_2026-01-15-03-30-01_iter1.jpg --quality 95 --metadata - --metadata-format json
Adjusting exposure: 240000000 -> 240000000 (factor 2.019)
Reached MaxExposure without achieving target brightness; stopping loop early
Final capture attempt 1: rpicam-still --camera 0 --width 9248 --height 6944 --shutter 240000000 --nopreview 1 -t 245000ms -o /media/pi/USB DISK/winter_images/rpicam_2026-01-15-03-42-14_ex240000000us.jpg --quality 95 --metadata - --metadata-format json
Capture complete. Final exposure (us): 240000000
2026-01-15-04-00-01 iter1 exposure_us=240000000 mean=154.3710838618239 returncode=0
2026-01-15-04-00-01 iter1 factor=1.315 new_exposure=240000000
2026-01-15-04-12-16 final exposure_us=240000000 mean=177.06671701902417 returncode=0
Iteration 1: running shutter 240000000us -> rpicam-still --camera 0 --width 9248 --height 6944 --shutter 240000000 --nopreview 1 -t 245000ms -o /media/pi/USB DISK/winter_images/rpicam_2026-01-15-04-00-01_iter1.jpg --quality 95 --metadata - --metadata-format json
Adjusting exposure: 240000000 -> 240000000 (factor 1.315)
Reached MaxExposure without achieving target brightness; stopping loop early
Final capture attempt 1: rpicam-still --camera 0 --width 9248 --height 6944 --shutter 240000000 --nopreview 1 -t 245000ms -o /media/pi/USB DISK/winter_images/rpicam_2026-01-15-04-12-16_ex240000000us.jpg --quality 95 --metadata - --metadata-format json
Capture complete. Final exposure (us): 240000000
2026-01-15-04-30-02 iter1 exposure_us=240000000 mean=174.46483066957808 returncode=0
2026-01-15-04-42-16 final reuse exposure_us=240000000 mean=174.46483066957808
Iteration 1: running shutter 240000000us -> rpicam-still --camera 0 --width 9248 --height 6944 --shutter 240000000 --nopreview 1 -t 245000ms -o /media/pi/USB DISK/winter_images/rpicam_2026-01-15-04-30-02_iter1.jpg --quality 95 --metadata - --metadata-format json
Mean brightness 174.46483066957808 within tolerance 5.0% of target 170.0 -> reusing image
Capture complete. Final exposure (us): 240000000
2026-01-15-05-00-01 iter1 exposure_us=240000000 mean=162.4330248139341 returncode=0
2026-01-15-05-12-17 final reuse exposure_us=240000000 mean=162.4330248139341
Iteration 1: running shutter 240000000us -> rpicam-still --camera 0 --width 9248 --height 6944 --shutter 240000000 --nopreview 1 -t 245000ms -o /media/pi/USB DISK/winter_images/rpicam_2026-01-15-05-00-01_iter1.jpg --quality 95 --metadata - --metadata-format json
Mean brightness 162.4330248139341 within tolerance 5.0% of target 170.0 -> reusing image
Capture complete. Final exposure (us): 240000000
2026-01-15-05-30-01 iter1 exposure_us=240000000 mean=126.1066345893196 returncode=0
2026-01-15-05-30-01 iter1 factor=2.450 new_exposure=240000000
2026-01-15-05-42-17 final exposure_us=240000000 mean=121.36235096727852 returncode=0
Iteration 1: running shutter 240000000us -> rpicam-still --camera 0 --width 9248 --height 6944 --shutter 240000000 --nopreview 1 -t 245000ms -o /media/pi/USB DISK/winter_images/rpicam_2026-01-15-05-30-01_iter1.jpg --quality 95 --metadata - --metadata-format json
Adjusting exposure: 240000000 -> 240000000 (factor 2.450)
Reached MaxExposure without achieving target brightness; stopping loop early
Final capture attempt 1: rpicam-still --camera 0 --width 9248 --height 6944 --shutter 240000000 --nopreview 1 -t 245000ms -o /media/pi/USB DISK/winter_images/rpicam_2026-01-15-05-42-17_ex240000000us.jpg --quality 95 --metadata - --metadata-format json
Capture complete. Final exposure (us): 240000000
2026-01-15-06-00-01 iter1 exposure_us=240000000 mean=118.88595874634247 returncode=0
2026-01-15-06-00-01 iter1 factor=2.924 new_exposure=240000000
2026-01-15-06-12-16 final exposure_us=240000000 mean=118.99011202633923 returncode=0
Iteration 1: running shutter 240000000us -> rpicam-still --camera 0 --width 9248 --height 6944 --shutter 240000000 --nopreview 1 -t 245000ms -o /media/pi/USB DISK/winter_images/rpicam_2026-01-15-06-00-01_iter1.jpg --quality 95 --metadata - --metadata-format json
Adjusting exposure: 240000000 -> 240000000 (factor 2.924)
Reached MaxExposure without achieving target brightness; stopping loop early
Final capture attempt 1: rpicam-still --camera 0 --width 9248 --height 6944 --shutter 240000000 --nopreview 1 -t 245000ms -o /media/pi/USB DISK/winter_images/rpicam_2026-01-15-06-12-16_ex240000000us.jpg --quality 95 --metadata - --metadata-format json
Capture complete. Final exposure (us): 240000000
2026-01-15-06-30-01 iter1 exposure_us=240000000 mean=121.2123396433704 returncode=0
2026-01-15-06-30-01 iter1 factor=2.759 new_exposure=240000000
2026-01-15-06-42-15 final exposure_us=240000000 mean=119.16489668833616 returncode=0
Iteration 1: running shutter 240000000us -> rpicam-still --camera 0 --width 9248 --height 6944 --shutter 240000000 --nopreview 1 -t 245000ms -o /media/pi/USB DISK/winter_images/rpicam_2026-01-15-06-30-01_iter1.jpg --quality 95 --metadata - --metadata-format json
Adjusting exposure: 240000000 -> 240000000 (factor 2.759)
Reached MaxExposure without achieving target brightness; stopping loop early
Final capture attempt 1: rpicam-still --camera 0 --width 9248 --height 6944 --shutter 240000000 --nopreview 1 -t 245000ms -o /media/pi/USB DISK/winter_images/rpicam_2026-01-15-06-42-15_ex240000000us.jpg --quality 95 --metadata - --metadata-format json
Capture complete. Final exposure (us): 240000000
2026-01-15-07-00-01 iter1 exposure_us=240000000 mean=129.29348151811126 returncode=0
2026-01-15-07-00-01 iter1 factor=2.273 new_exposure=240000000
2026-01-15-07-12-13 final exposure_us=240000000 mean=201.77914187200022 returncode=0
Iteration 1: running shutter 240000000us -> rpicam-still --camera 0 --width 9248 --height 6944 --shutter 240000000 --nopreview 1 -t 245000ms -o /media/pi/USB DISK/winter_images/rpicam_2026-01-15-07-00-01_iter1.jpg --quality 95 --metadata - --metadata-format json
Adjusting exposure: 240000000 -> 240000000 (factor 2.273)
Reached MaxExposure without achieving target brightness; stopping loop early
Final capture attempt 1: rpicam-still --camera 0 --width 9248 --height 6944 --shutter 240000000 --nopreview 1 -t 245000ms -o /media/pi/USB DISK/winter_images/rpicam_2026-01-15-07-12-13_ex240000000us.jpg --quality 95 --metadata - --metadata-format json
Capture complete. Final exposure (us): 240000000
2026-01-15-07-30-01 iter1 exposure_us=240000000 mean=252.95732540377395 returncode=0
2026-01-15-07-30-01 iter1 factor=0.050 new_exposure=12000000 [saturated]
2026-01-15-07-42-12 iter2 exposure_us=12000000 mean=230.8768763709528 returncode=0
2026-01-15-07-42-12 iter2 factor=0.399 new_exposure=4790565
2026-01-15-07-43-00 iter3 exposure_us=4790565 mean=184.6117144490327 returncode=0
2026-01-15-07-43-00 iter3 factor=0.781 new_exposure=3740725
2026-01-15-07-43-27 iter4 exposure_us=3740725 mean=173.52817381177448 returncode=0
2026-01-15-07-43-49 final reuse exposure_us=3740725 mean=173.52817381177448
Iteration 1: running shutter 240000000us -> rpicam-still --camera 0 --width 9248 --height 6944 --shutter 240000000 --nopreview 1 -t 245000ms -o /media/pi/USB DISK/winter_images/rpicam_2026-01-15-07-30-01_iter1.jpg --quality 95 --metadata - --metadata-format json
Adjusting exposure (saturated): 240000000 -> 12000000 (factor 0.050)
Iteration 2: running shutter 12000000us -> rpicam-still --camera 0 --width 9248 --height 6944 --shutter 12000000 --nopreview 1 -t 17000ms -o /media/pi/USB DISK/winter_images/rpicam_2026-01-15-07-42-12_iter2.jpg --quality 95 --metadata - --metadata-format json
Adjusting exposure: 12000000 -> 4790565 (factor 0.399)
Iteration 3: running shutter 4790565us -> rpicam-still --camera 0 --width 9248 --height 6944 --shutter 4790565 --nopreview 1 -t 9790ms -o /media/pi/USB DISK/winter_images/rpicam_2026-01-15-07-43-00_iter3.jpg --quality 95 --metadata - --metadata-format json
Adjusting exposure: 4790565 -> 3740725 (factor 0.781)
Iteration 4: running shutter 3740725us -> rpicam-still --camera 0 --width 9248 --height 6944 --shutter 3740725 --nopreview 1 -t 8740ms -o /media/pi/USB DISK/winter_images/rpicam_2026-01-15-07-43-27_iter4.jpg --quality 95 --metadata - --metadata-format json
Mean brightness 173.52817381177448 within tolerance 5.0% of target 170.0 -> reusing image
Capture complete. Final exposure (us): 3740725
2026-01-15-08-00-01 iter1 exposure_us=3740725 mean=252.96161164003078 returncode=0
2026-01-15-08-00-01 iter1 factor=0.050 new_exposure=187036 [saturated]
2026-01-15-08-00-23 iter2 exposure_us=187036 mean=180.40210398898054 returncode=0
2026-01-15-08-00-23 iter2 factor=0.837 new_exposure=156512
2026-01-15-08-00-37 iter3 exposure_us=156512 mean=171.6594914375558 returncode=0
2026-01-15-08-00-49 final reuse exposure_us=156512 mean=171.6594914375558
Iteration 1: running shutter 3740725us -> rpicam-still --camera 0 --width 9248 --height 6944 --shutter 3740725 --nopreview 1 -t 8740ms -o /media/pi/USB DISK/winter_images/rpicam_2026-01-15-08-00-01_iter1.jpg --quality 95 --metadata - --metadata-format json
Adjusting exposure (saturated): 3740725 -> 187036 (factor 0.050)
Iteration 2: running shutter 187036us -> rpicam-still --camera 0 --width 9248 --height 6944 --shutter 187036 --nopreview 1 -t 5187ms -o /media/pi/USB DISK/winter_images/rpicam_2026-01-15-08-00-23_iter2.jpg --quality 95 --metadata - --metadata-format json
Adjusting exposure: 187036 -> 156512 (factor 0.837)
Iteration 3: running shutter 156512us -> rpicam-still --camera 0 --width 9248 --height 6944 --shutter 156512 --nopreview 1 -t 5156ms -o /media/pi/USB DISK/winter_images/rpicam_2026-01-15-08-00-37_iter3.jpg --quality 95 --metadata - --metadata-format json
Mean brightness 171.6594914375558 within tolerance 5.0% of target 170.0 -> reusing image
Capture complete. Final exposure (us): 156512
2026-01-15-08-30-01 iter1 exposure_us=156512 mean=251.44909216577403 returncode=0
2026-01-15-08-30-01 iter1 factor=0.050 new_exposure=7826 [saturated]
2026-01-15-08-30-13 iter2 exposure_us=7826 mean=155.59128047862885 returncode=0
2026-01-15-08-30-13 iter2 factor=1.250 new_exposure=9782
2026-01-15-08-30-29 iter3 exposure_us=9782 mean=159.2517275655815 returncode=0
2026-01-15-08-30-29 iter3 factor=1.159 new_exposure=11341
2026-01-15-08-30-43 iter4 exposure_us=11341 mean=167.4218062810691 returncode=0
2026-01-15-08-30-54 final reuse exposure_us=11341 mean=167.4218062810691
Iteration 1: running shutter 156512us -> rpicam-still --camera 0 --width 9248 --height 6944 --shutter 156512 --nopreview 1 -t 5156ms -o /media/pi/USB DISK/winter_images/rpicam_2026-01-15-08-30-01_iter1.jpg --quality 95 --metadata - --metadata-format json
Adjusting exposure (saturated): 156512 -> 7826 (factor 0.050)
Iteration 2: running shutter 7826us -> rpicam-still --camera 0 --width 9248 --height 6944 --shutter 7826 --nopreview 1 -t 5007ms -o /media/pi/USB DISK/winter_images/rpicam_2026-01-15-08-30-13_iter2.jpg --quality 95 --metadata - --metadata-format json
Adjusting exposure: 7826 -> 9782 (factor 1.250)
Iteration 3: running shutter 9782us -> rpicam-still --camera 0 --width 9248 --height 6944 --shutter 9782 --nopreview 1 -t 5009ms -o /media/pi/USB DISK/winter_images/rpicam_2026-01-15-08-30-29_iter3.jpg --quality 95 --metadata - --metadata-format json
Adjusting exposure: 9782 -> 11341 (factor 1.159)
Iteration 4: running shutter 11341us -> rpicam-still --camera 0 --width 9248 --height 6944 --shutter 11341 --nopreview 1 -t 5011ms -o /media/pi/USB DISK/winter_images/rpicam_2026-01-15-08-30-43_iter4.jpg --quality 95 --metadata - --metadata-format json
Mean brightness 167.4218062810691 within tolerance 5.0% of target 170.0 -> reusing image
Capture complete. Final exposure (us): 11341
2026-01-15-09-00-02 iter1 exposure_us=11341 mean=210.03814054826154 returncode=0
2026-01-15-09-00-02 iter1 factor=0.530 new_exposure=6013
2026-01-15-09-00-15 iter2 exposure_us=6013 mean=178.60941231034633 returncode=0
2026-01-15-09-00-15 iter2 factor=0.905 new_exposure=5444
2026-01-15-09-00-31 iter3 exposure_us=5444 mean=176.77149293956197 returncode=0
2026-01-15-09-00-45 final reuse exposure_us=5444 mean=176.77149293956197
Iteration 1: running shutter 11341us -> rpicam-still --camera 0 --width 9248 --height 6944 --shutter 11341 --nopreview 1 -t 5011ms -o /media/pi/USB DISK/winter_images/rpicam_2026-01-15-09-00-02_iter1.jpg --quality 95 --metadata - --metadata-format json
Adjusting exposure: 11341 -> 6013 (factor 0.530)
Iteration 2: running shutter 6013us -> rpicam-still --camera 0 --width 9248 --height 6944 --shutter 6013 --nopreview 1 -t 5006ms -o /media/pi/USB DISK/winter_images/rpicam_2026-01-15-09-00-15_iter2.jpg --quality 95 --metadata - --metadata-format json
Adjusting exposure: 6013 -> 5444 (factor 0.905)
Iteration 3: running shutter 5444us -> rpicam-still --camera 0 --width 9248 --height 6944 --shutter 5444 --nopreview 1 -t 5005ms -o /media/pi/USB DISK/winter_images/rpicam_2026-01-15-09-00-31_iter3.jpg --quality 95 --metadata - --metadata-format json
Mean brightness 176.77149293956197 within tolerance 5.0% of target 170.0 -> reusing image
Capture complete. Final exposure (us): 5444
2026-01-15-09-30-01 iter1 exposure_us=5444 mean=195.46404673186282 returncode=0
2026-01-15-09-30-01 iter1 factor=0.658 new_exposure=3581
2026-01-15-09-30-19 iter2 exposure_us=3581 mean=172.5717817116766 returncode=0
2026-01-15-09-30-34 final reuse exposure_us=3581 mean=172.5717817116766
Iteration 1: running shutter 5444us -> rpicam-still --camera 0 --width 9248 --height 6944 --shutter 5444 --nopreview 1 -t 5005ms -o /media/pi/USB DISK/winter_images/rpicam_2026-01-15-09-30-01_iter1.jpg --quality 95 --metadata - --metadata-format json
Adjusting exposure: 5444 -> 3581 (factor 0.658)
Iteration 2: running shutter 3581us -> rpicam-still --camera 0 --width 9248 --height 6944 --shutter 3581 --nopreview 1 -t 5003ms -o /media/pi/USB DISK/winter_images/rpicam_2026-01-15-09-30-19_iter2.jpg --quality 95 --metadata - --metadata-format json
Mean brightness 172.5717817116766 within tolerance 5.0% of target 170.0 -> reusing image
Capture complete. Final exposure (us): 3581
2026-01-15-10-00-01 iter1 exposure_us=3581 mean=234.50891949299287 returncode=0
2026-01-15-10-00-01 iter1 factor=0.381 new_exposure=1364
2026-01-15-10-00-12 iter2 exposure_us=1364 mean=186.24798222034306 returncode=0
2026-01-15-10-00-12 iter2 factor=0.760 new_exposure=1037
2026-01-15-10-00-25 iter3 exposure_us=1037 mean=177.48597864415572 returncode=0
2026-01-15-10-00-38 final reuse exposure_us=1037 mean=177.48597864415572
Iteration 1: running shutter 3581us -> rpicam-still --camera 0 --width 9248 --height 6944 --shutter 3581 --nopreview 1 -t 5003ms -o /media/pi/USB DISK/winter_images/rpicam_2026-01-15-10-00-01_iter1.jpg --quality 95 --metadata - --metadata-format json
Adjusting exposure: 3581 -> 1364 (factor 0.381)
Iteration 2: running shutter 1364us -> rpicam-still --camera 0 --width 9248 --height 6944 --shutter 1364 --nopreview 1 -t 5001ms -o /media/pi/USB DISK/winter_images/rpicam_2026-01-15-10-00-12_iter2.jpg --quality 95 --metadata - --metadata-format json
Adjusting exposure: 1364 -> 1037 (factor 0.760)
Iteration 3: running shutter 1037us -> rpicam-still --camera 0 --width 9248 --height 6944 --shutter 1037 --nopreview 1 -t 5001ms -o /media/pi/USB DISK/winter_images/rpicam_2026-01-15-10-00-25_iter3.jpg --quality 95 --metadata - --metadata-format json
Mean brightness 177.48597864415572 within tolerance 5.0% of target 170.0 -> reusing image
Capture complete. Final exposure (us): 1037
2026-01-15-10-30-01 iter1 exposure_us=1037 mean=173.53859506177946 returncode=0
2026-01-15-10-30-13 final reuse exposure_us=1037 mean=173.53859506177946
Iteration 1: running shutter 1037us -> rpicam-still --camera 0 --width 9248 --height 6944 --shutter 1037 --nopreview 1 -t 5001ms -o /media/pi/USB DISK/winter_images/rpicam_2026-01-15-10-30-01_iter1.jpg --quality 95 --metadata - --metadata-format json
Mean brightness 173.53859506177946 within tolerance 5.0% of target 170.0 -> reusing image
Capture complete. Final exposure (us): 1037
2026-01-15-11-00-01 iter1 exposure_us=1037 mean=161.89982539505365 returncode=0
2026-01-15-11-00-15 final reuse exposure_us=1037 mean=161.89982539505365
Iteration 1: running shutter 1037us -> rpicam-still --camera 0 --width 9248 --height 6944 --shutter 1037 --nopreview 1 -t 5001ms -o /media/pi/USB DISK/winter_images/rpicam_2026-01-15-11-00-01_iter1.jpg --quality 95 --metadata - --metadata-format json
Mean brightness 161.89982539505365 within tolerance 5.0% of target 170.0 -> reusing image
Capture complete. Final exposure (us): 1037
2026-01-15-11-30-01 iter1 exposure_us=1037 mean=156.5450411715623 returncode=0
2026-01-15-11-30-01 iter1 factor=1.237 new_exposure=1283
2026-01-15-11-30-15 iter2 exposure_us=1283 mean=163.43442491738156 returncode=0
2026-01-15-11-30-28 final reuse exposure_us=1283 mean=163.43442491738156
Iteration 1: running shutter 1037us -> rpicam-still --camera 0 --width 9248 --height 6944 --shutter 1037 --nopreview 1 -t 5001ms -o /media/pi/USB DISK/winter_images/rpicam_2026-01-15-11-30-01_iter1.jpg --quality 95 --metadata - --metadata-format json
Adjusting exposure: 1037 -> 1283 (factor 1.237)
Iteration 2: running shutter 1283us -> rpicam-still --camera 0 --width 9248 --height 6944 --shutter 1283 --nopreview 1 -t 5001ms -o /media/pi/USB DISK/winter_images/rpicam_2026-01-15-11-30-15_iter2.jpg --quality 95 --metadata - --metadata-format json
Mean brightness 163.43442491738156 within tolerance 5.0% of target 170.0 -> reusing image
Capture complete. Final exposure (us): 1283
2026-01-15-12-00-01 iter1 exposure_us=1283 mean=157.64067961076154 returncode=0
2026-01-15-12-00-01 iter1 factor=1.203 new_exposure=1544
2026-01-15-12-00-13 iter2 exposure_us=1544 mean=167.75605857113956 returncode=0
2026-01-15-12-00-27 final reuse exposure_us=1544 mean=167.75605857113956
Iteration 1: running shutter 1283us -> rpicam-still --camera 0 --width 9248 --height 6944 --shutter 1283 --nopreview 1 -t 5001ms -o /media/pi/USB DISK/winter_images/rpicam_2026-01-15-12-00-01_iter1.jpg --quality 95 --metadata - --metadata-format json
Adjusting exposure: 1283 -> 1544 (factor 1.203)
Iteration 2: running shutter 1544us -> rpicam-still --camera 0 --width 9248 --height 6944 --shutter 1544 --nopreview 1 -t 5001ms -o /media/pi/USB DISK/winter_images/rpicam_2026-01-15-12-00-13_iter2.jpg --quality 95 --metadata - --metadata-format json
Mean brightness 167.75605857113956 within tolerance 5.0% of target 170.0 -> reusing image
Capture complete. Final exposure (us): 1544
2026-01-15-12-30-01 iter1 exposure_us=1544 mean=173.15013510518654 returncode=0
2026-01-15-12-30-15 final reuse exposure_us=1544 mean=173.15013510518654
Iteration 1: running shutter 1544us -> rpicam-still --camera 0 --width 9248 --height 6944 --shutter 1544 --nopreview 1 -t 5001ms -o /media/pi/USB DISK/winter_images/rpicam_2026-01-15-12-30-01_iter1.jpg --quality 95 --metadata - --metadata-format json
Mean brightness 173.15013510518654 within tolerance 5.0% of target 170.0 -> reusing image
Capture complete. Final exposure (us): 1544
2026-01-15-13-00-01 iter1 exposure_us=1544 mean=192.98659020059637 returncode=0
2026-01-15-13-00-01 iter1 factor=0.684 new_exposure=1055
2026-01-15-13-00-15 iter2 exposure_us=1055 mean=170.04127930450525 returncode=0
2026-01-15-13-00-27 final reuse exposure_us=1055 mean=170.04127930450525
Iteration 1: running shutter 1544us -> rpicam-still --camera 0 --width 9248 --height 6944 --shutter 1544 --nopreview 1 -t 5001ms -o /media/pi/USB DISK/winter_images/rpicam_2026-01-15-13-00-01_iter1.jpg --quality 95 --metadata - --metadata-format json
Adjusting exposure: 1544 -> 1055 (factor 0.684)
Iteration 2: running shutter 1055us -> rpicam-still --camera 0 --width 9248 --height 6944 --shutter 1055 --nopreview 1 -t 5001ms -o /media/pi/USB DISK/winter_images/rpicam_2026-01-15-13-00-15_iter2.jpg --quality 95 --metadata - --metadata-format json
Mean brightness 170.04127930450525 within tolerance 5.0% of target 170.0 -> reusing image
Capture complete. Final exposure (us): 1055
2026-01-15-13-30-01 iter1 exposure_us=1055 mean=177.9693334335335 returncode=0
2026-01-15-13-30-13 final reuse exposure_us=1055 mean=177.9693334335335
Iteration 1: running shutter 1055us -> rpicam-still --camera 0 --width 9248 --height 6944 --shutter 1055 --nopreview 1 -t 5001ms -o /media/pi/USB DISK/winter_images/rpicam_2026-01-15-13-30-01_iter1.jpg --quality 95 --metadata - --metadata-format json
Mean brightness 177.9693334335335 within tolerance 5.0% of target 170.0 -> reusing image
Capture complete. Final exposure (us): 1055
2026-01-15-14-00-01 iter1 exposure_us=1055 mean=165.30075550959828 returncode=0
2026-01-15-14-00-17 final reuse exposure_us=1055 mean=165.30075550959828
Iteration 1: running shutter 1055us -> rpicam-still --camera 0 --width 9248 --height 6944 --shutter 1055 --nopreview 1 -t 5001ms -o /media/pi/USB DISK/winter_images/rpicam_2026-01-15-14-00-01_iter1.jpg --quality 95 --metadata - --metadata-format json
Mean brightness 165.30075550959828 within tolerance 5.0% of target 170.0 -> reusing image
Capture complete. Final exposure (us): 1055
2026-01-15-14-30-01 iter1 exposure_us=1055 mean=173.08094439151373 returncode=0
2026-01-15-14-30-12 final reuse exposure_us=1055 mean=173.08094439151373
Iteration 1: running shutter 1055us -> rpicam-still --camera 0 --width 9248 --height 6944 --shutter 1055 --nopreview 1 -t 5001ms -o /media/pi/USB DISK/winter_images/rpicam_2026-01-15-14-30-01_iter1.jpg --quality 95 --metadata - --metadata-format json
Mean brightness 173.08094439151373 within tolerance 5.0% of target 170.0 -> reusing image
Capture complete. Final exposure (us): 1055
2026-01-15-15-00-01 iter1 exposure_us=1055 mean=176.2490192486506 returncode=0
2026-01-15-15-00-16 final reuse exposure_us=1055 mean=176.2490192486506
Iteration 1: running shutter 1055us -> rpicam-still --camera 0 --width 9248 --height 6944 --shutter 1055 --nopreview 1 -t 5001ms -o /media/pi/USB DISK/winter_images/rpicam_2026-01-15-15-00-01_iter1.jpg --quality 95 --metadata - --metadata-format json
Mean brightness 176.2490192486506 within tolerance 5.0% of target 170.0 -> reusing image
Capture complete. Final exposure (us): 1055
2026-01-15-15-30-01 iter1 exposure_us=1055 mean=172.59364910945996 returncode=0
2026-01-15-15-30-15 final reuse exposure_us=1055 mean=172.59364910945996
Iteration 1: running shutter 1055us -> rpicam-still --camera 0 --width 9248 --height 6944 --shutter 1055 --nopreview 1 -t 5001ms -o /media/pi/USB DISK/winter_images/rpicam_2026-01-15-15-30-01_iter1.jpg --quality 95 --metadata - --metadata-format json
Mean brightness 172.59364910945996 within tolerance 5.0% of target 170.0 -> reusing image
Capture complete. Final exposure (us): 1055
2026-01-15-16-00-01 iter1 exposure_us=1055 mean=167.2139013056005 returncode=0
2026-01-15-16-00-16 final reuse exposure_us=1055 mean=167.2139013056005
Iteration 1: running shutter 1055us -> rpicam-still --camera 0 --width 9248 --height 6944 --shutter 1055 --nopreview 1 -t 5001ms -o /media/pi/USB DISK/winter_images/rpicam_2026-01-15-16-00-01_iter1.jpg --quality 95 --metadata - --metadata-format json
Mean brightness 167.2139013056005 within tolerance 5.0% of target 170.0 -> reusing image
Capture complete. Final exposure (us): 1055
2026-01-15-16-30-01 iter1 exposure_us=1055 mean=175.7861591134912 returncode=0
2026-01-15-16-30-17 final reuse exposure_us=1055 mean=175.7861591134912
Iteration 1: running shutter 1055us -> rpicam-still --camera 0 --width 9248 --height 6944 --shutter 1055 --nopreview 1 -t 5001ms -o /media/pi/USB DISK/winter_images/rpicam_2026-01-15-16-30-01_iter1.jpg --quality 95 --metadata - --metadata-format json
Mean brightness 175.7861591134912 within tolerance 5.0% of target 170.0 -> reusing image
Capture complete. Final exposure (us): 1055
2026-01-15-17-00-01 iter1 exposure_us=1055 mean=147.41132135743885 returncode=0
2026-01-15-17-00-01 iter1 factor=1.534 new_exposure=1618
2026-01-15-17-00-15 iter2 exposure_us=1618 mean=164.87286722163367 returncode=0
2026-01-15-17-00-29 final reuse exposure_us=1618 mean=164.87286722163367
Iteration 1: running shutter 1055us -> rpicam-still --camera 0 --width 9248 --height 6944 --shutter 1055 --nopreview 1 -t 5001ms -o /media/pi/USB DISK/winter_images/rpicam_2026-01-15-17-00-01_iter1.jpg --quality 95 --metadata - --metadata-format json
Adjusting exposure: 1055 -> 1618 (factor 1.534)
Iteration 2: running shutter 1618us -> rpicam-still --camera 0 --width 9248 --height 6944 --shutter 1618 --nopreview 1 -t 5001ms -o /media/pi/USB DISK/winter_images/rpicam_2026-01-15-17-00-15_iter2.jpg --quality 95 --metadata - --metadata-format json
Mean brightness 164.87286722163367 within tolerance 5.0% of target 170.0 -> reusing image
Capture complete. Final exposure (us): 1618
2026-01-15-17-30-01 iter1 exposure_us=1618 mean=90.69360634582344 returncode=0
2026-01-15-17-30-01 iter1 factor=6.586 new_exposure=10656
2026-01-15-17-30-16 iter2 exposure_us=10656 mean=164.53721485925965 returncode=0
2026-01-15-17-30-30 final reuse exposure_us=10656 mean=164.53721485925965
Iteration 1: running shutter 1618us -> rpicam-still --camera 0 --width 9248 --height 6944 --shutter 1618 --nopreview 1 -t 5001ms -o /media/pi/USB DISK/winter_images/rpicam_2026-01-15-17-30-01_iter1.jpg --quality 95 --metadata - --metadata-format json
Adjusting exposure: 1618 -> 10656 (factor 6.586)
Iteration 2: running shutter 10656us -> rpicam-still --camera 0 --width 9248 --height 6944 --shutter 10656 --nopreview 1 -t 5010ms -o /media/pi/USB DISK/winter_images/rpicam_2026-01-15-17-30-16_iter2.jpg --quality 95 --metadata - --metadata-format json
Mean brightness 164.53721485925965 within tolerance 5.0% of target 170.0 -> reusing image
Capture complete. Final exposure (us): 10656
2026-01-15-18-00-01 iter1 exposure_us=10656 mean=15.34030005428998 returncode=0
2026-01-15-18-00-01 iter1 factor=20.000 new_exposure=213120
2026-01-15-18-00-15 iter2 exposure_us=213120 mean=108.05634712524716 returncode=0
2026-01-15-18-00-15 iter2 factor=3.894 new_exposure=829889
2026-01-15-18-00-32 iter3 exposure_us=829889 mean=112.3927636178404 returncode=0
2026-01-15-18-00-32 iter3 factor=3.460 new_exposure=2871784
2026-01-15-18-00-48 iter4 exposure_us=2871784 mean=111.8961337729767 returncode=0
2026-01-15-18-00-48 iter4 factor=3.507 new_exposure=10070552
2026-01-15-18-01-10 iter5 exposure_us=10070552 mean=180.31795335247477 returncode=0
2026-01-15-18-01-10 iter5 factor=0.838 new_exposure=8438847
2026-01-15-18-01-43 final exposure_us=8438847 mean=159.29507595925585 returncode=0
Iteration 1: running shutter 10656us -> rpicam-still --camera 0 --width 9248 --height 6944 --shutter 10656 --nopreview 1 -t 5010ms -o /media/pi/USB DISK/winter_images/rpicam_2026-01-15-18-00-01_iter1.jpg --quality 95 --metadata - --metadata-format json
Adjusting exposure: 10656 -> 213120 (factor 20.000)
Iteration 2: running shutter 213120us -> rpicam-still --camera 0 --width 9248 --height 6944 --shutter 213120 --nopreview 1 -t 5213ms -o /media/pi/USB DISK/winter_images/rpicam_2026-01-15-18-00-15_iter2.jpg --quality 95 --metadata - --metadata-format json
Adjusting exposure: 213120 -> 829889 (factor 3.894)
Iteration 3: running shutter 829889us -> rpicam-still --camera 0 --width 9248 --height 6944 --shutter 829889 --nopreview 1 -t 5829ms -o /media/pi/USB DISK/winter_images/rpicam_2026-01-15-18-00-32_iter3.jpg --quality 95 --metadata - --metadata-format json
Adjusting exposure: 829889 -> 2871784 (factor 3.460)
Iteration 4: running shutter 2871784us -> rpicam-still --camera 0 --width 9248 --height 6944 --shutter 2871784 --nopreview 1 -t 7871ms -o /media/pi/USB DISK/winter_images/rpicam_2026-01-15-18-00-48_iter4.jpg --quality 95 --metadata - --metadata-format json
Adjusting exposure: 2871784 -> 10070552 (factor 3.507)
Iteration 5: running shutter 10070552us -> rpicam-still --camera 0 --width 9248 --height 6944 --shutter 10070552 --nopreview 1 -t 15070ms -o /media/pi/USB DISK/winter_images/rpicam_2026-01-15-18-01-10_iter5.jpg --quality 95 --metadata - --metadata-format json
Adjusting exposure: 10070552 -> 8438847 (factor 0.838)
Final capture attempt 1: rpicam-still --camera 0 --width 9248 --height 6944 --shutter 8438847 --nopreview 1 -t 13438ms -o /media/pi/USB DISK/winter_images/rpicam_2026-01-15-18-01-43_ex8438847us.jpg --quality 95 --metadata - --metadata-format json
Capture complete. Final exposure (us): 8438847
2026-01-15-18-30-02 iter1 exposure_us=8438847 mean=61.20020362791108 returncode=0
2026-01-15-18-30-02 iter1 factor=20.000 new_exposure=168776940
2026-01-15-18-30-40 iter2 exposure_us=168776940 mean=230.613799483859 returncode=0
2026-01-15-18-30-40 iter2 factor=0.750 new_exposure=126582705
2026-01-15-18-39-20 iter3 exposure_us=126582705 mean=213.65907116671383 returncode=0
2026-01-15-18-39-20 iter3 factor=0.750 new_exposure=94937029
2026-01-15-18-45-51 iter4 exposure_us=94937029 mean=178.10804155998855 returncode=0
2026-01-15-18-50-50 final reuse exposure_us=94937029 mean=178.10804155998855
Iteration 1: running shutter 8438847us -> rpicam-still --camera 0 --width 9248 --height 6944 --shutter 8438847 --nopreview 1 -t 13438ms -o /media/pi/USB DISK/winter_images/rpicam_2026-01-15-18-30-02_iter1.jpg --quality 95 --metadata - --metadata-format json
Adjusting exposure: 8438847 -> 168776940 (factor 20.000)
Iteration 2: running shutter 168776940us -> rpicam-still --camera 0 --width 9248 --height 6944 --shutter 168776940 --nopreview 1 -t 173776ms -o /media/pi/USB DISK/winter_images/rpicam_2026-01-15-18-30-40_iter2.jpg --quality 95 --metadata - --metadata-format json
Adjusting exposure: 168776940 -> 126582705 (factor 0.750)
Iteration 3: running shutter 126582705us -> rpicam-still --camera 0 --width 9248 --height 6944 --shutter 126582705 --nopreview 1 -t 131582ms -o /media/pi/USB DISK/winter_images/rpicam_2026-01-15-18-39-20_iter3.jpg --quality 95 --metadata - --metadata-format json
Adjusting exposure: 126582705 -> 94937029 (factor 0.750)
Iteration 4: running shutter 94937029us -> rpicam-still --camera 0 --width 9248 --height 6944 --shutter 94937029 --nopreview 1 -t 99937ms -o /media/pi/USB DISK/winter_images/rpicam_2026-01-15-18-45-51_iter4.jpg --quality 95 --metadata - --metadata-format json
Mean brightness 178.10804155998855 within tolerance 5.0% of target 170.0 -> reusing image
Capture complete. Final exposure (us): 94937029
2026-01-15-19-00-01 iter1 exposure_us=94937029 mean=157.7713613567462 returncode=0
2026-01-15-19-00-01 iter1 factor=1.200 new_exposure=113893497
2026-01-15-19-03-26 iter2 exposure_us=113893497 mean=139.9830151344219 returncode=0
2026-01-15-19-03-26 iter2 factor=1.791 new_exposure=203995065
2026-01-15-19-09-21 iter3 exposure_us=203995065 mean=180.1036124045503 returncode=0
2026-01-15-19-09-21 iter3 factor=0.841 new_exposure=171553331
2026-01-15-19-19-49 iter4 exposure_us=171553331 mean=172.738767732692 returncode=0
2026-01-15-19-28-37 final reuse exposure_us=171553331 mean=172.738767732692
Iteration 1: running shutter 94937029us -> rpicam-still --camera 0 --width 9248 --height 6944 --shutter 94937029 --nopreview 1 -t 99937ms -o /media/pi/USB DISK/winter_images/rpicam_2026-01-15-19-00-01_iter1.jpg --quality 95 --metadata - --metadata-format json
Adjusting exposure: 94937029 -> 113893497 (factor 1.200)
Iteration 2: running shutter 113893497us -> rpicam-still --camera 0 --width 9248 --height 6944 --shutter 113893497 --nopreview 1 -t 118893ms -o /media/pi/USB DISK/winter_images/rpicam_2026-01-15-19-03-26_iter2.jpg --quality 95 --metadata - --metadata-format json
Adjusting exposure: 113893497 -> 203995065 (factor 1.791)
Iteration 3: running shutter 203995065us -> rpicam-still --camera 0 --width 9248 --height 6944 --shutter 203995065 --nopreview 1 -t 208995ms -o /media/pi/USB DISK/winter_images/rpicam_2026-01-15-19-09-21_iter3.jpg --quality 95 --metadata - --metadata-format json
Adjusting exposure: 203995065 -> 171553331 (factor 0.841)
Iteration 4: running shutter 171553331us -> rpicam-still --camera 0 --width 9248 --height 6944 --shutter 171553331 --nopreview 1 -t 176553ms -o /media/pi/USB DISK/winter_images/rpicam_2026-01-15-19-19-49_iter4.jpg --quality 95 --metadata - --metadata-format json
Mean brightness 172.738767732692 within tolerance 5.0% of target 170.0 -> reusing image
Capture complete. Final exposure (us): 171553331
2026-01-15-19-30-01 iter1 exposure_us=171553331 mean=210.56310193298737 returncode=0
2026-01-15-19-30-01 iter1 factor=0.526 new_exposure=90281571
2026-01-15-19-35-56 iter2 exposure_us=90281571 mean=177.8761470751429 returncode=0
2026-01-15-19-39-10 final reuse exposure_us=90281571 mean=177.8761470751429
Iteration 1: running shutter 171553331us -> rpicam-still --camera 0 --width 9248 --height 6944 --shutter 171553331 --nopreview 1 -t 176553ms -o /media/pi/USB DISK/winter_images/rpicam_2026-01-15-19-30-01_iter1.jpg --quality 95 --metadata - --metadata-format json
Adjusting exposure: 171553331 -> 90281571 (factor 0.526)
Iteration 2: running shutter 90281571us -> rpicam-still --camera 0 --width 9248 --height 6944 --shutter 90281571 --nopreview 1 -t 95281ms -o /media/pi/USB DISK/winter_images/rpicam_2026-01-15-19-35-56_iter2.jpg --quality 95 --metadata - --metadata-format json
Mean brightness 177.8761470751429 within tolerance 5.0% of target 170.0 -> reusing image
Capture complete. Final exposure (us): 90281571
2026-01-15-20-00-01 iter1 exposure_us=90281571 mean=105.98414685564097 returncode=0
2026-01-15-20-00-01 iter1 factor=4.127 new_exposure=240000000
2026-01-15-20-04-46 final exposure_us=240000000 mean=173.37148364000487 returncode=0
Iteration 1: running shutter 90281571us -> rpicam-still --camera 0 --width 9248 --height 6944 --shutter 90281571 --nopreview 1 -t 95281ms -o /media/pi/USB DISK/winter_images/rpicam_2026-01-15-20-00-01_iter1.jpg --quality 95 --metadata - --metadata-format json
Adjusting exposure: 90281571 -> 240000000 (factor 4.127)
Reached MaxExposure without achieving target brightness; stopping loop early
Final capture attempt 1: rpicam-still --camera 0 --width 9248 --height 6944 --shutter 240000000 --nopreview 1 -t 245000ms -o /media/pi/USB DISK/winter_images/rpicam_2026-01-15-20-04-46_ex240000000us.jpg --quality 95 --metadata - --metadata-format json
Capture complete. Final exposure (us): 240000000
2026-01-15-20-30-01 iter1 exposure_us=240000000 mean=196.26476108484783 returncode=0
2026-01-15-20-30-01 iter1 factor=0.650 new_exposure=155966389
2026-01-15-20-42-13 iter2 exposure_us=155966389 mean=175.99524023689764 returncode=0
2026-01-15-20-50-17 final reuse exposure_us=155966389 mean=175.99524023689764
Iteration 1: running shutter 240000000us -> rpicam-still --camera 0 --width 9248 --height 6944 --shutter 240000000 --nopreview 1 -t 245000ms -o /media/pi/USB DISK/winter_images/rpicam_2026-01-15-20-30-01_iter1.jpg --quality 95 --metadata - --metadata-format json
Adjusting exposure: 240000000 -> 155966389 (factor 0.650)
Iteration 2: running shutter 155966389us -> rpicam-still --camera 0 --width 9248 --height 6944 --shutter 155966389 --nopreview 1 -t 160966ms -o /media/pi/USB DISK/winter_images/rpicam_2026-01-15-20-42-13_iter2.jpg --quality 95 --metadata - --metadata-format json
Mean brightness 175.99524023689764 within tolerance 5.0% of target 170.0 -> reusing image
Capture complete. Final exposure (us): 155966389
2026-01-15-21-00-01 iter1 exposure_us=155966389 mean=168.1023744049031 returncode=0
2026-01-15-21-08-01 final reuse exposure_us=155966389 mean=168.1023744049031
Iteration 1: running shutter 155966389us -> rpicam-still --camera 0 --width 9248 --height 6944 --shutter 155966389 --nopreview 1 -t 160966ms -o /media/pi/USB DISK/winter_images/rpicam_2026-01-15-21-00-01_iter1.jpg --quality 95 --metadata - --metadata-format json
Mean brightness 168.1023744049031 within tolerance 5.0% of target 170.0 -> reusing image
Capture complete. Final exposure (us): 155966389
2026-01-15-21-30-01 iter1 exposure_us=155966389 mean=206.8221208527588 returncode=0
2026-01-15-21-30-01 iter1 factor=0.555 new_exposure=86613746
2026-01-15-21-38-02 iter2 exposure_us=86613746 mean=162.58194795574184 returncode=0
2026-01-15-21-42-34 final reuse exposure_us=86613746 mean=162.58194795574184
Iteration 1: running shutter 155966389us -> rpicam-still --camera 0 --width 9248 --height 6944 --shutter 155966389 --nopreview 1 -t 160966ms -o /media/pi/USB DISK/winter_images/rpicam_2026-01-15-21-30-01_iter1.jpg --quality 95 --metadata - --metadata-format json
Adjusting exposure: 155966389 -> 86613746 (factor 0.555)
Iteration 2: running shutter 86613746us -> rpicam-still --camera 0 --width 9248 --height 6944 --shutter 86613746 --nopreview 1 -t 91613ms -o /media/pi/USB DISK/winter_images/rpicam_2026-01-15-21-38-02_iter2.jpg --quality 95 --metadata - --metadata-format json
Mean brightness 162.58194795574184 within tolerance 5.0% of target 170.0 -> reusing image
Capture complete. Final exposure (us): 86613746
2026-01-15-22-00-01 iter1 exposure_us=86613746 mean=154.52178413466905 returncode=0
2026-01-15-22-00-01 iter1 factor=1.309 new_exposure=113381412
2026-01-15-22-04-35 iter2 exposure_us=113381412 mean=181.72768601481152 returncode=0
2026-01-15-22-04-35 iter2 factor=0.819 new_exposure=92816532
2026-01-15-22-10-28 iter3 exposure_us=92816532 mean=166.9527661137095 returncode=0
2026-01-15-22-15-18 final reuse exposure_us=92816532 mean=166.9527661137095
Iteration 1: running shutter 86613746us -> rpicam-still --camera 0 --width 9248 --height 6944 --shutter 86613746 --nopreview 1 -t 91613ms -o /media/pi/USB DISK/winter_images/rpicam_2026-01-15-22-00-01_iter1.jpg --quality 95 --metadata - --metadata-format json
Adjusting exposure: 86613746 -> 113381412 (factor 1.309)
Iteration 2: running shutter 113381412us -> rpicam-still --camera 0 --width 9248 --height 6944 --shutter 113381412 --nopreview 1 -t 118381ms -o /media/pi/USB DISK/winter_images/rpicam_2026-01-15-22-04-35_iter2.jpg --quality 95 --metadata - --metadata-format json
Adjusting exposure: 113381412 -> 92816532 (factor 0.819)
Iteration 3: running shutter 92816532us -> rpicam-still --camera 0 --width 9248 --height 6944 --shutter 92816532 --nopreview 1 -t 97816ms -o /media/pi/USB DISK/winter_images/rpicam_2026-01-15-22-10-28_iter3.jpg --quality 95 --metadata - --metadata-format json
Mean brightness 166.9527661137095 within tolerance 5.0% of target 170.0 -> reusing image
Capture complete. Final exposure (us): 92816532
2026-01-15-22-30-01 iter1 exposure_us=92816532 mean=155.38763856838395 returncode=0
2026-01-15-22-30-01 iter1 factor=1.277 new_exposure=118510966
2026-01-15-22-34-55 iter2 exposure_us=118510966 mean=164.84754031697474 returncode=0
2026-01-15-22-41-04 final reuse exposure_us=118510966 mean=164.84754031697474
Iteration 1: running shutter 92816532us -> rpicam-still --camera 0 --width 9248 --height 6944 --shutter 92816532 --nopreview 1 -t 97816ms -o /media/pi/USB DISK/winter_images/rpicam_2026-01-15-22-30-01_iter1.jpg --quality 95 --metadata - --metadata-format json
Adjusting exposure: 92816532 -> 118510966 (factor 1.277)
Iteration 2: running shutter 118510966us -> rpicam-still --camera 0 --width 9248 --height 6944 --shutter 118510966 --nopreview 1 -t 123510ms -o /media/pi/USB DISK/winter_images/rpicam_2026-01-15-22-34-55_iter2.jpg --quality 95 --metadata - --metadata-format json
Mean brightness 164.84754031697474 within tolerance 5.0% of target 170.0 -> reusing image
Capture complete. Final exposure (us): 118510966
2026-01-15-23-00-01 iter1 exposure_us=118510966 mean=155.73953025900232 returncode=0
2026-01-15-23-00-01 iter1 factor=1.264 new_exposure=149846042
2026-01-15-23-04-10 iter2 exposure_us=149846042 mean=166.7669847098588 returncode=0
2026-01-15-23-11-53 final reuse exposure_us=149846042 mean=166.7669847098588
Iteration 1: running shutter 118510966us -> rpicam-still --camera 0 --width 9248 --height 6944 --shutter 118510966 --nopreview 1 -t 123510ms -o /media/pi/USB DISK/winter_images/rpicam_2026-01-15-23-00-01_iter1.jpg --quality 95 --metadata - --metadata-format json
Adjusting exposure: 118510966 -> 149846042 (factor 1.264)
Iteration 2: running shutter 149846042us -> rpicam-still --camera 0 --width 9248 --height 6944 --shutter 149846042 --nopreview 1 -t 154846ms -o /media/pi/USB DISK/winter_images/rpicam_2026-01-15-23-04-10_iter2.jpg --quality 95 --metadata - --metadata-format json
Mean brightness 166.7669847098588 within tolerance 5.0% of target 170.0 -> reusing image
Capture complete. Final exposure (us): 149846042
2026-01-15-23-30-01 iter1 exposure_us=149846042 mean=174.8243255734457 returncode=0
2026-01-15-23-37-44 final reuse exposure_us=149846042 mean=174.8243255734457
Iteration 1: running shutter 149846042us -> rpicam-still --camera 0 --width 9248 --height 6944 --shutter 149846042 --nopreview 1 -t 154846ms -o /media/pi/USB DISK/winter_images/rpicam_2026-01-15-23-30-01_iter1.jpg --quality 95 --metadata - --metadata-format json
Mean brightness 174.8243255734457 within tolerance 5.0% of target 170.0 -> reusing image
Capture complete. Final exposure (us): 149846042
2026-01-16-00-00-01 iter1 exposure_us=149846042 mean=169.14430083213907 returncode=0
2026-01-16-00-07-42 final reuse exposure_us=149846042 mean=169.14430083213907
Iteration 1: running shutter 149846042us -> rpicam-still --camera 0 --width 9248 --height 6944 --shutter 149846042 --nopreview 1 -t 154846ms -o /media/pi/USB DISK/winter_images/rpicam_2026-01-16-00-00-01_iter1.jpg --quality 95 --metadata - --metadata-format json
Mean brightness 169.14430083213907 within tolerance 5.0% of target 170.0 -> reusing image
Capture complete. Final exposure (us): 149846042
2026-01-16-00-30-01 iter1 exposure_us=149846042 mean=193.8209202568895 returncode=0
2026-01-16-00-30-01 iter1 factor=0.675 new_exposure=101109063
2026-01-16-00-35-14 iter2 exposure_us=101109063 mean=179.977523070127 returncode=0
2026-01-16-00-35-14 iter2 factor=0.883 new_exposure=89319406
2026-01-16-00-40-29 iter3 exposure_us=89319406 mean=176.12551940175382 returncode=0
2026-01-16-00-45-12 final reuse exposure_us=89319406 mean=176.12551940175382
Iteration 1: running shutter 149846042us -> rpicam-still --camera 0 --width 9248 --height 6944 --shutter 149846042 --nopreview 1 -t 154846ms -o /media/pi/USB DISK/winter_images/rpicam_2026-01-16-00-30-01_iter1.jpg --quality 95 --metadata - --metadata-format json
Adjusting exposure: 149846042 -> 101109063 (factor 0.675)
Iteration 2: running shutter 101109063us -> rpicam-still --camera 0 --width 9248 --height 6944 --shutter 101109063 --nopreview 1 -t 106109ms -o /media/pi/USB DISK/winter_images/rpicam_2026-01-16-00-35-14_iter2.jpg --quality 95 --metadata - --metadata-format json
Adjusting exposure: 101109063 -> 89319406 (factor 0.883)
Iteration 3: running shutter 89319406us -> rpicam-still --camera 0 --width 9248 --height 6944 --shutter 89319406 --nopreview 1 -t 94319ms -o /media/pi/USB DISK/winter_images/rpicam_2026-01-16-00-40-29_iter3.jpg --quality 95 --metadata - --metadata-format json
Mean brightness 176.12551940175382 within tolerance 5.0% of target 170.0 -> reusing image
Capture complete. Final exposure (us): 89319406
2026-01-16-01-00-01 iter1 exposure_us=89319406 mean=177.33860003545416 returncode=0
2026-01-16-01-04-41 final reuse exposure_us=89319406 mean=177.33860003545416
Iteration 1: running shutter 89319406us -> rpicam-still --camera 0 --width 9248 --height 6944 --shutter 89319406 --nopreview 1 -t 94319ms -o /media/pi/USB DISK/winter_images/rpicam_2026-01-16-01-00-01_iter1.jpg --quality 95 --metadata - --metadata-format json
Mean brightness 177.33860003545416 within tolerance 5.0% of target 170.0 -> reusing image
Capture complete. Final exposure (us): 89319406
2026-01-16-01-30-02 iter1 exposure_us=89319406 mean=176.04588987293803 returncode=0
2026-01-16-01-34-43 final reuse exposure_us=89319406 mean=176.04588987293803
Iteration 1: running shutter 89319406us -> rpicam-still --camera 0 --width 9248 --height 6944 --shutter 89319406 --nopreview 1 -t 94319ms -o /media/pi/USB DISK/winter_images/rpicam_2026-01-16-01-30-02_iter1.jpg --quality 95 --metadata - --metadata-format json
Mean brightness 176.04588987293803 within tolerance 5.0% of target 170.0 -> reusing image
Capture complete. Final exposure (us): 89319406
2026-01-16-02-00-01 iter1 exposure_us=89319406 mean=175.79459455301333 returncode=0
2026-01-16-02-03-11 final reuse exposure_us=89319406 mean=175.79459455301333
Iteration 1: running shutter 89319406us -> rpicam-still --camera 0 --width 9248 --height 6944 --shutter 89319406 --nopreview 1 -t 94319ms -o /media/pi/USB DISK/winter_images/rpicam_2026-01-16-02-00-01_iter1.jpg --quality 95 --metadata - --metadata-format json
Mean brightness 175.79459455301333 within tolerance 5.0% of target 170.0 -> reusing image
Capture complete. Final exposure (us): 89319406
2026-01-16-02-30-01 iter1 exposure_us=89319406 mean=159.1164928517363 returncode=0
2026-01-16-02-30-01 iter1 factor=1.163 new_exposure=103865322
2026-01-16-02-34-42 iter2 exposure_us=103865322 mean=186.07993687201517 returncode=0
2026-01-16-02-34-42 iter2 factor=0.763 new_exposure=79198815
2026-01-16-02-40-07 iter3 exposure_us=79198815 mean=160.7960418394113 returncode=0
2026-01-16-02-40-07 iter3 factor=1.123 new_exposure=88934003
2026-01-16-02-44-16 iter4 exposure_us=88934003 mean=165.8816518617053 returncode=0
2026-01-16-02-48-58 final reuse exposure_us=88934003 mean=165.8816518617053
Iteration 1: running shutter 89319406us -> rpicam-still --camera 0 --width 9248 --height 6944 --shutter 89319406 --nopreview 1 -t 94319ms -o /media/pi/USB DISK/winter_images/rpicam_2026-01-16-02-30-01_iter1.jpg --quality 95 --metadata - --metadata-format json
Adjusting exposure: 89319406 -> 103865322 (factor 1.163)
Iteration 2: running shutter 103865322us -> rpicam-still --camera 0 --width 9248 --height 6944 --shutter 103865322 --nopreview 1 -t 108865ms -o /media/pi/USB DISK/winter_images/rpicam_2026-01-16-02-34-42_iter2.jpg --quality 95 --metadata - --metadata-format json
Adjusting exposure: 103865322 -> 79198815 (factor 0.763)
Iteration 3: running shutter 79198815us -> rpicam-still --camera 0 --width 9248 --height 6944 --shutter 79198815 --nopreview 1 -t 84198ms -o /media/pi/USB DISK/winter_images/rpicam_2026-01-16-02-40-07_iter3.jpg --quality 95 --metadata - --metadata-format json
Adjusting exposure: 79198815 -> 88934003 (factor 1.123)
Iteration 4: running shutter 88934003us -> rpicam-still --camera 0 --width 9248 --height 6944 --shutter 88934003 --nopreview 1 -t 93934ms -o /media/pi/USB DISK/winter_images/rpicam_2026-01-16-02-44-16_iter4.jpg --quality 95 --metadata - --metadata-format json
Mean brightness 165.8816518617053 within tolerance 5.0% of target 170.0 -> reusing image
Capture complete. Final exposure (us): 88934003
2026-01-16-03-00-01 iter1 exposure_us=88934003 mean=146.62046223034397 returncode=0
2026-01-16-03-00-01 iter1 factor=1.559 new_exposure=138621582
2026-01-16-03-04-39 iter2 exposure_us=138621582 mean=181.8016849358636 returncode=0
2026-01-16-03-04-39 iter2 factor=0.818 new_exposure=113340181
2026-01-16-03-11-48 iter3 exposure_us=113340181 mean=165.50269092308412 returncode=0
2026-01-16-03-17-42 final reuse exposure_us=113340181 mean=165.50269092308412
Iteration 1: running shutter 88934003us -> rpicam-still --camera 0 --width 9248 --height 6944 --shutter 88934003 --nopreview 1 -t 93934ms -o /media/pi/USB DISK/winter_images/rpicam_2026-01-16-03-00-01_iter1.jpg --quality 95 --metadata - --metadata-format json
Adjusting exposure: 88934003 -> 138621582 (factor 1.559)
Iteration 2: running shutter 138621582us -> rpicam-still --camera 0 --width 9248 --height 6944 --shutter 138621582 --nopreview 1 -t 143621ms -o /media/pi/USB DISK/winter_images/rpicam_2026-01-16-03-04-39_iter2.jpg --quality 95 --metadata - --metadata-format json
Adjusting exposure: 138621582 -> 113340181 (factor 0.818)
Iteration 3: running shutter 113340181us -> rpicam-still --camera 0 --width 9248 --height 6944 --shutter 113340181 --nopreview 1 -t 118340ms -o /media/pi/USB DISK/winter_images/rpicam_2026-01-16-03-11-48_iter3.jpg --quality 95 --metadata - --metadata-format json
Mean brightness 165.50269092308412 within tolerance 5.0% of target 170.0 -> reusing image
Capture complete. Final exposure (us): 113340181
2026-01-16-03-30-01 iter1 exposure_us=113340181 mean=151.04803643246316 returncode=0
2026-01-16-03-30-01 iter1 factor=1.426 new_exposure=161579185
2026-01-16-03-35-55 iter2 exposure_us=161579185 mean=185.59972585304283 returncode=0
2026-01-16-03-35-55 iter2 factor=0.768 new_exposure=124165284
2026-01-16-03-44-13 iter3 exposure_us=124165284 mean=197.62979475323098 returncode=0
2026-01-16-03-44-13 iter3 factor=0.750 new_exposure=93123963
2026-01-16-03-48-34 iter4 exposure_us=93123963 mean=188.6097067288431 returncode=0
2026-01-16-03-48-34 iter4 factor=0.732 new_exposure=68189278
2026-01-16-03-53-27 iter5 exposure_us=68189278 mean=172.56383412517638 returncode=0
2026-01-16-03-57-03 final reuse exposure_us=68189278 mean=172.56383412517638
Iteration 1: running shutter 113340181us -> rpicam-still --camera 0 --width 9248 --height 6944 --shutter 113340181 --nopreview 1 -t 118340ms -o /media/pi/USB DISK/winter_images/rpicam_2026-01-16-03-30-01_iter1.jpg --quality 95 --metadata - --metadata-format json
Adjusting exposure: 113340181 -> 161579185 (factor 1.426)
Iteration 2: running shutter 161579185us -> rpicam-still --camera 0 --width 9248 --height 6944 --shutter 161579185 --nopreview 1 -t 166579ms -o /media/pi/USB DISK/winter_images/rpicam_2026-01-16-03-35-55_iter2.jpg --quality 95 --metadata - --metadata-format json
Adjusting exposure: 161579185 -> 124165284 (factor 0.768)
Iteration 3: running shutter 124165284us -> rpicam-still --camera 0 --width 9248 --height 6944 --shutter 124165284 --nopreview 1 -t 129165ms -o /media/pi/USB DISK/winter_images/rpicam_2026-01-16-03-44-13_iter3.jpg --quality 95 --metadata - --metadata-format json
Adjusting exposure: 124165284 -> 93123963 (factor 0.750)
Iteration 4: running shutter 93123963us -> rpicam-still --camera 0 --width 9248 --height 6944 --shutter 93123963 --nopreview 1 -t 98123ms -o /media/pi/USB DISK/winter_images/rpicam_2026-01-16-03-48-34_iter4.jpg --quality 95 --metadata - --metadata-format json
Adjusting exposure: 93123963 -> 68189278 (factor 0.732)
Iteration 5: running shutter 68189278us -> rpicam-still --camera 0 --width 9248 --height 6944 --shutter 68189278 --nopreview 1 -t 73189ms -o /media/pi/USB DISK/winter_images/rpicam_2026-01-16-03-53-27_iter5.jpg --quality 95 --metadata - --metadata-format json
Mean brightness 172.56383412517638 within tolerance 5.0% of target 170.0 -> reusing image
Capture complete. Final exposure (us): 68189278
2026-01-16-04-00-01 iter1 exposure_us=68189278 mean=177.2600108517672 returncode=0
2026-01-16-04-03-38 final reuse exposure_us=68189278 mean=177.2600108517672
Iteration 1: running shutter 68189278us -> rpicam-still --camera 0 --width 9248 --height 6944 --shutter 68189278 --nopreview 1 -t 73189ms -o /media/pi/USB DISK/winter_images/rpicam_2026-01-16-04-00-01_iter1.jpg --quality 95 --metadata - --metadata-format json
Mean brightness 177.2600108517672 within tolerance 5.0% of target 170.0 -> reusing image
Capture complete. Final exposure (us): 68189278
2026-01-16-04-30-01 iter1 exposure_us=68189278 mean=192.79577004693007 returncode=0
2026-01-16-04-30-01 iter1 factor=0.686 new_exposure=46748788
2026-01-16-04-33-37 iter2 exposure_us=46748788 mean=169.7534358998284 returncode=0
2026-01-16-04-36-11 final reuse exposure_us=46748788 mean=169.7534358998284
Iteration 1: running shutter 68189278us -> rpicam-still --camera 0 --width 9248 --height 6944 --shutter 68189278 --nopreview 1 -t 73189ms -o /media/pi/USB DISK/winter_images/rpicam_2026-01-16-04-30-01_iter1.jpg --quality 95 --metadata - --metadata-format json
Adjusting exposure: 68189278 -> 46748788 (factor 0.686)
Iteration 2: running shutter 46748788us -> rpicam-still --camera 0 --width 9248 --height 6944 --shutter 46748788 --nopreview 1 -t 51748ms -o /media/pi/USB DISK/winter_images/rpicam_2026-01-16-04-33-37_iter2.jpg --quality 95 --metadata - --metadata-format json
Mean brightness 169.7534358998284 within tolerance 5.0% of target 170.0 -> reusing image
Capture complete. Final exposure (us): 46748788
2026-01-16-05-00-01 iter1 exposure_us=46748788 mean=170.25072657072198 returncode=0
2026-01-16-05-02-32 final reuse exposure_us=46748788 mean=170.25072657072198
Iteration 1: running shutter 46748788us -> rpicam-still --camera 0 --width 9248 --height 6944 --shutter 46748788 --nopreview 1 -t 51748ms -o /media/pi/USB DISK/winter_images/rpicam_2026-01-16-05-00-01_iter1.jpg --quality 95 --metadata - --metadata-format json
Mean brightness 170.25072657072198 within tolerance 5.0% of target 170.0 -> reusing image
Capture complete. Final exposure (us): 46748788
2026-01-16-05-30-01 iter1 exposure_us=46748788 mean=162.71213395373567 returncode=0
2026-01-16-05-32-34 final reuse exposure_us=46748788 mean=162.71213395373567
Iteration 1: running shutter 46748788us -> rpicam-still --camera 0 --width 9248 --height 6944 --shutter 46748788 --nopreview 1 -t 51748ms -o /media/pi/USB DISK/winter_images/rpicam_2026-01-16-05-30-01_iter1.jpg --quality 95 --metadata - --metadata-format json
Mean brightness 162.71213395373567 within tolerance 5.0% of target 170.0 -> reusing image
Capture complete. Final exposure (us): 46748788
2026-01-16-06-00-01 iter1 exposure_us=46748788 mean=163.5718970685404 returncode=0
2026-01-16-06-02-32 final reuse exposure_us=46748788 mean=163.5718970685404
Iteration 1: running shutter 46748788us -> rpicam-still --camera 0 --width 9248 --height 6944 --shutter 46748788 --nopreview 1 -t 51748ms -o /media/pi/USB DISK/winter_images/rpicam_2026-01-16-06-00-01_iter1.jpg --quality 95 --metadata - --metadata-format json
Mean brightness 163.5718970685404 within tolerance 5.0% of target 170.0 -> reusing image
Capture complete. Final exposure (us): 46748788
2026-01-16-06-30-02 iter1 exposure_us=46748788 mean=164.03651068097423 returncode=0
2026-01-16-06-32-35 final reuse exposure_us=46748788 mean=164.03651068097423
Iteration 1: running shutter 46748788us -> rpicam-still --camera 0 --width 9248 --height 6944 --shutter 46748788 --nopreview 1 -t 51748ms -o /media/pi/USB DISK/winter_images/rpicam_2026-01-16-06-30-02_iter1.jpg --quality 95 --metadata - --metadata-format json
Mean brightness 164.03651068097423 within tolerance 5.0% of target 170.0 -> reusing image
Capture complete. Final exposure (us): 46748788
2026-01-16-07-00-01 iter1 exposure_us=46748788 mean=167.74233231895698 returncode=0
2026-01-16-07-02-35 final reuse exposure_us=46748788 mean=167.74233231895698
Iteration 1: running shutter 46748788us -> rpicam-still --camera 0 --width 9248 --height 6944 --shutter 46748788 --nopreview 1 -t 51748ms -o /media/pi/USB DISK/winter_images/rpicam_2026-01-16-07-00-01_iter1.jpg --quality 95 --metadata - --metadata-format json
Mean brightness 167.74233231895698 within tolerance 5.0% of target 170.0 -> reusing image
Capture complete. Final exposure (us): 46748788
2026-01-16-07-30-02 iter1 exposure_us=46748788 mean=177.31290233197763 returncode=0
2026-01-16-07-32-33 final reuse exposure_us=46748788 mean=177.31290233197763
Iteration 1: running shutter 46748788us -> rpicam-still --camera 0 --width 9248 --height 6944 --shutter 46748788 --nopreview 1 -t 51748ms -o /media/pi/USB DISK/winter_images/rpicam_2026-01-16-07-30-02_iter1.jpg --quality 95 --metadata - --metadata-format json
Mean brightness 177.31290233197763 within tolerance 5.0% of target 170.0 -> reusing image
Capture complete. Final exposure (us): 46748788
2026-01-16-08-00-01 iter1 exposure_us=46748788 mean=252.96160633000235 returncode=0
2026-01-16-08-00-01 iter1 factor=0.050 new_exposure=2337439 [saturated]
2026-01-16-08-02-32 iter2 exposure_us=2337439 mean=228.8643312808698 returncode=0
2026-01-16-08-02-32 iter2 factor=0.410 new_exposure=957972
2026-01-16-08-02-50 iter3 exposure_us=957972 mean=192.47453182678433 returncode=0
2026-01-16-08-02-50 iter3 factor=0.689 new_exposure=660054
2026-01-16-08-03-06 iter4 exposure_us=660054 mean=168.53343017932386 returncode=0
2026-01-16-08-03-22 final reuse exposure_us=660054 mean=168.53343017932386
Iteration 1: running shutter 46748788us -> rpicam-still --camera 0 --width 9248 --height 6944 --shutter 46748788 --nopreview 1 -t 51748ms -o /media/pi/USB DISK/winter_images/rpicam_2026-01-16-08-00-01_iter1.jpg --quality 95 --metadata - --metadata-format json
Adjusting exposure (saturated): 46748788 -> 2337439 (factor 0.050)
Iteration 2: running shutter 2337439us -> rpicam-still --camera 0 --width 9248 --height 6944 --shutter 2337439 --nopreview 1 -t 7337ms -o /media/pi/USB DISK/winter_images/rpicam_2026-01-16-08-02-32_iter2.jpg --quality 95 --metadata - --metadata-format json
Adjusting exposure: 2337439 -> 957972 (factor 0.410)
Iteration 3: running shutter 957972us -> rpicam-still --camera 0 --width 9248 --height 6944 --shutter 957972 --nopreview 1 -t 5957ms -o /media/pi/USB DISK/winter_images/rpicam_2026-01-16-08-02-50_iter3.jpg --quality 95 --metadata - --metadata-format json
Adjusting exposure: 957972 -> 660054 (factor 0.689)
Iteration 4: running shutter 660054us -> rpicam-still --camera 0 --width 9248 --height 6944 --shutter 660054 --nopreview 1 -t 5660ms -o /media/pi/USB DISK/winter_images/rpicam_2026-01-16-08-03-06_iter4.jpg --quality 95 --metadata - --metadata-format json
Mean brightness 168.53343017932386 within tolerance 5.0% of target 170.0 -> reusing image
Capture complete. Final exposure (us): 660054
2026-01-16-08-30-01 iter1 exposure_us=660054 mean=245.2724686144619 returncode=0
2026-01-16-08-30-01 iter1 factor=0.050 new_exposure=33003 [saturated]
2026-01-16-08-30-14 iter2 exposure_us=33003 mean=166.04913478303442 returncode=0
2026-01-16-08-30-28 final reuse exposure_us=33003 mean=166.04913478303442
Iteration 1: running shutter 660054us -> rpicam-still --camera 0 --width 9248 --height 6944 --shutter 660054 --nopreview 1 -t 5660ms -o /media/pi/USB DISK/winter_images/rpicam_2026-01-16-08-30-01_iter1.jpg --quality 95 --metadata - --metadata-format json
Adjusting exposure (saturated): 660054 -> 33003 (factor 0.050)
Iteration 2: running shutter 33003us -> rpicam-still --camera 0 --width 9248 --height 6944 --shutter 33003 --nopreview 1 -t 5033ms -o /media/pi/USB DISK/winter_images/rpicam_2026-01-16-08-30-14_iter2.jpg --quality 95 --metadata - --metadata-format json
Mean brightness 166.04913478303442 within tolerance 5.0% of target 170.0 -> reusing image
Capture complete. Final exposure (us): 33003
2026-01-16-09-00-01 iter1 exposure_us=33003 mean=216.05675051611607 returncode=0
2026-01-16-09-00-01 iter1 factor=0.487 new_exposure=16077
2026-01-16-09-00-13 iter2 exposure_us=16077 mean=184.7338970974419 returncode=0
2026-01-16-09-00-13 iter2 factor=0.779 new_exposure=12529
2026-01-16-09-00-25 iter3 exposure_us=12529 mean=176.66632039883078 returncode=0
2026-01-16-09-00-39 final reuse exposure_us=12529 mean=176.66632039883078
Iteration 1: running shutter 33003us -> rpicam-still --camera 0 --width 9248 --height 6944 --shutter 33003 --nopreview 1 -t 5033ms -o /media/pi/USB DISK/winter_images/rpicam_2026-01-16-09-00-01_iter1.jpg --quality 95 --metadata - --metadata-format json
Adjusting exposure: 33003 -> 16077 (factor 0.487)
Iteration 2: running shutter 16077us -> rpicam-still --camera 0 --width 9248 --height 6944 --shutter 16077 --nopreview 1 -t 5016ms -o /media/pi/USB DISK/winter_images/rpicam_2026-01-16-09-00-13_iter2.jpg --quality 95 --metadata - --metadata-format json
Adjusting exposure: 16077 -> 12529 (factor 0.779)
Iteration 3: running shutter 12529us -> rpicam-still --camera 0 --width 9248 --height 6944 --shutter 12529 --nopreview 1 -t 5012ms -o /media/pi/USB DISK/winter_images/rpicam_2026-01-16-09-00-25_iter3.jpg --quality 95 --metadata - --metadata-format json
Mean brightness 176.66632039883078 within tolerance 5.0% of target 170.0 -> reusing image
Capture complete. Final exposure (us): 12529
2026-01-16-09-30-01 iter1 exposure_us=12529 mean=182.13783158246696 returncode=0
2026-01-16-09-30-01 iter1 factor=0.813 new_exposure=10187
2026-01-16-09-30-13 iter2 exposure_us=10187 mean=173.91412106603195 returncode=0
2026-01-16-09-30-27 final reuse exposure_us=10187 mean=173.91412106603195
Iteration 1: running shutter 12529us -> rpicam-still --camera 0 --width 9248 --height 6944 --shutter 12529 --nopreview 1 -t 5012ms -o /media/pi/USB DISK/winter_images/rpicam_2026-01-16-09-30-01_iter1.jpg --quality 95 --metadata - --metadata-format json
Adjusting exposure: 12529 -> 10187 (factor 0.813)
Iteration 2: running shutter 10187us -> rpicam-still --camera 0 --width 9248 --height 6944 --shutter 10187 --nopreview 1 -t 5010ms -o /media/pi/USB DISK/winter_images/rpicam_2026-01-16-09-30-13_iter2.jpg --quality 95 --metadata - --metadata-format json
Mean brightness 173.91412106603195 within tolerance 5.0% of target 170.0 -> reusing image
Capture complete. Final exposure (us): 10187
2026-01-16-10-00-01 iter1 exposure_us=10187 mean=232.41356578654944 returncode=0
2026-01-16-10-00-01 iter1 factor=0.391 new_exposure=3987
2026-01-16-10-00-13 iter2 exposure_us=3987 mean=194.7184862426351 returncode=0
2026-01-16-10-00-13 iter2 factor=0.665 new_exposure=2653
2026-01-16-10-00-27 iter3 exposure_us=2653 mean=177.49687131879554 returncode=0
2026-01-16-10-00-38 final reuse exposure_us=2653 mean=177.49687131879554
Iteration 1: running shutter 10187us -> rpicam-still --camera 0 --width 9248 --height 6944 --shutter 10187 --nopreview 1 -t 5010ms -o /media/pi/USB DISK/winter_images/rpicam_2026-01-16-10-00-01_iter1.jpg --quality 95 --metadata - --metadata-format json
Adjusting exposure: 10187 -> 3987 (factor 0.391)
Iteration 2: running shutter 3987us -> rpicam-still --camera 0 --width 9248 --height 6944 --shutter 3987 --nopreview 1 -t 5003ms -o /media/pi/USB DISK/winter_images/rpicam_2026-01-16-10-00-13_iter2.jpg --quality 95 --metadata - --metadata-format json
Adjusting exposure: 3987 -> 2653 (factor 0.665)
Iteration 3: running shutter 2653us -> rpicam-still --camera 0 --width 9248 --height 6944 --shutter 2653 --nopreview 1 -t 5002ms -o /media/pi/USB DISK/winter_images/rpicam_2026-01-16-10-00-27_iter3.jpg --quality 95 --metadata - --metadata-format json
Mean brightness 177.49687131879554 within tolerance 5.0% of target 170.0 -> reusing image
Capture complete. Final exposure (us): 2653
2026-01-16-10-30-01 iter1 exposure_us=2653 mean=167.20496507278196 returncode=0
2026-01-16-10-30-15 final reuse exposure_us=2653 mean=167.20496507278196
Iteration 1: running shutter 2653us -> rpicam-still --camera 0 --width 9248 --height 6944 --shutter 2653 --nopreview 1 -t 5002ms -o /media/pi/USB DISK/winter_images/rpicam_2026-01-16-10-30-01_iter1.jpg --quality 95 --metadata - --metadata-format json
Mean brightness 167.20496507278196 within tolerance 5.0% of target 170.0 -> reusing image
Capture complete. Final exposure (us): 2653
2026-01-16-11-00-01 iter1 exposure_us=2653 mean=185.18331544845168 returncode=0
2026-01-16-11-00-01 iter1 factor=0.774 new_exposure=2052
2026-01-16-11-00-17 iter2 exposure_us=2052 mean=185.70975185318434 returncode=0
2026-01-16-11-00-17 iter2 factor=0.767 new_exposure=1574
2026-01-16-11-00-29 iter3 exposure_us=1574 mean=186.67451153032962 returncode=0
2026-01-16-11-00-29 iter3 factor=0.755 new_exposure=1189
2026-01-16-11-00-43 iter4 exposure_us=1189 mean=184.44797204564344 returncode=0
2026-01-16-11-00-43 iter4 factor=0.783 new_exposure=931
2026-01-16-11-00-54 iter5 exposure_us=931 mean=187.71066936692253 returncode=0
2026-01-16-11-00-54 iter5 factor=0.743 new_exposure=692
2026-01-16-11-01-08 final exposure_us=692 mean=184.71131145991959 returncode=0
Iteration 1: running shutter 2653us -> rpicam-still --camera 0 --width 9248 --height 6944 --shutter 2653 --nopreview 1 -t 5002ms -o /media/pi/USB DISK/winter_images/rpicam_2026-01-16-11-00-01_iter1.jpg --quality 95 --metadata - --metadata-format json
Adjusting exposure: 2653 -> 2052 (factor 0.774)
Iteration 2: running shutter 2052us -> rpicam-still --camera 0 --width 9248 --height 6944 --shutter 2052 --nopreview 1 -t 5002ms -o /media/pi/USB DISK/winter_images/rpicam_2026-01-16-11-00-17_iter2.jpg --quality 95 --metadata - --metadata-format json
Adjusting exposure: 2052 -> 1574 (factor 0.767)
Iteration 3: running shutter 1574us -> rpicam-still --camera 0 --width 9248 --height 6944 --shutter 1574 --nopreview 1 -t 5001ms -o /media/pi/USB DISK/winter_images/rpicam_2026-01-16-11-00-29_iter3.jpg --quality 95 --metadata - --metadata-format json
Adjusting exposure: 1574 -> 1189 (factor 0.755)
Iteration 4: running shutter 1189us -> rpicam-still --camera 0 --width 9248 --height 6944 --shutter 1189 --nopreview 1 -t 5001ms -o /media/pi/USB DISK/winter_images/rpicam_2026-01-16-11-00-43_iter4.jpg --quality 95 --metadata - --metadata-format json
Adjusting exposure: 1189 -> 931 (factor 0.783)
Iteration 5: running shutter 931us -> rpicam-still --camera 0 --width 9248 --height 6944 --shutter 931 --nopreview 1 -t 5000ms -o /media/pi/USB DISK/winter_images/rpicam_2026-01-16-11-00-54_iter5.jpg --quality 95 --metadata - --metadata-format json
Adjusting exposure: 931 -> 692 (factor 0.743)
Final capture attempt 1: rpicam-still --camera 0 --width 9248 --height 6944 --shutter 692 --nopreview 1 -t 5000ms -o /media/pi/USB DISK/winter_images/rpicam_2026-01-16-11-01-08_ex692us.jpg --quality 95 --metadata - --metadata-format json
Capture complete. Final exposure (us): 692
2026-01-16-11-30-01 iter1 exposure_us=692 mean=187.7094830816577 returncode=0
2026-01-16-11-30-01 iter1 factor=0.743 new_exposure=514
2026-01-16-11-30-13 iter2 exposure_us=514 mean=189.31355337883494 returncode=0
2026-01-16-11-30-13 iter2 factor=0.724 new_exposure=372
2026-01-16-11-30-27 iter3 exposure_us=372 mean=190.2882237490881 returncode=0
2026-01-16-11-30-27 iter3 factor=0.713 new_exposure=265
2026-01-16-11-30-38 iter4 exposure_us=265 mean=189.92033478031868 returncode=0
2026-01-16-11-30-38 iter4 factor=0.717 new_exposure=190
2026-01-16-11-30-52 iter5 exposure_us=190 mean=189.4062097309868 returncode=0
2026-01-16-11-30-52 iter5 factor=0.723 new_exposure=137
2026-01-16-11-31-06 final exposure_us=137 mean=189.300372019657 returncode=0
Iteration 1: running shutter 692us -> rpicam-still --camera 0 --width 9248 --height 6944 --shutter 692 --nopreview 1 -t 5000ms -o /media/pi/USB DISK/winter_images/rpicam_2026-01-16-11-30-01_iter1.jpg --quality 95 --metadata - --metadata-format json
Adjusting exposure: 692 -> 514 (factor 0.743)
Iteration 2: running shutter 514us -> rpicam-still --camera 0 --width 9248 --height 6944 --shutter 514 --nopreview 1 -t 5000ms -o /media/pi/USB DISK/winter_images/rpicam_2026-01-16-11-30-13_iter2.jpg --quality 95 --metadata - --metadata-format json
Adjusting exposure: 514 -> 372 (factor 0.724)
Iteration 3: running shutter 372us -> rpicam-still --camera 0 --width 9248 --height 6944 --shutter 372 --nopreview 1 -t 5000ms -o /media/pi/USB DISK/winter_images/rpicam_2026-01-16-11-30-27_iter3.jpg --quality 95 --metadata - --metadata-format json
Adjusting exposure: 372 -> 265 (factor 0.713)
Iteration 4: running shutter 265us -> rpicam-still --camera 0 --width 9248 --height 6944 --shutter 265 --nopreview 1 -t 5000ms -o /media/pi/USB DISK/winter_images/rpicam_2026-01-16-11-30-38_iter4.jpg --quality 95 --metadata - --metadata-format json
Adjusting exposure: 265 -> 190 (factor 0.717)
Iteration 5: running shutter 190us -> rpicam-still --camera 0 --width 9248 --height 6944 --shutter 190 --nopreview 1 -t 5000ms -o /media/pi/USB DISK/winter_images/rpicam_2026-01-16-11-30-52_iter5.jpg --quality 95 --metadata - --metadata-format json
Adjusting exposure: 190 -> 137 (factor 0.723)
Final capture attempt 1: rpicam-still --camera 0 --width 9248 --height 6944 --shutter 137 --nopreview 1 -t 5000ms -o /media/pi/USB DISK/winter_images/rpicam_2026-01-16-11-31-06_ex137us.jpg --quality 95 --metadata - --metadata-format json
Capture complete. Final exposure (us): 137
2026-01-16-12-00-01 iter1 exposure_us=137 mean=177.34723401709473 returncode=0
2026-01-16-12-00-12 final reuse exposure_us=137 mean=177.34723401709473
Iteration 1: running shutter 137us -> rpicam-still --camera 0 --width 9248 --height 6944 --shutter 137 --nopreview 1 -t 5000ms -o /media/pi/USB DISK/winter_images/rpicam_2026-01-16-12-00-01_iter1.jpg --quality 95 --metadata - --metadata-format json
Mean brightness 177.34723401709473 within tolerance 5.0% of target 170.0 -> reusing image
Capture complete. Final exposure (us): 137
2026-01-16-12-30-01 iter1 exposure_us=137 mean=167.81963888941488 returncode=0
2026-01-16-12-30-14 final reuse exposure_us=137 mean=167.81963888941488
Iteration 1: running shutter 137us -> rpicam-still --camera 0 --width 9248 --height 6944 --shutter 137 --nopreview 1 -t 5000ms -o /media/pi/USB DISK/winter_images/rpicam_2026-01-16-12-30-01_iter1.jpg --quality 95 --metadata - --metadata-format json
Mean brightness 167.81963888941488 within tolerance 5.0% of target 170.0 -> reusing image
Capture complete. Final exposure (us): 137
2026-01-16-13-00-01 iter1 exposure_us=137 mean=168.17731179951227 returncode=0
2026-01-16-13-00-12 final reuse exposure_us=137 mean=168.17731179951227
Iteration 1: running shutter 137us -> rpicam-still --camera 0 --width 9248 --height 6944 --shutter 137 --nopreview 1 -t 5000ms -o /media/pi/USB DISK/winter_images/rpicam_2026-01-16-13-00-01_iter1.jpg --quality 95 --metadata - --metadata-format json
Mean brightness 168.17731179951227 within tolerance 5.0% of target 170.0 -> reusing image
Capture complete. Final exposure (us): 137
2026-01-16-13-30-01 iter1 exposure_us=137 mean=179.87950699952063 returncode=0
2026-01-16-13-30-01 iter1 factor=0.885 new_exposure=121
2026-01-16-13-30-17 iter2 exposure_us=121 mean=180.81917282152423 returncode=0
2026-01-16-13-30-17 iter2 factor=0.831 new_exposure=101
2026-01-16-13-30-29 iter3 exposure_us=101 mean=180.87589614904905 returncode=0
2026-01-16-13-30-29 iter3 factor=0.830 new_exposure=100
2026-01-16-13-30-42 iter4 exposure_us=100 mean=179.91214947272195 returncode=0
2026-01-16-13-30-53 final reuse exposure_us=100 mean=179.91214947272195
Iteration 1: running shutter 137us -> rpicam-still --camera 0 --width 9248 --height 6944 --shutter 137 --nopreview 1 -t 5000ms -o /media/pi/USB DISK/winter_images/rpicam_2026-01-16-13-30-01_iter1.jpg --quality 95 --metadata - --metadata-format json
Adjusting exposure: 137 -> 121 (factor 0.885)
Iteration 2: running shutter 121us -> rpicam-still --camera 0 --width 9248 --height 6944 --shutter 121 --nopreview 1 -t 5000ms -o /media/pi/USB DISK/winter_images/rpicam_2026-01-16-13-30-17_iter2.jpg --quality 95 --metadata - --metadata-format json
Adjusting exposure: 121 -> 101 (factor 0.831)
Iteration 3: running shutter 101us -> rpicam-still --camera 0 --width 9248 --height 6944 --shutter 101 --nopreview 1 -t 5000ms -o /media/pi/USB DISK/winter_images/rpicam_2026-01-16-13-30-29_iter3.jpg --quality 95 --metadata - --metadata-format json
Adjusting exposure: 101 -> 100 (factor 0.830)
Iteration 4: running shutter 100us -> rpicam-still --camera 0 --width 9248 --height 6944 --shutter 100 --nopreview 1 -t 5000ms -o /media/pi/USB DISK/winter_images/rpicam_2026-01-16-13-30-42_iter4.jpg --quality 95 --metadata - --metadata-format json
Reached MinExposure while still above target brightness; stopping loop and reusing image
Capture complete. Final exposure (us): 100
2026-01-16-14-00-01 iter1 exposure_us=100 mean=166.96403200081622 returncode=0
2026-01-16-14-00-14 final reuse exposure_us=100 mean=166.96403200081622
Iteration 1: running shutter 100us -> rpicam-still --camera 0 --width 9248 --height 6944 --shutter 100 --nopreview 1 -t 5000ms -o /media/pi/USB DISK/winter_images/rpicam_2026-01-16-14-00-01_iter1.jpg --quality 95 --metadata - --metadata-format json
Mean brightness 166.96403200081622 within tolerance 5.0% of target 170.0 -> reusing image
Capture complete. Final exposure (us): 100
2026-01-16-14-30-01 iter1 exposure_us=100 mean=177.21675293101111 returncode=0
2026-01-16-14-30-14 final reuse exposure_us=100 mean=177.21675293101111
Iteration 1: running shutter 100us -> rpicam-still --camera 0 --width 9248 --height 6944 --shutter 100 --nopreview 1 -t 5000ms -o /media/pi/USB DISK/winter_images/rpicam_2026-01-16-14-30-01_iter1.jpg --quality 95 --metadata - --metadata-format json
Mean brightness 177.21675293101111 within tolerance 5.0% of target 170.0 -> reusing image
Capture complete. Final exposure (us): 100
2026-01-16-15-00-01 iter1 exposure_us=100 mean=178.22363980429697 returncode=0
2026-01-16-15-00-13 final reuse exposure_us=100 mean=178.22363980429697
Iteration 1: running shutter 100us -> rpicam-still --camera 0 --width 9248 --height 6944 --shutter 100 --nopreview 1 -t 5000ms -o /media/pi/USB DISK/winter_images/rpicam_2026-01-16-15-00-01_iter1.jpg --quality 95 --metadata - --metadata-format json
Mean brightness 178.22363980429697 within tolerance 5.0% of target 170.0 -> reusing image
Capture complete. Final exposure (us): 100
2026-01-16-15-30-01 iter1 exposure_us=100 mean=173.96092616363433 returncode=0
2026-01-16-15-30-13 final reuse exposure_us=100 mean=173.96092616363433
Iteration 1: running shutter 100us -> rpicam-still --camera 0 --width 9248 --height 6944 --shutter 100 --nopreview 1 -t 5000ms -o /media/pi/USB DISK/winter_images/rpicam_2026-01-16-15-30-01_iter1.jpg --quality 95 --metadata - --metadata-format json
Mean brightness 173.96092616363433 within tolerance 5.0% of target 170.0 -> reusing image
Capture complete. Final exposure (us): 100
2026-01-16-16-00-01 iter1 exposure_us=100 mean=176.47552241959403 returncode=0
2026-01-16-16-00-13 final reuse exposure_us=100 mean=176.47552241959403
Iteration 1: running shutter 100us -> rpicam-still --camera 0 --width 9248 --height 6944 --shutter 100 --nopreview 1 -t 5000ms -o /media/pi/USB DISK/winter_images/rpicam_2026-01-16-16-00-01_iter1.jpg --quality 95 --metadata - --metadata-format json
Mean brightness 176.47552241959403 within tolerance 5.0% of target 170.0 -> reusing image
Capture complete. Final exposure (us): 100
2026-01-16-16-30-01 iter1 exposure_us=100 mean=174.3452750214768 returncode=0
2026-01-16-16-30-14 final reuse exposure_us=100 mean=174.3452750214768
Iteration 1: running shutter 100us -> rpicam-still --camera 0 --width 9248 --height 6944 --shutter 100 --nopreview 1 -t 5000ms -o /media/pi/USB DISK/winter_images/rpicam_2026-01-16-16-30-01_iter1.jpg --quality 95 --metadata - --metadata-format json
Mean brightness 174.3452750214768 within tolerance 5.0% of target 170.0 -> reusing image
Capture complete. Final exposure (us): 100
2026-01-16-17-00-01 iter1 exposure_us=100 mean=97.59757222386108 returncode=0
2026-01-16-17-00-01 iter1 factor=5.285 new_exposure=528
2026-01-16-17-00-13 iter2 exposure_us=528 mean=97.50372563117396 returncode=0
2026-01-16-17-00-13 iter2 factor=5.300 new_exposure=2798
2026-01-16-17-00-27 iter3 exposure_us=2798 mean=175.73764359500322 returncode=0
2026-01-16-17-00-39 final reuse exposure_us=2798 mean=175.73764359500322
Iteration 1: running shutter 100us -> rpicam-still --camera 0 --width 9248 --height 6944 --shutter 100 --nopreview 1 -t 5000ms -o /media/pi/USB DISK/winter_images/rpicam_2026-01-16-17-00-01_iter1.jpg --quality 95 --metadata - --metadata-format json
Adjusting exposure: 100 -> 528 (factor 5.285)
Iteration 2: running shutter 528us -> rpicam-still --camera 0 --width 9248 --height 6944 --shutter 528 --nopreview 1 -t 5000ms -o /media/pi/USB DISK/winter_images/rpicam_2026-01-16-17-00-13_iter2.jpg --quality 95 --metadata - --metadata-format json
Adjusting exposure: 528 -> 2798 (factor 5.300)
Iteration 3: running shutter 2798us -> rpicam-still --camera 0 --width 9248 --height 6944 --shutter 2798 --nopreview 1 -t 5002ms -o /media/pi/USB DISK/winter_images/rpicam_2026-01-16-17-00-27_iter3.jpg --quality 95 --metadata - --metadata-format json
Mean brightness 175.73764359500322 within tolerance 5.0% of target 170.0 -> reusing image
Capture complete. Final exposure (us): 2798
2026-01-16-17-30-01 iter1 exposure_us=2798 mean=74.26785007320053 returncode=0
2026-01-16-17-30-01 iter1 factor=11.993 new_exposure=33558
2026-01-16-17-30-15 iter2 exposure_us=33558 mean=158.96752842873985 returncode=0
2026-01-16-17-30-15 iter2 factor=1.167 new_exposure=39152
2026-01-16-17-30-29 iter3 exposure_us=39152 mean=159.41441976680971 returncode=0
2026-01-16-17-30-29 iter3 factor=1.155 new_exposure=45232
2026-01-16-17-30-41 iter4 exposure_us=45232 mean=158.23880465374006 returncode=0
2026-01-16-17-30-41 iter4 factor=1.186 new_exposure=53662
2026-01-16-17-30-55 iter5 exposure_us=53662 mean=158.49224714049518 returncode=0
2026-01-16-17-30-55 iter5 factor=1.179 new_exposure=63288
2026-01-16-17-31-07 final exposure_us=63288 mean=160.1560174332126 returncode=0
Iteration 1: running shutter 2798us -> rpicam-still --camera 0 --width 9248 --height 6944 --shutter 2798 --nopreview 1 -t 5002ms -o /media/pi/USB DISK/winter_images/rpicam_2026-01-16-17-30-01_iter1.jpg --quality 95 --metadata - --metadata-format json
Adjusting exposure: 2798 -> 33558 (factor 11.993)
Iteration 2: running shutter 33558us -> rpicam-still --camera 0 --width 9248 --height 6944 --shutter 33558 --nopreview 1 -t 5033ms -o /media/pi/USB DISK/winter_images/rpicam_2026-01-16-17-30-15_iter2.jpg --quality 95 --metadata - --metadata-format json
Adjusting exposure: 33558 -> 39152 (factor 1.167)
Iteration 3: running shutter 39152us -> rpicam-still --camera 0 --width 9248 --height 6944 --shutter 39152 --nopreview 1 -t 5039ms -o /media/pi/USB DISK/winter_images/rpicam_2026-01-16-17-30-29_iter3.jpg --quality 95 --metadata - --metadata-format json
Adjusting exposure: 39152 -> 45232 (factor 1.155)
Iteration 4: running shutter 45232us -> rpicam-still --camera 0 --width 9248 --height 6944 --shutter 45232 --nopreview 1 -t 5045ms -o /media/pi/USB DISK/winter_images/rpicam_2026-01-16-17-30-41_iter4.jpg --quality 95 --metadata - --metadata-format json
Adjusting exposure: 45232 -> 53662 (factor 1.186)
Iteration 5: running shutter 53662us -> rpicam-still --camera 0 --width 9248 --height 6944 --shutter 53662 --nopreview 1 -t 5053ms -o /media/pi/USB DISK/winter_images/rpicam_2026-01-16-17-30-55_iter5.jpg --quality 95 --metadata - --metadata-format json
Adjusting exposure: 53662 -> 63288 (factor 1.179)
Final capture attempt 1: rpicam-still --camera 0 --width 9248 --height 6944 --shutter 63288 --nopreview 1 -t 5063ms -o /media/pi/USB DISK/winter_images/rpicam_2026-01-16-17-31-07_ex63288us.jpg --quality 95 --metadata - --metadata-format json
Capture complete. Final exposure (us): 63288
2026-01-16-18-00-02 iter1 exposure_us=63288 mean=57.497213636551635 returncode=0
2026-01-16-18-00-02 iter1 factor=20.000 new_exposure=1265760
2026-01-16-18-00-16 iter2 exposure_us=1265760 mean=111.88822572360894 returncode=0
2026-01-16-18-00-16 iter2 factor=3.507 new_exposure=4439612
2026-01-16-18-00-30 iter3 exposure_us=4439612 mean=131.27242706855037 returncode=0
2026-01-16-18-00-30 iter3 factor=2.172 new_exposure=9642091
2026-01-16-18-00-57 iter4 exposure_us=9642091 mean=177.27919788423551 returncode=0
2026-01-16-18-01-37 final reuse exposure_us=9642091 mean=177.27919788423551
Iteration 1: running shutter 63288us -> rpicam-still --camera 0 --width 9248 --height 6944 --shutter 63288 --nopreview 1 -t 5063ms -o /media/pi/USB DISK/winter_images/rpicam_2026-01-16-18-00-02_iter1.jpg --quality 95 --metadata - --metadata-format json
Adjusting exposure: 63288 -> 1265760 (factor 20.000)
Iteration 2: running shutter 1265760us -> rpicam-still --camera 0 --width 9248 --height 6944 --shutter 1265760 --nopreview 1 -t 6265ms -o /media/pi/USB DISK/winter_images/rpicam_2026-01-16-18-00-16_iter2.jpg --quality 95 --metadata - --metadata-format json
Adjusting exposure: 1265760 -> 4439612 (factor 3.507)
Iteration 3: running shutter 4439612us -> rpicam-still --camera 0 --width 9248 --height 6944 --shutter 4439612 --nopreview 1 -t 9439ms -o /media/pi/USB DISK/winter_images/rpicam_2026-01-16-18-00-30_iter3.jpg --quality 95 --metadata - --metadata-format json
Adjusting exposure: 4439612 -> 9642091 (factor 2.172)
Iteration 4: running shutter 9642091us -> rpicam-still --camera 0 --width 9248 --height 6944 --shutter 9642091 --nopreview 1 -t 14642ms -o /media/pi/USB DISK/winter_images/rpicam_2026-01-16-18-00-57_iter4.jpg --quality 95 --metadata - --metadata-format json
Mean brightness 177.27919788423551 within tolerance 5.0% of target 170.0 -> reusing image
Capture complete. Final exposure (us): 9642091
2026-01-16-18-30-01 iter1 exposure_us=9642091 mean=96.34319763246855 returncode=0
2026-01-16-18-30-01 iter1 factor=5.494 new_exposure=52973031
2026-01-16-18-30-35 iter2 exposure_us=52973031 mean=210.8372894861811 returncode=0
2026-01-16-18-30-35 iter2 factor=0.750 new_exposure=39729773
2026-01-16-18-33-27 iter3 exposure_us=39729773 mean=193.75359520068108 returncode=0
2026-01-16-18-33-27 iter3 factor=0.750 new_exposure=29797330
2026-01-16-18-35-38 iter4 exposure_us=29797330 mean=172.72516342429998 returncode=0
2026-01-16-18-37-21 final reuse exposure_us=29797330 mean=172.72516342429998
Iteration 1: running shutter 9642091us -> rpicam-still --camera 0 --width 9248 --height 6944 --shutter 9642091 --nopreview 1 -t 14642ms -o /media/pi/USB DISK/winter_images/rpicam_2026-01-16-18-30-01_iter1.jpg --quality 95 --metadata - --metadata-format json
Adjusting exposure: 9642091 -> 52973031 (factor 5.494)
Iteration 2: running shutter 52973031us -> rpicam-still --camera 0 --width 9248 --height 6944 --shutter 52973031 --nopreview 1 -t 57973ms -o /media/pi/USB DISK/winter_images/rpicam_2026-01-16-18-30-35_iter2.jpg --quality 95 --metadata - --metadata-format json
Adjusting exposure: 52973031 -> 39729773 (factor 0.750)
Iteration 3: running shutter 39729773us -> rpicam-still --camera 0 --width 9248 --height 6944 --shutter 39729773 --nopreview 1 -t 44729ms -o /media/pi/USB DISK/winter_images/rpicam_2026-01-16-18-33-27_iter3.jpg --quality 95 --metadata - --metadata-format json
Adjusting exposure: 39729773 -> 29797330 (factor 0.750)
Iteration 4: running shutter 29797330us -> rpicam-still --camera 0 --width 9248 --height 6944 --shutter 29797330 --nopreview 1 -t 34797ms -o /media/pi/USB DISK/winter_images/rpicam_2026-01-16-18-35-38_iter4.jpg --quality 95 --metadata - --metadata-format json
Mean brightness 172.72516342429998 within tolerance 5.0% of target 170.0 -> reusing image
Capture complete. Final exposure (us): 29797330
2026-01-16-19-00-01 iter1 exposure_us=29797330 mean=185.63449428410476 returncode=0
2026-01-16-19-00-01 iter1 factor=0.768 new_exposure=22884850
2026-01-16-19-01-43 iter2 exposure_us=22884850 mean=168.1553947895572 returncode=0
2026-01-16-19-03-03 final reuse exposure_us=22884850 mean=168.1553947895572
Iteration 1: running shutter 29797330us -> rpicam-still --camera 0 --width 9248 --height 6944 --shutter 29797330 --nopreview 1 -t 34797ms -o /media/pi/USB DISK/winter_images/rpicam_2026-01-16-19-00-01_iter1.jpg --quality 95 --metadata - --metadata-format json
Adjusting exposure: 29797330 -> 22884850 (factor 0.768)
Iteration 2: running shutter 22884850us -> rpicam-still --camera 0 --width 9248 --height 6944 --shutter 22884850 --nopreview 1 -t 27884ms -o /media/pi/USB DISK/winter_images/rpicam_2026-01-16-19-01-43_iter2.jpg --quality 95 --metadata - --metadata-format json
Mean brightness 168.1553947895572 within tolerance 5.0% of target 170.0 -> reusing image
Capture complete. Final exposure (us): 22884850
2026-01-16-19-30-01 iter1 exposure_us=22884850 mean=155.48272179038835 returncode=0
2026-01-16-19-30-01 iter1 factor=1.273 new_exposure=29142395
2026-01-16-19-31-24 iter2 exposure_us=29142395 mean=171.1740793625325 returncode=0
2026-01-16-19-33-03 final reuse exposure_us=29142395 mean=171.1740793625325
Iteration 1: running shutter 22884850us -> rpicam-still --camera 0 --width 9248 --height 6944 --shutter 22884850 --nopreview 1 -t 27884ms -o /media/pi/USB DISK/winter_images/rpicam_2026-01-16-19-30-01_iter1.jpg --quality 95 --metadata - --metadata-format json
Adjusting exposure: 22884850 -> 29142395 (factor 1.273)
Iteration 2: running shutter 29142395us -> rpicam-still --camera 0 --width 9248 --height 6944 --shutter 29142395 --nopreview 1 -t 34142ms -o /media/pi/USB DISK/winter_images/rpicam_2026-01-16-19-31-24_iter2.jpg --quality 95 --metadata - --metadata-format json
Mean brightness 171.1740793625325 within tolerance 5.0% of target 170.0 -> reusing image
Capture complete. Final exposure (us): 29142395
2026-01-16-20-00-01 iter1 exposure_us=29142395 mean=139.73281378935587 returncode=0
2026-01-16-20-00-01 iter1 factor=1.801 new_exposure=52477941
2026-01-16-20-01-42 iter2 exposure_us=52477941 mean=176.9877245690437 returncode=0
2026-01-16-20-04-31 final reuse exposure_us=52477941 mean=176.9877245690437
Iteration 1: running shutter 29142395us -> rpicam-still --camera 0 --width 9248 --height 6944 --shutter 29142395 --nopreview 1 -t 34142ms -o /media/pi/USB DISK/winter_images/rpicam_2026-01-16-20-00-01_iter1.jpg --quality 95 --metadata - --metadata-format json
Adjusting exposure: 29142395 -> 52477941 (factor 1.801)
Iteration 2: running shutter 52477941us -> rpicam-still --camera 0 --width 9248 --height 6944 --shutter 52477941 --nopreview 1 -t 57477ms -o /media/pi/USB DISK/winter_images/rpicam_2026-01-16-20-01-42_iter2.jpg --quality 95 --metadata - --metadata-format json
Mean brightness 176.9877245690437 within tolerance 5.0% of target 170.0 -> reusing image
Capture complete. Final exposure (us): 52477941
2026-01-16-20-30-01 iter1 exposure_us=52477941 mean=175.09797151931218 returncode=0
2026-01-16-20-32-52 final reuse exposure_us=52477941 mean=175.09797151931218
Iteration 1: running shutter 52477941us -> rpicam-still --camera 0 --width 9248 --height 6944 --shutter 52477941 --nopreview 1 -t 57477ms -o /media/pi/USB DISK/winter_images/rpicam_2026-01-16-20-30-01_iter1.jpg --quality 95 --metadata - --metadata-format json
Mean brightness 175.09797151931218 within tolerance 5.0% of target 170.0 -> reusing image
Capture complete. Final exposure (us): 52477941
2026-01-16-21-00-01 iter1 exposure_us=52477941 mean=177.1809051159897 returncode=0
2026-01-16-21-02-51 final reuse exposure_us=52477941 mean=177.1809051159897
Iteration 1: running shutter 52477941us -> rpicam-still --camera 0 --width 9248 --height 6944 --shutter 52477941 --nopreview 1 -t 57477ms -o /media/pi/USB DISK/winter_images/rpicam_2026-01-16-21-00-01_iter1.jpg --quality 95 --metadata - --metadata-format json
Mean brightness 177.1809051159897 within tolerance 5.0% of target 170.0 -> reusing image
Capture complete. Final exposure (us): 52477941
2026-01-16-21-30-01 iter1 exposure_us=52477941 mean=189.28254019675944 returncode=0
2026-01-16-21-30-01 iter1 factor=0.724 new_exposure=38018229
2026-01-16-21-32-50 iter2 exposure_us=38018229 mean=165.78778555495373 returncode=0
2026-01-16-21-34-58 final reuse exposure_us=38018229 mean=165.78778555495373
Iteration 1: running shutter 52477941us -> rpicam-still --camera 0 --width 9248 --height 6944 --shutter 52477941 --nopreview 1 -t 57477ms -o /media/pi/USB DISK/winter_images/rpicam_2026-01-16-21-30-01_iter1.jpg --quality 95 --metadata - --metadata-format json
Adjusting exposure: 52477941 -> 38018229 (factor 0.724)
Iteration 2: running shutter 38018229us -> rpicam-still --camera 0 --width 9248 --height 6944 --shutter 38018229 --nopreview 1 -t 43018ms -o /media/pi/USB DISK/winter_images/rpicam_2026-01-16-21-32-50_iter2.jpg --quality 95 --metadata - --metadata-format json
Mean brightness 165.78778555495373 within tolerance 5.0% of target 170.0 -> reusing image
Capture complete. Final exposure (us): 38018229
2026-01-16-22-00-01 iter1 exposure_us=38018229 mean=180.29035152886462 returncode=0
2026-01-16-22-00-01 iter1 factor=0.838 new_exposure=31872871
2026-01-16-22-02-06 iter2 exposure_us=31872871 mean=166.955001775823 returncode=0
2026-01-16-22-03-55 final reuse exposure_us=31872871 mean=166.955001775823
Iteration 1: running shutter 38018229us -> rpicam-still --camera 0 --width 9248 --height 6944 --shutter 38018229 --nopreview 1 -t 43018ms -o /media/pi/USB DISK/winter_images/rpicam_2026-01-16-22-00-01_iter1.jpg --quality 95 --metadata - --metadata-format json
Adjusting exposure: 38018229 -> 31872871 (factor 0.838)
Iteration 2: running shutter 31872871us -> rpicam-still --camera 0 --width 9248 --height 6944 --shutter 31872871 --nopreview 1 -t 36872ms -o /media/pi/USB DISK/winter_images/rpicam_2026-01-16-22-02-06_iter2.jpg --quality 95 --metadata - --metadata-format json
Mean brightness 166.955001775823 within tolerance 5.0% of target 170.0 -> reusing image
Capture complete. Final exposure (us): 31872871
2026-01-16-22-30-01 iter1 exposure_us=31872871 mean=162.633932978285 returncode=0
2026-01-16-22-31-49 final reuse exposure_us=31872871 mean=162.633932978285
Iteration 1: running shutter 31872871us -> rpicam-still --camera 0 --width 9248 --height 6944 --shutter 31872871 --nopreview 1 -t 36872ms -o /media/pi/USB DISK/winter_images/rpicam_2026-01-16-22-30-01_iter1.jpg --quality 95 --metadata - --metadata-format json
Mean brightness 162.633932978285 within tolerance 5.0% of target 170.0 -> reusing image
Capture complete. Final exposure (us): 31872871
2026-01-16-23-00-01 iter1 exposure_us=31872871 mean=120.3069514563119 returncode=0
2026-01-16-23-00-01 iter1 factor=2.821 new_exposure=89928176
2026-01-16-23-01-50 iter2 exposure_us=89928176 mean=196.75515874711482 returncode=0
2026-01-16-23-01-50 iter2 factor=0.750 new_exposure=67446132
2026-01-16-23-06-33 iter3 exposure_us=67446132 mean=172.98513688786116 returncode=0
2026-01-16-23-10-09 final reuse exposure_us=67446132 mean=172.98513688786116
Iteration 1: running shutter 31872871us -> rpicam-still --camera 0 --width 9248 --height 6944 --shutter 31872871 --nopreview 1 -t 36872ms -o /media/pi/USB DISK/winter_images/rpicam_2026-01-16-23-00-01_iter1.jpg --quality 95 --metadata - --metadata-format json
Adjusting exposure: 31872871 -> 89928176 (factor 2.821)
Iteration 2: running shutter 89928176us -> rpicam-still --camera 0 --width 9248 --height 6944 --shutter 89928176 --nopreview 1 -t 94928ms -o /media/pi/USB DISK/winter_images/rpicam_2026-01-16-23-01-50_iter2.jpg --quality 95 --metadata - --metadata-format json
Adjusting exposure: 89928176 -> 67446132 (factor 0.750)
Iteration 3: running shutter 67446132us -> rpicam-still --camera 0 --width 9248 --height 6944 --shutter 67446132 --nopreview 1 -t 72446ms -o /media/pi/USB DISK/winter_images/rpicam_2026-01-16-23-06-33_iter3.jpg --quality 95 --metadata - --metadata-format json
Mean brightness 172.98513688786116 within tolerance 5.0% of target 170.0 -> reusing image
Capture complete. Final exposure (us): 67446132
2026-01-16-23-30-01 iter1 exposure_us=67446132 mean=144.9795707478912 returncode=0
2026-01-16-23-30-01 iter1 factor=1.612 new_exposure=108738511
2026-01-16-23-33-37 iter2 exposure_us=108738511 mean=174.11589943659507 returncode=0
2026-01-16-23-39-17 final reuse exposure_us=108738511 mean=174.11589943659507
Iteration 1: running shutter 67446132us -> rpicam-still --camera 0 --width 9248 --height 6944 --shutter 67446132 --nopreview 1 -t 72446ms -o /media/pi/USB DISK/winter_images/rpicam_2026-01-16-23-30-01_iter1.jpg --quality 95 --metadata - --metadata-format json
Adjusting exposure: 67446132 -> 108738511 (factor 1.612)
Iteration 2: running shutter 108738511us -> rpicam-still --camera 0 --width 9248 --height 6944 --shutter 108738511 --nopreview 1 -t 113738ms -o /media/pi/USB DISK/winter_images/rpicam_2026-01-16-23-33-37_iter2.jpg --quality 95 --metadata - --metadata-format json
Mean brightness 174.11589943659507 within tolerance 5.0% of target 170.0 -> reusing image
Capture complete. Final exposure (us): 108738511
2026-01-17-00-00-01 iter1 exposure_us=108738511 mean=156.75406727933702 returncode=0
2026-01-17-00-00-01 iter1 factor=1.231 new_exposure=133817879
2026-01-17-00-05-39 iter2 exposure_us=133817879 mean=193.98305921855817 returncode=0
2026-01-17-00-05-39 iter2 factor=0.750 new_exposure=100363409
2026-01-17-00-12-35 iter3 exposure_us=100363409 mean=182.73747910869756 returncode=0
2026-01-17-00-12-35 iter3 factor=0.805 new_exposure=80805195
2026-01-17-00-17-48 iter4 exposure_us=80805195 mean=170.4751132203949 returncode=0
2026-01-17-00-22-07 final reuse exposure_us=80805195 mean=170.4751132203949
Iteration 1: running shutter 108738511us -> rpicam-still --camera 0 --width 9248 --height 6944 --shutter 108738511 --nopreview 1 -t 113738ms -o /media/pi/USB DISK/winter_images/rpicam_2026-01-17-00-00-01_iter1.jpg --quality 95 --metadata - --metadata-format json
Adjusting exposure: 108738511 -> 133817879 (factor 1.231)
Iteration 2: running shutter 133817879us -> rpicam-still --camera 0 --width 9248 --height 6944 --shutter 133817879 --nopreview 1 -t 138817ms -o /media/pi/USB DISK/winter_images/rpicam_2026-01-17-00-05-39_iter2.jpg --quality 95 --metadata - --metadata-format json
Adjusting exposure: 133817879 -> 100363409 (factor 0.750)
Iteration 3: running shutter 100363409us -> rpicam-still --camera 0 --width 9248 --height 6944 --shutter 100363409 --nopreview 1 -t 105363ms -o /media/pi/USB DISK/winter_images/rpicam_2026-01-17-00-12-35_iter3.jpg --quality 95 --metadata - --metadata-format json
Adjusting exposure: 100363409 -> 80805195 (factor 0.805)
Iteration 4: running shutter 80805195us -> rpicam-still --camera 0 --width 9248 --height 6944 --shutter 80805195 --nopreview 1 -t 85805ms -o /media/pi/USB DISK/winter_images/rpicam_2026-01-17-00-17-48_iter4.jpg --quality 95 --metadata - --metadata-format json
Mean brightness 170.4751132203949 within tolerance 5.0% of target 170.0 -> reusing image
Capture complete. Final exposure (us): 80805195
2026-01-17-00-30-01 iter1 exposure_us=80805195 mean=184.22350900007774 returncode=0
2026-01-17-00-30-01 iter1 factor=0.786 new_exposure=63496662
2026-01-17-00-34-17 iter2 exposure_us=63496662 mean=169.10850004434886 returncode=0
2026-01-17-00-36-40 final reuse exposure_us=63496662 mean=169.10850004434886
Iteration 1: running shutter 80805195us -> rpicam-still --camera 0 --width 9248 --height 6944 --shutter 80805195 --nopreview 1 -t 85805ms -o /media/pi/USB DISK/winter_images/rpicam_2026-01-17-00-30-01_iter1.jpg --quality 95 --metadata - --metadata-format json
Adjusting exposure: 80805195 -> 63496662 (factor 0.786)
Iteration 2: running shutter 63496662us -> rpicam-still --camera 0 --width 9248 --height 6944 --shutter 63496662 --nopreview 1 -t 68496ms -o /media/pi/USB DISK/winter_images/rpicam_2026-01-17-00-34-17_iter2.jpg --quality 95 --metadata - --metadata-format json
Mean brightness 169.10850004434886 within tolerance 5.0% of target 170.0 -> reusing image
Capture complete. Final exposure (us): 63496662
2026-01-17-01-00-01 iter1 exposure_us=63496662 mean=157.59849235368364 returncode=0
2026-01-17-01-00-01 iter1 factor=1.205 new_exposure=76496984
2026-01-17-01-03-25 iter2 exposure_us=76496984 mean=164.2635944202159 returncode=0
2026-01-17-01-07-31 final reuse exposure_us=76496984 mean=164.2635944202159
Iteration 1: running shutter 63496662us -> rpicam-still --camera 0 --width 9248 --height 6944 --shutter 63496662 --nopreview 1 -t 68496ms -o /media/pi/USB DISK/winter_images/rpicam_2026-01-17-01-00-01_iter1.jpg --quality 95 --metadata - --metadata-format json
Adjusting exposure: 63496662 -> 76496984 (factor 1.205)
Iteration 2: running shutter 76496984us -> rpicam-still --camera 0 --width 9248 --height 6944 --shutter 76496984 --nopreview 1 -t 81496ms -o /media/pi/USB DISK/winter_images/rpicam_2026-01-17-01-03-25_iter2.jpg --quality 95 --metadata - --metadata-format json
Mean brightness 164.2635944202159 within tolerance 5.0% of target 170.0 -> reusing image
Capture complete. Final exposure (us): 76496984
2026-01-17-01-30-01 iter1 exposure_us=76496984 mean=167.36916418533139 returncode=0
2026-01-17-01-34-02 final reuse exposure_us=76496984 mean=167.36916418533139
Iteration 1: running shutter 76496984us -> rpicam-still --camera 0 --width 9248 --height 6944 --shutter 76496984 --nopreview 1 -t 81496ms -o /media/pi/USB DISK/winter_images/rpicam_2026-01-17-01-30-01_iter1.jpg --quality 95 --metadata - --metadata-format json
Mean brightness 167.36916418533139 within tolerance 5.0% of target 170.0 -> reusing image
Capture complete. Final exposure (us): 76496984
2026-01-17-02-00-01 iter1 exposure_us=76496984 mean=177.0516004269948 returncode=0
2026-01-17-02-04-04 final reuse exposure_us=76496984 mean=177.0516004269948
Iteration 1: running shutter 76496984us -> rpicam-still --camera 0 --width 9248 --height 6944 --shutter 76496984 --nopreview 1 -t 81496ms -o /media/pi/USB DISK/winter_images/rpicam_2026-01-17-02-00-01_iter1.jpg --quality 95 --metadata - --metadata-format json
Mean brightness 177.0516004269948 within tolerance 5.0% of target 170.0 -> reusing image
Capture complete. Final exposure (us): 76496984
2026-01-17-02-30-01 iter1 exposure_us=76496984 mean=190.03175635247575 returncode=0
2026-01-17-02-30-01 iter1 factor=0.716 new_exposure=54766190
2026-01-17-02-34-02 iter2 exposure_us=54766190 mean=169.27401549892966 returncode=0
2026-01-17-02-37-00 final reuse exposure_us=54766190 mean=169.27401549892966
Iteration 1: running shutter 76496984us -> rpicam-still --camera 0 --width 9248 --height 6944 --shutter 76496984 --nopreview 1 -t 81496ms -o /media/pi/USB DISK/winter_images/rpicam_2026-01-17-02-30-01_iter1.jpg --quality 95 --metadata - --metadata-format json
Adjusting exposure: 76496984 -> 54766190 (factor 0.716)
Iteration 2: running shutter 54766190us -> rpicam-still --camera 0 --width 9248 --height 6944 --shutter 54766190 --nopreview 1 -t 59766ms -o /media/pi/USB DISK/winter_images/rpicam_2026-01-17-02-34-02_iter2.jpg --quality 95 --metadata - --metadata-format json
Mean brightness 169.27401549892966 within tolerance 5.0% of target 170.0 -> reusing image
Capture complete. Final exposure (us): 54766190
2026-01-17-03-00-01 iter1 exposure_us=54766190 mean=177.98378019895696 returncode=0
2026-01-17-03-02-58 final reuse exposure_us=54766190 mean=177.98378019895696
Iteration 1: running shutter 54766190us -> rpicam-still --camera 0 --width 9248 --height 6944 --shutter 54766190 --nopreview 1 -t 59766ms -o /media/pi/USB DISK/winter_images/rpicam_2026-01-17-03-00-01_iter1.jpg --quality 95 --metadata - --metadata-format json
Mean brightness 177.98378019895696 within tolerance 5.0% of target 170.0 -> reusing image
Capture complete. Final exposure (us): 54766190
2026-01-17-03-30-01 iter1 exposure_us=54766190 mean=118.17460969578178 returncode=0
2026-01-17-03-30-01 iter1 factor=2.977 new_exposure=163037221
2026-01-17-03-32-58 iter2 exposure_us=163037221 mean=204.5177671059529 returncode=0
2026-01-17-03-32-58 iter2 factor=0.750 new_exposure=122277916
2026-01-17-03-41-20 iter3 exposure_us=122277916 mean=203.45968406856932 returncode=0
2026-01-17-03-41-20 iter3 factor=0.750 new_exposure=91708437
2026-01-17-03-47-39 iter4 exposure_us=91708437 mean=205.57631298783744 returncode=0
2026-01-17-03-47-39 iter4 factor=0.565 new_exposure=51860516
2026-01-17-03-52-29 iter5 exposure_us=51860516 mean=175.42254242852857 returncode=0
2026-01-17-03-55-16 final reuse exposure_us=51860516 mean=175.42254242852857
Iteration 1: running shutter 54766190us -> rpicam-still --camera 0 --width 9248 --height 6944 --shutter 54766190 --nopreview 1 -t 59766ms -o /media/pi/USB DISK/winter_images/rpicam_2026-01-17-03-30-01_iter1.jpg --quality 95 --metadata - --metadata-format json
Adjusting exposure: 54766190 -> 163037221 (factor 2.977)
Iteration 2: running shutter 163037221us -> rpicam-still --camera 0 --width 9248 --height 6944 --shutter 163037221 --nopreview 1 -t 168037ms -o /media/pi/USB DISK/winter_images/rpicam_2026-01-17-03-32-58_iter2.jpg --quality 95 --metadata - --metadata-format json
Adjusting exposure: 163037221 -> 122277916 (factor 0.750)
Iteration 3: running shutter 122277916us -> rpicam-still --camera 0 --width 9248 --height 6944 --shutter 122277916 --nopreview 1 -t 127277ms -o /media/pi/USB DISK/winter_images/rpicam_2026-01-17-03-41-20_iter3.jpg --quality 95 --metadata - --metadata-format json
Adjusting exposure: 122277916 -> 91708437 (factor 0.750)
Iteration 4: running shutter 91708437us -> rpicam-still --camera 0 --width 9248 --height 6944 --shutter 91708437 --nopreview 1 -t 96708ms -o /media/pi/USB DISK/winter_images/rpicam_2026-01-17-03-47-39_iter4.jpg --quality 95 --metadata - --metadata-format json
Adjusting exposure: 91708437 -> 51860516 (factor 0.565)
Iteration 5: running shutter 51860516us -> rpicam-still --camera 0 --width 9248 --height 6944 --shutter 51860516 --nopreview 1 -t 56860ms -o /media/pi/USB DISK/winter_images/rpicam_2026-01-17-03-52-29_iter5.jpg --quality 95 --metadata - --metadata-format json
Mean brightness 175.42254242852857 within tolerance 5.0% of target 170.0 -> reusing image
Capture complete. Final exposure (us): 51860516
2026-01-17-04-00-01 iter1 exposure_us=51860516 mean=193.52917346744795 returncode=0
2026-01-17-04-00-01 iter1 factor=0.678 new_exposure=35151533
2026-01-17-04-02-50 iter2 exposure_us=35151533 mean=161.35493854132616 returncode=0
2026-01-17-04-02-50 iter2 factor=1.111 new_exposure=39053901
2026-01-17-04-04-49 iter3 exposure_us=39053901 mean=172.52552002774544 returncode=0
2026-01-17-04-06-58 final reuse exposure_us=39053901 mean=172.52552002774544
Iteration 1: running shutter 51860516us -> rpicam-still --camera 0 --width 9248 --height 6944 --shutter 51860516 --nopreview 1 -t 56860ms -o /media/pi/USB DISK/winter_images/rpicam_2026-01-17-04-00-01_iter1.jpg --quality 95 --metadata - --metadata-format json
Adjusting exposure: 51860516 -> 35151533 (factor 0.678)
Iteration 2: running shutter 35151533us -> rpicam-still --camera 0 --width 9248 --height 6944 --shutter 35151533 --nopreview 1 -t 40151ms -o /media/pi/USB DISK/winter_images/rpicam_2026-01-17-04-02-50_iter2.jpg --quality 95 --metadata - --metadata-format json
Adjusting exposure: 35151533 -> 39053901 (factor 1.111)
Iteration 3: running shutter 39053901us -> rpicam-still --camera 0 --width 9248 --height 6944 --shutter 39053901 --nopreview 1 -t 44053ms -o /media/pi/USB DISK/winter_images/rpicam_2026-01-17-04-04-49_iter3.jpg --quality 95 --metadata - --metadata-format json
Mean brightness 172.52552002774544 within tolerance 5.0% of target 170.0 -> reusing image
Capture complete. Final exposure (us): 39053901
2026-01-17-04-30-01 iter1 exposure_us=39053901 mean=188.3866521332798 returncode=0
2026-01-17-04-30-01 iter1 factor=0.735 new_exposure=28698606
2026-01-17-04-32-12 iter2 exposure_us=28698606 mean=164.7358273628474 returncode=0
2026-01-17-04-33-53 final reuse exposure_us=28698606 mean=164.7358273628474
Iteration 1: running shutter 39053901us -> rpicam-still --camera 0 --width 9248 --height 6944 --shutter 39053901 --nopreview 1 -t 44053ms -o /media/pi/USB DISK/winter_images/rpicam_2026-01-17-04-30-01_iter1.jpg --quality 95 --metadata - --metadata-format json
Adjusting exposure: 39053901 -> 28698606 (factor 0.735)
Iteration 2: running shutter 28698606us -> rpicam-still --camera 0 --width 9248 --height 6944 --shutter 28698606 --nopreview 1 -t 33698ms -o /media/pi/USB DISK/winter_images/rpicam_2026-01-17-04-32-12_iter2.jpg --quality 95 --metadata - --metadata-format json
Mean brightness 164.7358273628474 within tolerance 5.0% of target 170.0 -> reusing image
Capture complete. Final exposure (us): 28698606
2026-01-17-05-00-01 iter1 exposure_us=28698606 mean=156.54720479792368 returncode=0
2026-01-17-05-00-01 iter1 factor=1.237 new_exposure=35508319
2026-01-17-05-01-44 iter2 exposure_us=35508319 mean=167.4834150371783 returncode=0
2026-01-17-05-03-44 final reuse exposure_us=35508319 mean=167.4834150371783
Iteration 1: running shutter 28698606us -> rpicam-still --camera 0 --width 9248 --height 6944 --shutter 28698606 --nopreview 1 -t 33698ms -o /media/pi/USB DISK/winter_images/rpicam_2026-01-17-05-00-01_iter1.jpg --quality 95 --metadata - --metadata-format json
Adjusting exposure: 28698606 -> 35508319 (factor 1.237)
Iteration 2: running shutter 35508319us -> rpicam-still --camera 0 --width 9248 --height 6944 --shutter 35508319 --nopreview 1 -t 40508ms -o /media/pi/USB DISK/winter_images/rpicam_2026-01-17-05-01-44_iter2.jpg --quality 95 --metadata - --metadata-format json
Mean brightness 167.4834150371783 within tolerance 5.0% of target 170.0 -> reusing image
Capture complete. Final exposure (us): 35508319
2026-01-17-05-30-01 iter1 exposure_us=35508319 mean=175.7561233348 returncode=0
2026-01-17-05-31-26 final reuse exposure_us=35508319 mean=175.7561233348
Iteration 1: running shutter 35508319us -> rpicam-still --camera 0 --width 9248 --height 6944 --shutter 35508319 --nopreview 1 -t 40508ms -o /media/pi/USB DISK/winter_images/rpicam_2026-01-17-05-30-01_iter1.jpg --quality 95 --metadata - --metadata-format json
Mean brightness 175.7561233348 within tolerance 5.0% of target 170.0 -> reusing image
Capture complete. Final exposure (us): 35508319
2026-01-17-06-00-01 iter1 exposure_us=35508319 mean=111.5285217509976 returncode=0
2026-01-17-06-00-01 iter1 factor=3.542 new_exposure=125753198
2026-01-17-06-02-01 iter2 exposure_us=125753198 mean=189.14901560793317 returncode=0
2026-01-17-06-02-01 iter2 factor=0.750 new_exposure=94314898
2026-01-17-06-08-31 iter3 exposure_us=94314898 mean=178.98951194641162 returncode=0
2026-01-17-06-08-31 iter3 factor=0.899 new_exposure=84827017
2026-01-17-06-13-29 iter4 exposure_us=84827017 mean=178.30623038248152 returncode=0
2026-01-17-06-17-58 final reuse exposure_us=84827017 mean=178.30623038248152
Iteration 1: running shutter 35508319us -> rpicam-still --camera 0 --width 9248 --height 6944 --shutter 35508319 --nopreview 1 -t 40508ms -o /media/pi/USB DISK/winter_images/rpicam_2026-01-17-06-00-01_iter1.jpg --quality 95 --metadata - --metadata-format json
Adjusting exposure: 35508319 -> 125753198 (factor 3.542)
Iteration 2: running shutter 125753198us -> rpicam-still --camera 0 --width 9248 --height 6944 --shutter 125753198 --nopreview 1 -t 130753ms -o /media/pi/USB DISK/winter_images/rpicam_2026-01-17-06-02-01_iter2.jpg --quality 95 --metadata - --metadata-format json
Adjusting exposure: 125753198 -> 94314898 (factor 0.750)
Iteration 3: running shutter 94314898us -> rpicam-still --camera 0 --width 9248 --height 6944 --shutter 94314898 --nopreview 1 -t 99314ms -o /media/pi/USB DISK/winter_images/rpicam_2026-01-17-06-08-31_iter3.jpg --quality 95 --metadata - --metadata-format json
Adjusting exposure: 94314898 -> 84827017 (factor 0.899)
Iteration 4: running shutter 84827017us -> rpicam-still --camera 0 --width 9248 --height 6944 --shutter 84827017 --nopreview 1 -t 89827ms -o /media/pi/USB DISK/winter_images/rpicam_2026-01-17-06-13-29_iter4.jpg --quality 95 --metadata - --metadata-format json
Mean brightness 178.30623038248152 within tolerance 5.0% of target 170.0 -> reusing image
Capture complete. Final exposure (us): 84827017
2026-01-17-06-30-01 iter1 exposure_us=84827017 mean=195.3082649486799 returncode=0
2026-01-17-06-30-01 iter1 factor=0.659 new_exposure=55939566
2026-01-17-06-34-29 iter2 exposure_us=55939566 mean=171.50612079657526 returncode=0
2026-01-17-06-37-30 final reuse exposure_us=55939566 mean=171.50612079657526
Iteration 1: running shutter 84827017us -> rpicam-still --camera 0 --width 9248 --height 6944 --shutter 84827017 --nopreview 1 -t 89827ms -o /media/pi/USB DISK/winter_images/rpicam_2026-01-17-06-30-01_iter1.jpg --quality 95 --metadata - --metadata-format json
Adjusting exposure: 84827017 -> 55939566 (factor 0.659)
Iteration 2: running shutter 55939566us -> rpicam-still --camera 0 --width 9248 --height 6944 --shutter 55939566 --nopreview 1 -t 60939ms -o /media/pi/USB DISK/winter_images/rpicam_2026-01-17-06-34-29_iter2.jpg --quality 95 --metadata - --metadata-format json
Mean brightness 171.50612079657526 within tolerance 5.0% of target 170.0 -> reusing image
Capture complete. Final exposure (us): 55939566
2026-01-17-07-00-02 iter1 exposure_us=55939566 mean=181.6383236087663 returncode=0
2026-01-17-07-00-02 iter1 factor=0.820 new_exposure=45860987
2026-01-17-07-03-01 iter2 exposure_us=45860987 mean=165.8096681509416 returncode=0
2026-01-17-07-05-32 final reuse exposure_us=45860987 mean=165.8096681509416
Iteration 1: running shutter 55939566us -> rpicam-still --camera 0 --width 9248 --height 6944 --shutter 55939566 --nopreview 1 -t 60939ms -o /media/pi/USB DISK/winter_images/rpicam_2026-01-17-07-00-02_iter1.jpg --quality 95 --metadata - --metadata-format json
Adjusting exposure: 55939566 -> 45860987 (factor 0.820)
Iteration 2: running shutter 45860987us -> rpicam-still --camera 0 --width 9248 --height 6944 --shutter 45860987 --nopreview 1 -t 50860ms -o /media/pi/USB DISK/winter_images/rpicam_2026-01-17-07-03-01_iter2.jpg --quality 95 --metadata - --metadata-format json
Mean brightness 165.8096681509416 within tolerance 5.0% of target 170.0 -> reusing image
Capture complete. Final exposure (us): 45860987
2026-01-17-07-30-01 iter1 exposure_us=45860987 mean=195.5116800848957 returncode=0
2026-01-17-07-30-01 iter1 factor=0.657 new_exposure=30148939
2026-01-17-07-32-30 iter2 exposure_us=30148939 mean=184.692810511153 returncode=0
2026-01-17-07-32-30 iter2 factor=0.780 new_exposure=23510877
2026-01-17-07-34-16 iter3 exposure_us=23510877 mean=181.32677193935567 returncode=0
2026-01-17-07-34-16 iter3 factor=0.824 new_exposure=19374469
2026-01-17-07-35-39 iter4 exposure_us=19374469 mean=180.1664590201593 returncode=0
2026-01-17-07-35-39 iter4 factor=0.840 new_exposure=16276265
2026-01-17-07-36-50 iter5 exposure_us=16276265 mean=177.91464252328066 returncode=0
2026-01-17-07-37-51 final reuse exposure_us=16276265 mean=177.91464252328066
Iteration 1: running shutter 45860987us -> rpicam-still --camera 0 --width 9248 --height 6944 --shutter 45860987 --nopreview 1 -t 50860ms -o /media/pi/USB DISK/winter_images/rpicam_2026-01-17-07-30-01_iter1.jpg --quality 95 --metadata - --metadata-format json
Adjusting exposure: 45860987 -> 30148939 (factor 0.657)
Iteration 2: running shutter 30148939us -> rpicam-still --camera 0 --width 9248 --height 6944 --shutter 30148939 --nopreview 1 -t 35148ms -o /media/pi/USB DISK/winter_images/rpicam_2026-01-17-07-32-30_iter2.jpg --quality 95 --metadata - --metadata-format json
Adjusting exposure: 30148939 -> 23510877 (factor 0.780)
Iteration 3: running shutter 23510877us -> rpicam-still --camera 0 --width 9248 --height 6944 --shutter 23510877 --nopreview 1 -t 28510ms -o /media/pi/USB DISK/winter_images/rpicam_2026-01-17-07-34-16_iter3.jpg --quality 95 --metadata - --metadata-format json
Adjusting exposure: 23510877 -> 19374469 (factor 0.824)
Iteration 4: running shutter 19374469us -> rpicam-still --camera 0 --width 9248 --height 6944 --shutter 19374469 --nopreview 1 -t 24374ms -o /media/pi/USB DISK/winter_images/rpicam_2026-01-17-07-35-39_iter4.jpg --quality 95 --metadata - --metadata-format json
Adjusting exposure: 19374469 -> 16276265 (factor 0.840)
Iteration 5: running shutter 16276265us -> rpicam-still --camera 0 --width 9248 --height 6944 --shutter 16276265 --nopreview 1 -t 21276ms -o /media/pi/USB DISK/winter_images/rpicam_2026-01-17-07-36-50_iter5.jpg --quality 95 --metadata - --metadata-format json
Mean brightness 177.91464252328066 within tolerance 5.0% of target 170.0 -> reusing image
Capture complete. Final exposure (us): 16276265
2026-01-17-08-00-01 iter1 exposure_us=16276265 mean=252.96161103272547 returncode=0
2026-01-17-08-00-01 iter1 factor=0.050 new_exposure=813813 [saturated]
2026-01-17-08-01-00 iter2 exposure_us=813813 mean=220.07597934364685 returncode=0
2026-01-17-08-01-00 iter2 factor=0.461 new_exposure=375106
2026-01-17-08-01-14 iter3 exposure_us=375106 mean=184.79873369681127 returncode=0
2026-01-17-08-01-14 iter3 factor=0.778 new_exposure=292014
2026-01-17-08-01-29 iter4 exposure_us=292014 mean=170.34364632208434 returncode=0
2026-01-17-08-01-44 final reuse exposure_us=292014 mean=170.34364632208434
Iteration 1: running shutter 16276265us -> rpicam-still --camera 0 --width 9248 --height 6944 --shutter 16276265 --nopreview 1 -t 21276ms -o /media/pi/USB DISK/winter_images/rpicam_2026-01-17-08-00-01_iter1.jpg --quality 95 --metadata - --metadata-format json
Adjusting exposure (saturated): 16276265 -> 813813 (factor 0.050)
Iteration 2: running shutter 813813us -> rpicam-still --camera 0 --width 9248 --height 6944 --shutter 813813 --nopreview 1 -t 5813ms -o /media/pi/USB DISK/winter_images/rpicam_2026-01-17-08-01-00_iter2.jpg --quality 95 --metadata - --metadata-format json
Adjusting exposure: 813813 -> 375106 (factor 0.461)
Iteration 3: running shutter 375106us -> rpicam-still --camera 0 --width 9248 --height 6944 --shutter 375106 --nopreview 1 -t 5375ms -o /media/pi/USB DISK/winter_images/rpicam_2026-01-17-08-01-14_iter3.jpg --quality 95 --metadata - --metadata-format json
Adjusting exposure: 375106 -> 292014 (factor 0.778)
Iteration 4: running shutter 292014us -> rpicam-still --camera 0 --width 9248 --height 6944 --shutter 292014 --nopreview 1 -t 5292ms -o /media/pi/USB DISK/winter_images/rpicam_2026-01-17-08-01-29_iter4.jpg --quality 95 --metadata - --metadata-format json
Mean brightness 170.34364632208434 within tolerance 5.0% of target 170.0 -> reusing image
Capture complete. Final exposure (us): 292014
2026-01-17-08-30-01 iter1 exposure_us=292014 mean=252.6137364486829 returncode=0
2026-01-17-08-30-01 iter1 factor=0.050 new_exposure=14601 [saturated]
2026-01-17-08-30-13 iter2 exposure_us=14601 mean=174.99291464688343 returncode=0
2026-01-17-08-30-25 final reuse exposure_us=14601 mean=174.99291464688343
Iteration 1: running shutter 292014us -> rpicam-still --camera 0 --width 9248 --height 6944 --shutter 292014 --nopreview 1 -t 5292ms -o /media/pi/USB DISK/winter_images/rpicam_2026-01-17-08-30-01_iter1.jpg --quality 95 --metadata - --metadata-format json
Adjusting exposure (saturated): 292014 -> 14601 (factor 0.050)
Iteration 2: running shutter 14601us -> rpicam-still --camera 0 --width 9248 --height 6944 --shutter 14601 --nopreview 1 -t 5014ms -o /media/pi/USB DISK/winter_images/rpicam_2026-01-17-08-30-13_iter2.jpg --quality 95 --metadata - --metadata-format json
Mean brightness 174.99291464688343 within tolerance 5.0% of target 170.0 -> reusing image
Capture complete. Final exposure (us): 14601
2026-01-17-09-00-01 iter1 exposure_us=14601 mean=217.5206221571883 returncode=0
2026-01-17-09-00-01 iter1 factor=0.477 new_exposure=6970
2026-01-17-09-00-15 iter2 exposure_us=6970 mean=183.57262474486947 returncode=0
2026-01-17-09-00-15 iter2 factor=0.794 new_exposure=5535
2026-01-17-09-00-28 iter3 exposure_us=5535 mean=174.1448574196638 returncode=0
2026-01-17-09-00-40 final reuse exposure_us=5535 mean=174.1448574196638
Iteration 1: running shutter 14601us -> rpicam-still --camera 0 --width 9248 --height 6944 --shutter 14601 --nopreview 1 -t 5014ms -o /media/pi/USB DISK/winter_images/rpicam_2026-01-17-09-00-01_iter1.jpg --quality 95 --metadata - --metadata-format json
Adjusting exposure: 14601 -> 6970 (factor 0.477)
Iteration 2: running shutter 6970us -> rpicam-still --camera 0 --width 9248 --height 6944 --shutter 6970 --nopreview 1 -t 5006ms -o /media/pi/USB DISK/winter_images/rpicam_2026-01-17-09-00-15_iter2.jpg --quality 95 --metadata - --metadata-format json
Adjusting exposure: 6970 -> 5535 (factor 0.794)
Iteration 3: running shutter 5535us -> rpicam-still --camera 0 --width 9248 --height 6944 --shutter 5535 --nopreview 1 -t 5005ms -o /media/pi/USB DISK/winter_images/rpicam_2026-01-17-09-00-28_iter3.jpg --quality 95 --metadata - --metadata-format json
Mean brightness 174.1448574196638 within tolerance 5.0% of target 170.0 -> reusing image
Capture complete. Final exposure (us): 5535
2026-01-17-09-30-01 iter1 exposure_us=5535 mean=210.63094584593208 returncode=0
2026-01-17-09-30-01 iter1 factor=0.526 new_exposure=2910
2026-01-17-09-30-14 iter2 exposure_us=2910 mean=176.63202110332986 returncode=0
2026-01-17-09-30-26 final reuse exposure_us=2910 mean=176.63202110332986
Iteration 1: running shutter 5535us -> rpicam-still --camera 0 --width 9248 --height 6944 --shutter 5535 --nopreview 1 -t 5005ms -o /media/pi/USB DISK/winter_images/rpicam_2026-01-17-09-30-01_iter1.jpg --quality 95 --metadata - --metadata-format json
Adjusting exposure: 5535 -> 2910 (factor 0.526)
Iteration 2: running shutter 2910us -> rpicam-still --camera 0 --width 9248 --height 6944 --shutter 2910 --nopreview 1 -t 5002ms -o /media/pi/USB DISK/winter_images/rpicam_2026-01-17-09-30-14_iter2.jpg --quality 95 --metadata - --metadata-format json
Mean brightness 176.63202110332986 within tolerance 5.0% of target 170.0 -> reusing image
Capture complete. Final exposure (us): 2910
2026-01-17-10-00-01 iter1 exposure_us=2910 mean=224.85192003153253 returncode=0
2026-01-17-10-00-01 iter1 factor=0.432 new_exposure=1258
2026-01-17-10-00-12 iter2 exposure_us=1258 mean=176.95863680950322 returncode=0
2026-01-17-10-00-26 final reuse exposure_us=1258 mean=176.95863680950322
Iteration 1: running shutter 2910us -> rpicam-still --camera 0 --width 9248 --height 6944 --shutter 2910 --nopreview 1 -t 5002ms -o /media/pi/USB DISK/winter_images/rpicam_2026-01-17-10-00-01_iter1.jpg --quality 95 --metadata - --metadata-format json
Adjusting exposure: 2910 -> 1258 (factor 0.432)
Iteration 2: running shutter 1258us -> rpicam-still --camera 0 --width 9248 --height 6944 --shutter 1258 --nopreview 1 -t 5001ms -o /media/pi/USB DISK/winter_images/rpicam_2026-01-17-10-00-12_iter2.jpg --quality 95 --metadata - --metadata-format json
Mean brightness 176.95863680950322 within tolerance 5.0% of target 170.0 -> reusing image
Capture complete. Final exposure (us): 1258
2026-01-17-10-30-01 iter1 exposure_us=1258 mean=179.79032672277876 returncode=0
2026-01-17-10-30-01 iter1 factor=0.886 new_exposure=1115
2026-01-17-10-30-15 iter2 exposure_us=1115 mean=175.15475377102337 returncode=0
2026-01-17-10-30-29 final reuse exposure_us=1115 mean=175.15475377102337
Iteration 1: running shutter 1258us -> rpicam-still --camera 0 --width 9248 --height 6944 --shutter 1258 --nopreview 1 -t 5001ms -o /media/pi/USB DISK/winter_images/rpicam_2026-01-17-10-30-01_iter1.jpg --quality 95 --metadata - --metadata-format json
Adjusting exposure: 1258 -> 1115 (factor 0.886)
Iteration 2: running shutter 1115us -> rpicam-still --camera 0 --width 9248 --height 6944 --shutter 1115 --nopreview 1 -t 5001ms -o /media/pi/USB DISK/winter_images/rpicam_2026-01-17-10-30-15_iter2.jpg --quality 95 --metadata - --metadata-format json
Mean brightness 175.15475377102337 within tolerance 5.0% of target 170.0 -> reusing image
Capture complete. Final exposure (us): 1115
2026-01-17-11-00-01 iter1 exposure_us=1115 mean=168.59570678440375 returncode=0
2026-01-17-11-00-13 final reuse exposure_us=1115 mean=168.59570678440375
Iteration 1: running shutter 1115us -> rpicam-still --camera 0 --width 9248 --height 6944 --shutter 1115 --nopreview 1 -t 5001ms -o /media/pi/USB DISK/winter_images/rpicam_2026-01-17-11-00-01_iter1.jpg --quality 95 --metadata - --metadata-format json
Mean brightness 168.59570678440375 within tolerance 5.0% of target 170.0 -> reusing image
Capture complete. Final exposure (us): 1115
2026-01-17-11-30-01 iter1 exposure_us=1115 mean=166.23518229561157 returncode=0
2026-01-17-11-30-15 final reuse exposure_us=1115 mean=166.23518229561157
Iteration 1: running shutter 1115us -> rpicam-still --camera 0 --width 9248 --height 6944 --shutter 1115 --nopreview 1 -t 5001ms -o /media/pi/USB DISK/winter_images/rpicam_2026-01-17-11-30-01_iter1.jpg --quality 95 --metadata - --metadata-format json
Mean brightness 166.23518229561157 within tolerance 5.0% of target 170.0 -> reusing image
Capture complete. Final exposure (us): 1115
2026-01-17-12-00-01 iter1 exposure_us=1115 mean=173.14667731122336 returncode=0
2026-01-17-12-00-13 final reuse exposure_us=1115 mean=173.14667731122336
Iteration 1: running shutter 1115us -> rpicam-still --camera 0 --width 9248 --height 6944 --shutter 1115 --nopreview 1 -t 5001ms -o /media/pi/USB DISK/winter_images/rpicam_2026-01-17-12-00-01_iter1.jpg --quality 95 --metadata - --metadata-format json
Mean brightness 173.14667731122336 within tolerance 5.0% of target 170.0 -> reusing image
Capture complete. Final exposure (us): 1115
2026-01-17-12-30-01 iter1 exposure_us=1115 mean=168.54506772170444 returncode=0
2026-01-17-12-30-15 final reuse exposure_us=1115 mean=168.54506772170444
Iteration 1: running shutter 1115us -> rpicam-still --camera 0 --width 9248 --height 6944 --shutter 1115 --nopreview 1 -t 5001ms -o /media/pi/USB DISK/winter_images/rpicam_2026-01-17-12-30-01_iter1.jpg --quality 95 --metadata - --metadata-format json
Mean brightness 168.54506772170444 within tolerance 5.0% of target 170.0 -> reusing image
Capture complete. Final exposure (us): 1115
2026-01-17-13-00-02 iter1 exposure_us=1115 mean=168.16489955357142 returncode=0
2026-01-17-13-00-14 final reuse exposure_us=1115 mean=168.16489955357142
Iteration 1: running shutter 1115us -> rpicam-still --camera 0 --width 9248 --height 6944 --shutter 1115 --nopreview 1 -t 5001ms -o /media/pi/USB DISK/winter_images/rpicam_2026-01-17-13-00-02_iter1.jpg --quality 95 --metadata - --metadata-format json
Mean brightness 168.16489955357142 within tolerance 5.0% of target 170.0 -> reusing image
Capture complete. Final exposure (us): 1115
2026-01-17-13-30-01 iter1 exposure_us=1115 mean=174.84753387019538 returncode=0
2026-01-17-13-30-13 final reuse exposure_us=1115 mean=174.84753387019538
Iteration 1: running shutter 1115us -> rpicam-still --camera 0 --width 9248 --height 6944 --shutter 1115 --nopreview 1 -t 5001ms -o /media/pi/USB DISK/winter_images/rpicam_2026-01-17-13-30-01_iter1.jpg --quality 95 --metadata - --metadata-format json
Mean brightness 174.84753387019538 within tolerance 5.0% of target 170.0 -> reusing image
Capture complete. Final exposure (us): 1115
2026-01-17-14-00-01 iter1 exposure_us=1115 mean=170.5581703803438 returncode=0
2026-01-17-14-00-13 final reuse exposure_us=1115 mean=170.5581703803438
Iteration 1: running shutter 1115us -> rpicam-still --camera 0 --width 9248 --height 6944 --shutter 1115 --nopreview 1 -t 5001ms -o /media/pi/USB DISK/winter_images/rpicam_2026-01-17-14-00-01_iter1.jpg --quality 95 --metadata - --metadata-format json
Mean brightness 170.5581703803438 within tolerance 5.0% of target 170.0 -> reusing image
Capture complete. Final exposure (us): 1115
2026-01-17-14-30-01 iter1 exposure_us=1115 mean=172.37254013322595 returncode=0
2026-01-17-14-30-13 final reuse exposure_us=1115 mean=172.37254013322595
Iteration 1: running shutter 1115us -> rpicam-still --camera 0 --width 9248 --height 6944 --shutter 1115 --nopreview 1 -t 5001ms -o /media/pi/USB DISK/winter_images/rpicam_2026-01-17-14-30-01_iter1.jpg --quality 95 --metadata - --metadata-format json
Mean brightness 172.37254013322595 within tolerance 5.0% of target 170.0 -> reusing image
Capture complete. Final exposure (us): 1115
2026-01-17-15-00-01 iter1 exposure_us=1115 mean=168.38389263141215 returncode=0
2026-01-17-15-00-15 final reuse exposure_us=1115 mean=168.38389263141215
Iteration 1: running shutter 1115us -> rpicam-still --camera 0 --width 9248 --height 6944 --shutter 1115 --nopreview 1 -t 5001ms -o /media/pi/USB DISK/winter_images/rpicam_2026-01-17-15-00-01_iter1.jpg --quality 95 --metadata - --metadata-format json
Mean brightness 168.38389263141215 within tolerance 5.0% of target 170.0 -> reusing image
Capture complete. Final exposure (us): 1115
2026-01-17-15-30-01 iter1 exposure_us=1115 mean=169.75445967642275 returncode=0
2026-01-17-15-30-15 final reuse exposure_us=1115 mean=169.75445967642275
Iteration 1: running shutter 1115us -> rpicam-still --camera 0 --width 9248 --height 6944 --shutter 1115 --nopreview 1 -t 5001ms -o /media/pi/USB DISK/winter_images/rpicam_2026-01-17-15-30-01_iter1.jpg --quality 95 --metadata - --metadata-format json
Mean brightness 169.75445967642275 within tolerance 5.0% of target 170.0 -> reusing image
Capture complete. Final exposure (us): 1115
2026-01-17-16-00-01 iter1 exposure_us=1115 mean=160.85963721574373 returncode=0
2026-01-17-16-00-01 iter1 factor=1.122 new_exposure=1251
2026-01-17-16-00-16 iter2 exposure_us=1251 mean=160.23342737014752 returncode=0
2026-01-17-16-00-16 iter2 factor=1.136 new_exposure=1421
2026-01-17-16-00-29 iter3 exposure_us=1421 mean=160.3379233260548 returncode=0
2026-01-17-16-00-29 iter3 factor=1.133 new_exposure=1610
2026-01-17-16-00-41 iter4 exposure_us=1610 mean=161.81310026679077 returncode=0
2026-01-17-16-00-55 final reuse exposure_us=1610 mean=161.81310026679077
Iteration 1: running shutter 1115us -> rpicam-still --camera 0 --width 9248 --height 6944 --shutter 1115 --nopreview 1 -t 5001ms -o /media/pi/USB DISK/winter_images/rpicam_2026-01-17-16-00-01_iter1.jpg --quality 95 --metadata - --metadata-format json
Adjusting exposure: 1115 -> 1251 (factor 1.122)
Iteration 2: running shutter 1251us -> rpicam-still --camera 0 --width 9248 --height 6944 --shutter 1251 --nopreview 1 -t 5001ms -o /media/pi/USB DISK/winter_images/rpicam_2026-01-17-16-00-16_iter2.jpg --quality 95 --metadata - --metadata-format json
Adjusting exposure: 1251 -> 1421 (factor 1.136)
Iteration 3: running shutter 1421us -> rpicam-still --camera 0 --width 9248 --height 6944 --shutter 1421 --nopreview 1 -t 5001ms -o /media/pi/USB DISK/winter_images/rpicam_2026-01-17-16-00-29_iter3.jpg --quality 95 --metadata - --metadata-format json
Adjusting exposure: 1421 -> 1610 (factor 1.133)
Iteration 4: running shutter 1610us -> rpicam-still --camera 0 --width 9248 --height 6944 --shutter 1610 --nopreview 1 -t 5001ms -o /media/pi/USB DISK/winter_images/rpicam_2026-01-17-16-00-41_iter4.jpg --quality 95 --metadata - --metadata-format json
Mean brightness 161.81310026679077 within tolerance 5.0% of target 170.0 -> reusing image
Capture complete. Final exposure (us): 1610
2026-01-17-16-30-01 iter1 exposure_us=1610 mean=160.01931318068023 returncode=0
2026-01-17-16-30-01 iter1 factor=1.141 new_exposure=1836
2026-01-17-16-30-13 iter2 exposure_us=1836 mean=158.2768602882626 returncode=0
2026-01-17-16-30-13 iter2 factor=1.185 new_exposure=2176
2026-01-17-16-30-27 iter3 exposure_us=2176 mean=157.77596423264515 returncode=0
2026-01-17-16-30-27 iter3 factor=1.200 new_exposure=2610
2026-01-17-16-30-40 iter4 exposure_us=2610 mean=158.03578843924905 returncode=0
2026-01-17-16-30-40 iter4 factor=1.192 new_exposure=3111
2026-01-17-16-30-53 iter5 exposure_us=3111 mean=159.6454271187543 returncode=0
2026-01-17-16-30-53 iter5 factor=1.150 new_exposure=3576
2026-01-17-16-31-07 final exposure_us=3576 mean=164.81910712354795 returncode=0
Iteration 1: running shutter 1610us -> rpicam-still --camera 0 --width 9248 --height 6944 --shutter 1610 --nopreview 1 -t 5001ms -o /media/pi/USB DISK/winter_images/rpicam_2026-01-17-16-30-01_iter1.jpg --quality 95 --metadata - --metadata-format json
Adjusting exposure: 1610 -> 1836 (factor 1.141)
Iteration 2: running shutter 1836us -> rpicam-still --camera 0 --width 9248 --height 6944 --shutter 1836 --nopreview 1 -t 5001ms -o /media/pi/USB DISK/winter_images/rpicam_2026-01-17-16-30-13_iter2.jpg --quality 95 --metadata - --metadata-format json
Adjusting exposure: 1836 -> 2176 (factor 1.185)
Iteration 3: running shutter 2176us -> rpicam-still --camera 0 --width 9248 --height 6944 --shutter 2176 --nopreview 1 -t 5002ms -o /media/pi/USB DISK/winter_images/rpicam_2026-01-17-16-30-27_iter3.jpg --quality 95 --metadata - --metadata-format json
Adjusting exposure: 2176 -> 2610 (factor 1.200)
Iteration 4: running shutter 2610us -> rpicam-still --camera 0 --width 9248 --height 6944 --shutter 2610 --nopreview 1 -t 5002ms -o /media/pi/USB DISK/winter_images/rpicam_2026-01-17-16-30-40_iter4.jpg --quality 95 --metadata - --metadata-format json
Adjusting exposure: 2610 -> 3111 (factor 1.192)
Iteration 5: running shutter 3111us -> rpicam-still --camera 0 --width 9248 --height 6944 --shutter 3111 --nopreview 1 -t 5003ms -o /media/pi/USB DISK/winter_images/rpicam_2026-01-17-16-30-53_iter5.jpg --quality 95 --metadata - --metadata-format json
Adjusting exposure: 3111 -> 3576 (factor 1.150)
Final capture attempt 1: rpicam-still --camera 0 --width 9248 --height 6944 --shutter 3576 --nopreview 1 -t 5003ms -o /media/pi/USB DISK/winter_images/rpicam_2026-01-17-16-31-07_ex3576us.jpg --quality 95 --metadata - --metadata-format json
Capture complete. Final exposure (us): 3576
2026-01-17-17-00-01 iter1 exposure_us=3576 mean=161.15199705653134 returncode=0
2026-01-17-17-00-01 iter1 factor=1.115 new_exposure=3988
2026-01-17-17-00-13 iter2 exposure_us=3988 mean=161.54688451444974 returncode=0
2026-01-17-17-00-27 final reuse exposure_us=3988 mean=161.54688451444974
Iteration 1: running shutter 3576us -> rpicam-still --camera 0 --width 9248 --height 6944 --shutter 3576 --nopreview 1 -t 5003ms -o /media/pi/USB DISK/winter_images/rpicam_2026-01-17-17-00-01_iter1.jpg --quality 95 --metadata - --metadata-format json
Adjusting exposure: 3576 -> 3988 (factor 1.115)
Iteration 2: running shutter 3988us -> rpicam-still --camera 0 --width 9248 --height 6944 --shutter 3988 --nopreview 1 -t 5003ms -o /media/pi/USB DISK/winter_images/rpicam_2026-01-17-17-00-13_iter2.jpg --quality 95 --metadata - --metadata-format json
Mean brightness 161.54688451444974 within tolerance 5.0% of target 170.0 -> reusing image
Capture complete. Final exposure (us): 3988
2026-01-17-17-30-01 iter1 exposure_us=3988 mean=156.53928401071647 returncode=0
2026-01-17-17-30-01 iter1 factor=1.238 new_exposure=4935
2026-01-17-17-30-14 iter2 exposure_us=4935 mean=157.41749763680377 returncode=0
2026-01-17-17-30-14 iter2 factor=1.210 new_exposure=5972
2026-01-17-17-30-26 iter3 exposure_us=5972 mean=158.34944594758562 returncode=0
2026-01-17-17-30-26 iter3 factor=1.183 new_exposure=7067
2026-01-17-17-30-41 iter4 exposure_us=7067 mean=157.52463387587602 returncode=0
2026-01-17-17-30-41 iter4 factor=1.207 new_exposure=8529
2026-01-17-17-30-54 iter5 exposure_us=8529 mean=156.56374270237032 returncode=0
2026-01-17-17-30-54 iter5 factor=1.237 new_exposure=10548
2026-01-17-17-31-06 final exposure_us=10548 mean=157.78626585907728 returncode=0
Iteration 1: running shutter 3988us -> rpicam-still --camera 0 --width 9248 --height 6944 --shutter 3988 --nopreview 1 -t 5003ms -o /media/pi/USB DISK/winter_images/rpicam_2026-01-17-17-30-01_iter1.jpg --quality 95 --metadata - --metadata-format json
Adjusting exposure: 3988 -> 4935 (factor 1.238)
Iteration 2: running shutter 4935us -> rpicam-still --camera 0 --width 9248 --height 6944 --shutter 4935 --nopreview 1 -t 5004ms -o /media/pi/USB DISK/winter_images/rpicam_2026-01-17-17-30-14_iter2.jpg --quality 95 --metadata - --metadata-format json
Adjusting exposure: 4935 -> 5972 (factor 1.210)
Iteration 3: running shutter 5972us -> rpicam-still --camera 0 --width 9248 --height 6944 --shutter 5972 --nopreview 1 -t 5005ms -o /media/pi/USB DISK/winter_images/rpicam_2026-01-17-17-30-26_iter3.jpg --quality 95 --metadata - --metadata-format json
Adjusting exposure: 5972 -> 7067 (factor 1.183)
Iteration 4: running shutter 7067us -> rpicam-still --camera 0 --width 9248 --height 6944 --shutter 7067 --nopreview 1 -t 5007ms -o /media/pi/USB DISK/winter_images/rpicam_2026-01-17-17-30-41_iter4.jpg --quality 95 --metadata - --metadata-format json
Adjusting exposure: 7067 -> 8529 (factor 1.207)
Iteration 5: running shutter 8529us -> rpicam-still --camera 0 --width 9248 --height 6944 --shutter 8529 --nopreview 1 -t 5008ms -o /media/pi/USB DISK/winter_images/rpicam_2026-01-17-17-30-54_iter5.jpg --quality 95 --metadata - --metadata-format json
Adjusting exposure: 8529 -> 10548 (factor 1.237)
Final capture attempt 1: rpicam-still --camera 0 --width 9248 --height 6944 --shutter 10548 --nopreview 1 -t 5010ms -o /media/pi/USB DISK/winter_images/rpicam_2026-01-17-17-31-06_ex10548us.jpg --quality 95 --metadata - --metadata-format json
Capture complete. Final exposure (us): 10548
2026-01-17-18-00-01 iter1 exposure_us=10548 mean=25.220317688567363 returncode=0
2026-01-17-18-00-01 iter1 factor=20.000 new_exposure=210960
2026-01-17-18-00-13 iter2 exposure_us=210960 mean=145.98081983475316 returncode=0
2026-01-17-18-00-13 iter2 factor=1.579 new_exposure=333165
2026-01-17-18-00-31 iter3 exposure_us=333165 mean=140.72935278757495 returncode=0
2026-01-17-18-00-31 iter3 factor=1.763 new_exposure=587289
2026-01-17-18-00-46 iter4 exposure_us=587289 mean=136.3775114721529 returncode=0
2026-01-17-18-00-46 iter4 factor=1.937 new_exposure=1137550
2026-01-17-18-01-01 iter5 exposure_us=1137550 mean=133.76211443276316 returncode=0
2026-01-17-18-01-01 iter5 factor=2.053 new_exposure=2335167
2026-01-17-18-01-16 final exposure_us=2335167 mean=131.2348019512003 returncode=0
Iteration 1: running shutter 10548us -> rpicam-still --camera 0 --width 9248 --height 6944 --shutter 10548 --nopreview 1 -t 5010ms -o /media/pi/USB DISK/winter_images/rpicam_2026-01-17-18-00-01_iter1.jpg --quality 95 --metadata - --metadata-format json
Adjusting exposure: 10548 -> 210960 (factor 20.000)
Iteration 2: running shutter 210960us -> rpicam-still --camera 0 --width 9248 --height 6944 --shutter 210960 --nopreview 1 -t 5210ms -o /media/pi/USB DISK/winter_images/rpicam_2026-01-17-18-00-13_iter2.jpg --quality 95 --metadata - --metadata-format json
Adjusting exposure: 210960 -> 333165 (factor 1.579)
Iteration 3: running shutter 333165us -> rpicam-still --camera 0 --width 9248 --height 6944 --shutter 333165 --nopreview 1 -t 5333ms -o /media/pi/USB DISK/winter_images/rpicam_2026-01-17-18-00-31_iter3.jpg --quality 95 --metadata - --metadata-format json
Adjusting exposure: 333165 -> 587289 (factor 1.763)
Iteration 4: running shutter 587289us -> rpicam-still --camera 0 --width 9248 --height 6944 --shutter 587289 --nopreview 1 -t 5587ms -o /media/pi/USB DISK/winter_images/rpicam_2026-01-17-18-00-46_iter4.jpg --quality 95 --metadata - --metadata-format json
Adjusting exposure: 587289 -> 1137550 (factor 1.937)
Iteration 5: running shutter 1137550us -> rpicam-still --camera 0 --width 9248 --height 6944 --shutter 1137550 --nopreview 1 -t 6137ms -o /media/pi/USB DISK/winter_images/rpicam_2026-01-17-18-01-01_iter5.jpg --quality 95 --metadata - --metadata-format json
Adjusting exposure: 1137550 -> 2335167 (factor 2.053)
Final capture attempt 1: rpicam-still --camera 0 --width 9248 --height 6944 --shutter 2335167 --nopreview 1 -t 7335ms -o /media/pi/USB DISK/winter_images/rpicam_2026-01-17-18-01-16_ex2335167us.jpg --quality 95 --metadata - --metadata-format json
Capture complete. Final exposure (us): 2335167
2026-01-17-18-30-01 iter1 exposure_us=2335167 mean=33.85096880456405 returncode=0
2026-01-17-18-30-01 iter1 factor=20.000 new_exposure=46703340
2026-01-17-18-30-21 iter2 exposure_us=46703340 mean=125.30699689520614 returncode=0
2026-01-17-18-30-21 iter2 factor=2.497 new_exposure=116618846
2026-01-17-18-32-54 iter3 exposure_us=116618846 mean=187.39512184662172 returncode=0
2026-01-17-18-32-54 iter3 factor=0.750 new_exposure=87464134
2026-01-17-18-38-56 iter4 exposure_us=87464134 mean=167.83871235579147 returncode=0
2026-01-17-18-42-03 final reuse exposure_us=87464134 mean=167.83871235579147
Iteration 1: running shutter 2335167us -> rpicam-still --camera 0 --width 9248 --height 6944 --shutter 2335167 --nopreview 1 -t 7335ms -o /media/pi/USB DISK/winter_images/rpicam_2026-01-17-18-30-01_iter1.jpg --quality 95 --metadata - --metadata-format json
Adjusting exposure: 2335167 -> 46703340 (factor 20.000)
Iteration 2: running shutter 46703340us -> rpicam-still --camera 0 --width 9248 --height 6944 --shutter 46703340 --nopreview 1 -t 51703ms -o /media/pi/USB DISK/winter_images/rpicam_2026-01-17-18-30-21_iter2.jpg --quality 95 --metadata - --metadata-format json
Adjusting exposure: 46703340 -> 116618846 (factor 2.497)
Iteration 3: running shutter 116618846us -> rpicam-still --camera 0 --width 9248 --height 6944 --shutter 116618846 --nopreview 1 -t 121618ms -o /media/pi/USB DISK/winter_images/rpicam_2026-01-17-18-32-54_iter3.jpg --quality 95 --metadata - --metadata-format json
Adjusting exposure: 116618846 -> 87464134 (factor 0.750)
Iteration 4: running shutter 87464134us -> rpicam-still --camera 0 --width 9248 --height 6944 --shutter 87464134 --nopreview 1 -t 92464ms -o /media/pi/USB DISK/winter_images/rpicam_2026-01-17-18-38-56_iter4.jpg --quality 95 --metadata - --metadata-format json
Mean brightness 167.83871235579147 within tolerance 5.0% of target 170.0 -> reusing image
Capture complete. Final exposure (us): 87464134
2026-01-17-19-00-01 iter1 exposure_us=87464134 mean=155.69543558054153 returncode=0
2026-01-17-19-00-01 iter1 factor=1.266 new_exposure=110724586
2026-01-17-19-04-37 iter2 exposure_us=110724586 mean=179.62755237961528 returncode=0
2026-01-17-19-04-37 iter2 factor=0.889 new_exposure=98451515
2026-01-17-19-10-21 iter3 exposure_us=98451515 mean=184.59400016306927 returncode=0
2026-01-17-19-10-21 iter3 factor=0.781 new_exposure=76898244
2026-01-17-19-15-29 iter4 exposure_us=76898244 mean=171.79737998214586 returncode=0
2026-01-17-19-19-31 final reuse exposure_us=76898244 mean=171.79737998214586
Iteration 1: running shutter 87464134us -> rpicam-still --camera 0 --width 9248 --height 6944 --shutter 87464134 --nopreview 1 -t 92464ms -o /media/pi/USB DISK/winter_images/rpicam_2026-01-17-19-00-01_iter1.jpg --quality 95 --metadata - --metadata-format json
Adjusting exposure: 87464134 -> 110724586 (factor 1.266)
Iteration 2: running shutter 110724586us -> rpicam-still --camera 0 --width 9248 --height 6944 --shutter 110724586 --nopreview 1 -t 115724ms -o /media/pi/USB DISK/winter_images/rpicam_2026-01-17-19-04-37_iter2.jpg --quality 95 --metadata - --metadata-format json
Adjusting exposure: 110724586 -> 98451515 (factor 0.889)
Iteration 3: running shutter 98451515us -> rpicam-still --camera 0 --width 9248 --height 6944 --shutter 98451515 --nopreview 1 -t 103451ms -o /media/pi/USB DISK/winter_images/rpicam_2026-01-17-19-10-21_iter3.jpg --quality 95 --metadata - --metadata-format json
Adjusting exposure: 98451515 -> 76898244 (factor 0.781)
Iteration 4: running shutter 76898244us -> rpicam-still --camera 0 --width 9248 --height 6944 --shutter 76898244 --nopreview 1 -t 81898ms -o /media/pi/USB DISK/winter_images/rpicam_2026-01-17-19-15-29_iter4.jpg --quality 95 --metadata - --metadata-format json
Mean brightness 171.79737998214586 within tolerance 5.0% of target 170.0 -> reusing image
Capture complete. Final exposure (us): 76898244
2026-01-17-19-30-01 iter1 exposure_us=76898244 mean=183.36838878103424 returncode=0
2026-01-17-19-30-01 iter1 factor=0.797 new_exposure=61275911
2026-01-17-19-34-04 iter2 exposure_us=61275911 mean=168.70724494360718 returncode=0
2026-01-17-19-37-20 final reuse exposure_us=61275911 mean=168.70724494360718
Iteration 1: running shutter 76898244us -> rpicam-still --camera 0 --width 9248 --height 6944 --shutter 76898244 --nopreview 1 -t 81898ms -o /media/pi/USB DISK/winter_images/rpicam_2026-01-17-19-30-01_iter1.jpg --quality 95 --metadata - --metadata-format json
Adjusting exposure: 76898244 -> 61275911 (factor 0.797)
Iteration 2: running shutter 61275911us -> rpicam-still --camera 0 --width 9248 --height 6944 --shutter 61275911 --nopreview 1 -t 66275ms -o /media/pi/USB DISK/winter_images/rpicam_2026-01-17-19-34-04_iter2.jpg --quality 95 --metadata - --metadata-format json
Mean brightness 168.70724494360718 within tolerance 5.0% of target 170.0 -> reusing image
Capture complete. Final exposure (us): 61275911
2026-01-17-20-00-02 iter1 exposure_us=61275911 mean=199.3399977096804 returncode=0
2026-01-17-20-00-02 iter1 factor=0.620 new_exposure=38006090
2026-01-17-20-03-18 iter2 exposure_us=38006090 mean=168.9635548768547 returncode=0
2026-01-17-20-05-26 final reuse exposure_us=38006090 mean=168.9635548768547
Iteration 1: running shutter 61275911us -> rpicam-still --camera 0 --width 9248 --height 6944 --shutter 61275911 --nopreview 1 -t 66275ms -o /media/pi/USB DISK/winter_images/rpicam_2026-01-17-20-00-02_iter1.jpg --quality 95 --metadata - --metadata-format json
Adjusting exposure: 61275911 -> 38006090 (factor 0.620)
Iteration 2: running shutter 38006090us -> rpicam-still --camera 0 --width 9248 --height 6944 --shutter 38006090 --nopreview 1 -t 43006ms -o /media/pi/USB DISK/winter_images/rpicam_2026-01-17-20-03-18_iter2.jpg --quality 95 --metadata - --metadata-format json
Mean brightness 168.9635548768547 within tolerance 5.0% of target 170.0 -> reusing image
Capture complete. Final exposure (us): 38006090
2026-01-17-20-30-01 iter1 exposure_us=38006090 mean=177.10577204449734 returncode=0
2026-01-17-20-32-07 final reuse exposure_us=38006090 mean=177.10577204449734
Iteration 1: running shutter 38006090us -> rpicam-still --camera 0 --width 9248 --height 6944 --shutter 38006090 --nopreview 1 -t 43006ms -o /media/pi/USB DISK/winter_images/rpicam_2026-01-17-20-30-01_iter1.jpg --quality 95 --metadata - --metadata-format json
Mean brightness 177.10577204449734 within tolerance 5.0% of target 170.0 -> reusing image
Capture complete. Final exposure (us): 38006090
2026-01-17-21-00-01 iter1 exposure_us=38006090 mean=172.71821606963468 returncode=0
2026-01-17-21-02-07 final reuse exposure_us=38006090 mean=172.71821606963468
Iteration 1: running shutter 38006090us -> rpicam-still --camera 0 --width 9248 --height 6944 --shutter 38006090 --nopreview 1 -t 43006ms -o /media/pi/USB DISK/winter_images/rpicam_2026-01-17-21-00-01_iter1.jpg --quality 95 --metadata - --metadata-format json
Mean brightness 172.71821606963468 within tolerance 5.0% of target 170.0 -> reusing image
Capture complete. Final exposure (us): 38006090
2026-01-17-21-30-01 iter1 exposure_us=38006090 mean=173.29849711246572 returncode=0
2026-01-17-21-32-07 final reuse exposure_us=38006090 mean=173.29849711246572
Iteration 1: running shutter 38006090us -> rpicam-still --camera 0 --width 9248 --height 6944 --shutter 38006090 --nopreview 1 -t 43006ms -o /media/pi/USB DISK/winter_images/rpicam_2026-01-17-21-30-01_iter1.jpg --quality 95 --metadata - --metadata-format json
Mean brightness 173.29849711246572 within tolerance 5.0% of target 170.0 -> reusing image
Capture complete. Final exposure (us): 38006090
2026-01-17-22-00-01 iter1 exposure_us=38006090 mean=174.9966918055766 returncode=0
2026-01-17-22-02-07 final reuse exposure_us=38006090 mean=174.9966918055766
Iteration 1: running shutter 38006090us -> rpicam-still --camera 0 --width 9248 --height 6944 --shutter 38006090 --nopreview 1 -t 43006ms -o /media/pi/USB DISK/winter_images/rpicam_2026-01-17-22-00-01_iter1.jpg --quality 95 --metadata - --metadata-format json
Mean brightness 174.9966918055766 within tolerance 5.0% of target 170.0 -> reusing image
Capture complete. Final exposure (us): 38006090
2026-01-17-22-30-01 iter1 exposure_us=38006090 mean=179.7276955448332 returncode=0
2026-01-17-22-30-01 iter1 factor=0.888 new_exposure=33731107
2026-01-17-22-32-08 iter2 exposure_us=33731107 mean=171.24834571592513 returncode=0
2026-01-17-22-34-03 final reuse exposure_us=33731107 mean=171.24834571592513
Iteration 1: running shutter 38006090us -> rpicam-still --camera 0 --width 9248 --height 6944 --shutter 38006090 --nopreview 1 -t 43006ms -o /media/pi/USB DISK/winter_images/rpicam_2026-01-17-22-30-01_iter1.jpg --quality 95 --metadata - --metadata-format json
Adjusting exposure: 38006090 -> 33731107 (factor 0.888)
Iteration 2: running shutter 33731107us -> rpicam-still --camera 0 --width 9248 --height 6944 --shutter 33731107 --nopreview 1 -t 38731ms -o /media/pi/USB DISK/winter_images/rpicam_2026-01-17-22-32-08_iter2.jpg --quality 95 --metadata - --metadata-format json
Mean brightness 171.24834571592513 within tolerance 5.0% of target 170.0 -> reusing image
Capture complete. Final exposure (us): 33731107
2026-01-17-23-00-01 iter1 exposure_us=33731107 mean=154.8192974904027 returncode=0
2026-01-17-23-00-01 iter1 factor=1.298 new_exposure=43773085
2026-01-17-23-01-57 iter2 exposure_us=43773085 mean=169.3736497267313 returncode=0
2026-01-17-23-04-20 final reuse exposure_us=43773085 mean=169.3736497267313
Iteration 1: running shutter 33731107us -> rpicam-still --camera 0 --width 9248 --height 6944 --shutter 33731107 --nopreview 1 -t 38731ms -o /media/pi/USB DISK/winter_images/rpicam_2026-01-17-23-00-01_iter1.jpg --quality 95 --metadata - --metadata-format json
Adjusting exposure: 33731107 -> 43773085 (factor 1.298)
Iteration 2: running shutter 43773085us -> rpicam-still --camera 0 --width 9248 --height 6944 --shutter 43773085 --nopreview 1 -t 48773ms -o /media/pi/USB DISK/winter_images/rpicam_2026-01-17-23-01-57_iter2.jpg --quality 95 --metadata - --metadata-format json
Mean brightness 169.3736497267313 within tolerance 5.0% of target 170.0 -> reusing image
Capture complete. Final exposure (us): 43773085
2026-01-17-23-30-01 iter1 exposure_us=43773085 mean=174.5085332779637 returncode=0
2026-01-17-23-32-26 final reuse exposure_us=43773085 mean=174.5085332779637
Iteration 1: running shutter 43773085us -> rpicam-still --camera 0 --width 9248 --height 6944 --shutter 43773085 --nopreview 1 -t 48773ms -o /media/pi/USB DISK/winter_images/rpicam_2026-01-17-23-30-01_iter1.jpg --quality 95 --metadata - --metadata-format json
Mean brightness 174.5085332779637 within tolerance 5.0% of target 170.0 -> reusing image
Capture complete. Final exposure (us): 43773085
2026-01-18-00-00-01 iter1 exposure_us=43773085 mean=175.29093268889625 returncode=0
2026-01-18-00-02-26 final reuse exposure_us=43773085 mean=175.29093268889625
Iteration 1: running shutter 43773085us -> rpicam-still --camera 0 --width 9248 --height 6944 --shutter 43773085 --nopreview 1 -t 48773ms -o /media/pi/USB DISK/winter_images/rpicam_2026-01-18-00-00-01_iter1.jpg --quality 95 --metadata - --metadata-format json
Mean brightness 175.29093268889625 within tolerance 5.0% of target 170.0 -> reusing image
Capture complete. Final exposure (us): 43773085
2026-01-18-00-30-01 iter1 exposure_us=43773085 mean=183.148016107979 returncode=0
2026-01-18-00-30-01 iter1 factor=0.800 new_exposure=35006385
2026-01-18-00-32-24 iter2 exposure_us=35006385 mean=169.150708416965 returncode=0
2026-01-18-00-34-22 final reuse exposure_us=35006385 mean=169.150708416965
Iteration 1: running shutter 43773085us -> rpicam-still --camera 0 --width 9248 --height 6944 --shutter 43773085 --nopreview 1 -t 48773ms -o /media/pi/USB DISK/winter_images/rpicam_2026-01-18-00-30-01_iter1.jpg --quality 95 --metadata - --metadata-format json
Adjusting exposure: 43773085 -> 35006385 (factor 0.800)
Iteration 2: running shutter 35006385us -> rpicam-still --camera 0 --width 9248 --height 6944 --shutter 35006385 --nopreview 1 -t 40006ms -o /media/pi/USB DISK/winter_images/rpicam_2026-01-18-00-32-24_iter2.jpg --quality 95 --metadata - --metadata-format json
Mean brightness 169.150708416965 within tolerance 5.0% of target 170.0 -> reusing image
Capture complete. Final exposure (us): 35006385
2026-01-18-01-00-02 iter1 exposure_us=35006385 mean=173.18792461541068 returncode=0
2026-01-18-01-01-58 final reuse exposure_us=35006385 mean=173.18792461541068
Iteration 1: running shutter 35006385us -> rpicam-still --camera 0 --width 9248 --height 6944 --shutter 35006385 --nopreview 1 -t 40006ms -o /media/pi/USB DISK/winter_images/rpicam_2026-01-18-01-00-02_iter1.jpg --quality 95 --metadata - --metadata-format json
Mean brightness 173.18792461541068 within tolerance 5.0% of target 170.0 -> reusing image
Capture complete. Final exposure (us): 35006385
2026-01-18-01-30-01 iter1 exposure_us=35006385 mean=166.87624075587897 returncode=0
2026-01-18-01-32-00 final reuse exposure_us=35006385 mean=166.87624075587897
Iteration 1: running shutter 35006385us -> rpicam-still --camera 0 --width 9248 --height 6944 --shutter 35006385 --nopreview 1 -t 40006ms -o /media/pi/USB DISK/winter_images/rpicam_2026-01-18-01-30-01_iter1.jpg --quality 95 --metadata - --metadata-format json
Mean brightness 166.87624075587897 within tolerance 5.0% of target 170.0 -> reusing image
Capture complete. Final exposure (us): 35006385
2026-01-18-02-00-01 iter1 exposure_us=35006385 mean=171.34828910884207 returncode=0
2026-01-18-02-01-58 final reuse exposure_us=35006385 mean=171.34828910884207
Iteration 1: running shutter 35006385us -> rpicam-still --camera 0 --width 9248 --height 6944 --shutter 35006385 --nopreview 1 -t 40006ms -o /media/pi/USB DISK/winter_images/rpicam_2026-01-18-02-00-01_iter1.jpg --quality 95 --metadata - --metadata-format json
Mean brightness 171.34828910884207 within tolerance 5.0% of target 170.0 -> reusing image
Capture complete. Final exposure (us): 35006385
2026-01-18-02-30-01 iter1 exposure_us=35006385 mean=171.71736286797096 returncode=0
2026-01-18-02-32-00 final reuse exposure_us=35006385 mean=171.71736286797096
Iteration 1: running shutter 35006385us -> rpicam-still --camera 0 --width 9248 --height 6944 --shutter 35006385 --nopreview 1 -t 40006ms -o /media/pi/USB DISK/winter_images/rpicam_2026-01-18-02-30-01_iter1.jpg --quality 95 --metadata - --metadata-format json
Mean brightness 171.71736286797096 within tolerance 5.0% of target 170.0 -> reusing image
Capture complete. Final exposure (us): 35006385
2026-01-18-03-00-01 iter1 exposure_us=35006385 mean=171.43742771509696 returncode=0
2026-01-18-03-01-58 final reuse exposure_us=35006385 mean=171.43742771509696
Iteration 1: running shutter 35006385us -> rpicam-still --camera 0 --width 9248 --height 6944 --shutter 35006385 --nopreview 1 -t 40006ms -o /media/pi/USB DISK/winter_images/rpicam_2026-01-18-03-00-01_iter1.jpg --quality 95 --metadata - --metadata-format json
Mean brightness 171.43742771509696 within tolerance 5.0% of target 170.0 -> reusing image
Capture complete. Final exposure (us): 35006385
2026-01-18-03-30-01 iter1 exposure_us=35006385 mean=170.28322881868593 returncode=0
2026-01-18-03-31-24 final reuse exposure_us=35006385 mean=170.28322881868593
Iteration 1: running shutter 35006385us -> rpicam-still --camera 0 --width 9248 --height 6944 --shutter 35006385 --nopreview 1 -t 40006ms -o /media/pi/USB DISK/winter_images/rpicam_2026-01-18-03-30-01_iter1.jpg --quality 95 --metadata - --metadata-format json
Mean brightness 170.28322881868593 within tolerance 5.0% of target 170.0 -> reusing image
Capture complete. Final exposure (us): 35006385
2026-01-18-04-00-01 iter1 exposure_us=35006385 mean=170.32919035364975 returncode=0
2026-01-18-04-01-25 final reuse exposure_us=35006385 mean=170.32919035364975
Iteration 1: running shutter 35006385us -> rpicam-still --camera 0 --width 9248 --height 6944 --shutter 35006385 --nopreview 1 -t 40006ms -o /media/pi/USB DISK/winter_images/rpicam_2026-01-18-04-00-01_iter1.jpg --quality 95 --metadata - --metadata-format json
Mean brightness 170.32919035364975 within tolerance 5.0% of target 170.0 -> reusing image
Capture complete. Final exposure (us): 35006385
2026-01-18-04-30-01 iter1 exposure_us=35006385 mean=171.1630942061953 returncode=0
2026-01-18-04-31-59 final reuse exposure_us=35006385 mean=171.1630942061953
Iteration 1: running shutter 35006385us -> rpicam-still --camera 0 --width 9248 --height 6944 --shutter 35006385 --nopreview 1 -t 40006ms -o /media/pi/USB DISK/winter_images/rpicam_2026-01-18-04-30-01_iter1.jpg --quality 95 --metadata - --metadata-format json
Mean brightness 171.1630942061953 within tolerance 5.0% of target 170.0 -> reusing image
Capture complete. Final exposure (us): 35006385
2026-01-18-05-00-01 iter1 exposure_us=35006385 mean=170.97129303645676 returncode=0
2026-01-18-05-02-00 final reuse exposure_us=35006385 mean=170.97129303645676
Iteration 1: running shutter 35006385us -> rpicam-still --camera 0 --width 9248 --height 6944 --shutter 35006385 --nopreview 1 -t 40006ms -o /media/pi/USB DISK/winter_images/rpicam_2026-01-18-05-00-01_iter1.jpg --quality 95 --metadata - --metadata-format json
Mean brightness 170.97129303645676 within tolerance 5.0% of target 170.0 -> reusing image
Capture complete. Final exposure (us): 35006385
2026-01-18-05-30-01 iter1 exposure_us=35006385 mean=170.473749477406 returncode=0
2026-01-18-05-31-58 final reuse exposure_us=35006385 mean=170.473749477406
Iteration 1: running shutter 35006385us -> rpicam-still --camera 0 --width 9248 --height 6944 --shutter 35006385 --nopreview 1 -t 40006ms -o /media/pi/USB DISK/winter_images/rpicam_2026-01-18-05-30-01_iter1.jpg --quality 95 --metadata - --metadata-format json
Mean brightness 170.473749477406 within tolerance 5.0% of target 170.0 -> reusing image
Capture complete. Final exposure (us): 35006385
2026-01-18-06-00-01 iter1 exposure_us=35006385 mean=171.62810728537144 returncode=0
2026-01-18-06-02-00 final reuse exposure_us=35006385 mean=171.62810728537144
Iteration 1: running shutter 35006385us -> rpicam-still --camera 0 --width 9248 --height 6944 --shutter 35006385 --nopreview 1 -t 40006ms -o /media/pi/USB DISK/winter_images/rpicam_2026-01-18-06-00-01_iter1.jpg --quality 95 --metadata - --metadata-format json
Mean brightness 171.62810728537144 within tolerance 5.0% of target 170.0 -> reusing image
Capture complete. Final exposure (us): 35006385
2026-01-18-06-30-01 iter1 exposure_us=35006385 mean=172.69936545316062 returncode=0
2026-01-18-06-32-00 final reuse exposure_us=35006385 mean=172.69936545316062
Iteration 1: running shutter 35006385us -> rpicam-still --camera 0 --width 9248 --height 6944 --shutter 35006385 --nopreview 1 -t 40006ms -o /media/pi/USB DISK/winter_images/rpicam_2026-01-18-06-30-01_iter1.jpg --quality 95 --metadata - --metadata-format json
Mean brightness 172.69936545316062 within tolerance 5.0% of target 170.0 -> reusing image
Capture complete. Final exposure (us): 35006385
2026-01-18-07-00-01 iter1 exposure_us=35006385 mean=171.60549397652798 returncode=0
2026-01-18-07-01-58 final reuse exposure_us=35006385 mean=171.60549397652798
Iteration 1: running shutter 35006385us -> rpicam-still --camera 0 --width 9248 --height 6944 --shutter 35006385 --nopreview 1 -t 40006ms -o /media/pi/USB DISK/winter_images/rpicam_2026-01-18-07-00-01_iter1.jpg --quality 95 --metadata - --metadata-format json
Mean brightness 171.60549397652798 within tolerance 5.0% of target 170.0 -> reusing image
Capture complete. Final exposure (us): 35006385
2026-01-18-07-30-01 iter1 exposure_us=35006385 mean=180.3522870619429 returncode=0
2026-01-18-07-30-01 iter1 factor=0.837 new_exposure=29317644
2026-01-18-07-32-00 iter2 exposure_us=29317644 mean=173.59723819037222 returncode=0
2026-01-18-07-33-42 final reuse exposure_us=29317644 mean=173.59723819037222
Iteration 1: running shutter 35006385us -> rpicam-still --camera 0 --width 9248 --height 6944 --shutter 35006385 --nopreview 1 -t 40006ms -o /media/pi/USB DISK/winter_images/rpicam_2026-01-18-07-30-01_iter1.jpg --quality 95 --metadata - --metadata-format json
Adjusting exposure: 35006385 -> 29317644 (factor 0.837)
Iteration 2: running shutter 29317644us -> rpicam-still --camera 0 --width 9248 --height 6944 --shutter 29317644 --nopreview 1 -t 34317ms -o /media/pi/USB DISK/winter_images/rpicam_2026-01-18-07-32-00_iter2.jpg --quality 95 --metadata - --metadata-format json
Mean brightness 173.59723819037222 within tolerance 5.0% of target 170.0 -> reusing image
Capture complete. Final exposure (us): 29317644
2026-01-18-08-00-02 iter1 exposure_us=29317644 mean=252.96161098600967 returncode=0
2026-01-18-08-00-02 iter1 factor=0.050 new_exposure=1465882 [saturated]
2026-01-18-08-01-40 iter2 exposure_us=1465882 mean=215.38479365447554 returncode=0
2026-01-18-08-01-40 iter2 factor=0.492 new_exposure=720777
2026-01-18-08-01-56 iter3 exposure_us=720777 mean=179.34478073724745 returncode=0
2026-01-18-08-01-56 iter3 factor=0.894 new_exposure=644186
2026-01-18-08-02-12 iter4 exposure_us=644186 mean=173.97005709230442 returncode=0
2026-01-18-08-02-26 final reuse exposure_us=644186 mean=173.97005709230442
Iteration 1: running shutter 29317644us -> rpicam-still --camera 0 --width 9248 --height 6944 --shutter 29317644 --nopreview 1 -t 34317ms -o /media/pi/USB DISK/winter_images/rpicam_2026-01-18-08-00-02_iter1.jpg --quality 95 --metadata - --metadata-format json
Adjusting exposure (saturated): 29317644 -> 1465882 (factor 0.050)
Iteration 2: running shutter 1465882us -> rpicam-still --camera 0 --width 9248 --height 6944 --shutter 1465882 --nopreview 1 -t 6465ms -o /media/pi/USB DISK/winter_images/rpicam_2026-01-18-08-01-40_iter2.jpg --quality 95 --metadata - --metadata-format json
Adjusting exposure: 1465882 -> 720777 (factor 0.492)
Iteration 3: running shutter 720777us -> rpicam-still --camera 0 --width 9248 --height 6944 --shutter 720777 --nopreview 1 -t 5720ms -o /media/pi/USB DISK/winter_images/rpicam_2026-01-18-08-01-56_iter3.jpg --quality 95 --metadata - --metadata-format json
Adjusting exposure: 720777 -> 644186 (factor 0.894)
Iteration 4: running shutter 644186us -> rpicam-still --camera 0 --width 9248 --height 6944 --shutter 644186 --nopreview 1 -t 5644ms -o /media/pi/USB DISK/winter_images/rpicam_2026-01-18-08-02-12_iter4.jpg --quality 95 --metadata - --metadata-format json
Mean brightness 173.97005709230442 within tolerance 5.0% of target 170.0 -> reusing image
Capture complete. Final exposure (us): 644186
2026-01-18-08-30-01 iter1 exposure_us=644186 mean=252.95478627587184 returncode=0
2026-01-18-08-30-01 iter1 factor=0.050 new_exposure=32209 [saturated]
2026-01-18-08-30-14 iter2 exposure_us=32209 mean=173.40666880708048 returncode=0
2026-01-18-08-30-30 final reuse exposure_us=32209 mean=173.40666880708048
Iteration 1: running shutter 644186us -> rpicam-still --camera 0 --width 9248 --height 6944 --shutter 644186 --nopreview 1 -t 5644ms -o /media/pi/USB DISK/winter_images/rpicam_2026-01-18-08-30-01_iter1.jpg --quality 95 --metadata - --metadata-format json
Adjusting exposure (saturated): 644186 -> 32209 (factor 0.050)
Iteration 2: running shutter 32209us -> rpicam-still --camera 0 --width 9248 --height 6944 --shutter 32209 --nopreview 1 -t 5032ms -o /media/pi/USB DISK/winter_images/rpicam_2026-01-18-08-30-14_iter2.jpg --quality 95 --metadata - --metadata-format json
Mean brightness 173.40666880708048 within tolerance 5.0% of target 170.0 -> reusing image
Capture complete. Final exposure (us): 32209
2026-01-18-09-00-02 iter1 exposure_us=32209 mean=223.88945640444865 returncode=0
2026-01-18-09-00-02 iter1 factor=0.438 new_exposure=14100
2026-01-18-09-00-15 iter2 exposure_us=14100 mean=187.34133853078708 returncode=0
2026-01-18-09-00-15 iter2 factor=0.747 new_exposure=10536
2026-01-18-09-00-27 iter3 exposure_us=10536 mean=175.57306521250578 returncode=0
2026-01-18-09-00-41 final reuse exposure_us=10536 mean=175.57306521250578
Iteration 1: running shutter 32209us -> rpicam-still --camera 0 --width 9248 --height 6944 --shutter 32209 --nopreview 1 -t 5032ms -o /media/pi/USB DISK/winter_images/rpicam_2026-01-18-09-00-02_iter1.jpg --quality 95 --metadata - --metadata-format json
Adjusting exposure: 32209 -> 14100 (factor 0.438)
Iteration 2: running shutter 14100us -> rpicam-still --camera 0 --width 9248 --height 6944 --shutter 14100 --nopreview 1 -t 5014ms -o /media/pi/USB DISK/winter_images/rpicam_2026-01-18-09-00-15_iter2.jpg --quality 95 --metadata - --metadata-format json
Adjusting exposure: 14100 -> 10536 (factor 0.747)
Iteration 3: running shutter 10536us -> rpicam-still --camera 0 --width 9248 --height 6944 --shutter 10536 --nopreview 1 -t 5010ms -o /media/pi/USB DISK/winter_images/rpicam_2026-01-18-09-00-27_iter3.jpg --quality 95 --metadata - --metadata-format json
Mean brightness 175.57306521250578 within tolerance 5.0% of target 170.0 -> reusing image
Capture complete. Final exposure (us): 10536
2026-01-18-09-30-01 iter1 exposure_us=10536 mean=250.24928974866157 returncode=0
2026-01-18-09-30-01 iter1 factor=0.050 new_exposure=527 [saturated]
2026-01-18-09-30-12 iter2 exposure_us=527 mean=165.09684454753202 returncode=0
2026-01-18-09-30-26 final reuse exposure_us=527 mean=165.09684454753202
Iteration 1: running shutter 10536us -> rpicam-still --camera 0 --width 9248 --height 6944 --shutter 10536 --nopreview 1 -t 5010ms -o /media/pi/USB DISK/winter_images/rpicam_2026-01-18-09-30-01_iter1.jpg --quality 95 --metadata - --metadata-format json
Adjusting exposure (saturated): 10536 -> 527 (factor 0.050)
Iteration 2: running shutter 527us -> rpicam-still --camera 0 --width 9248 --height 6944 --shutter 527 --nopreview 1 -t 5000ms -o /media/pi/USB DISK/winter_images/rpicam_2026-01-18-09-30-12_iter2.jpg --quality 95 --metadata - --metadata-format json
Mean brightness 165.09684454753202 within tolerance 5.0% of target 170.0 -> reusing image
Capture complete. Final exposure (us): 527
2026-01-18-10-00-01 iter1 exposure_us=527 mean=165.08554807715305 returncode=0
2026-01-18-10-00-16 final reuse exposure_us=527 mean=165.08554807715305
Iteration 1: running shutter 527us -> rpicam-still --camera 0 --width 9248 --height 6944 --shutter 527 --nopreview 1 -t 5000ms -o /media/pi/USB DISK/winter_images/rpicam_2026-01-18-10-00-01_iter1.jpg --quality 95 --metadata - --metadata-format json
Mean brightness 165.08554807715305 within tolerance 5.0% of target 170.0 -> reusing image
Capture complete. Final exposure (us): 527
2026-01-18-10-30-01 iter1 exposure_us=527 mean=171.89903719062934 returncode=0
2026-01-18-10-30-13 final reuse exposure_us=527 mean=171.89903719062934
Iteration 1: running shutter 527us -> rpicam-still --camera 0 --width 9248 --height 6944 --shutter 527 --nopreview 1 -t 5000ms -o /media/pi/USB DISK/winter_images/rpicam_2026-01-18-10-30-01_iter1.jpg --quality 95 --metadata - --metadata-format json
Mean brightness 171.89903719062934 within tolerance 5.0% of target 170.0 -> reusing image
Capture complete. Final exposure (us): 527
2026-01-18-11-00-01 iter1 exposure_us=527 mean=167.6363522490353 returncode=0
2026-01-18-11-00-15 final reuse exposure_us=527 mean=167.6363522490353
Iteration 1: running shutter 527us -> rpicam-still --camera 0 --width 9248 --height 6944 --shutter 527 --nopreview 1 -t 5000ms -o /media/pi/USB DISK/winter_images/rpicam_2026-01-18-11-00-01_iter1.jpg --quality 95 --metadata - --metadata-format json
Mean brightness 167.6363522490353 within tolerance 5.0% of target 170.0 -> reusing image
Capture complete. Final exposure (us): 527
2026-01-18-11-30-01 iter1 exposure_us=527 mean=171.40858594534825 returncode=0
2026-01-18-11-30-13 final reuse exposure_us=527 mean=171.40858594534825
Iteration 1: running shutter 527us -> rpicam-still --camera 0 --width 9248 --height 6944 --shutter 527 --nopreview 1 -t 5000ms -o /media/pi/USB DISK/winter_images/rpicam_2026-01-18-11-30-01_iter1.jpg --quality 95 --metadata - --metadata-format json
Mean brightness 171.40858594534825 within tolerance 5.0% of target 170.0 -> reusing image
Capture complete. Final exposure (us): 527
2026-01-18-12-00-01 iter1 exposure_us=527 mean=158.96565962574545 returncode=0
2026-01-18-12-00-01 iter1 factor=1.167 new_exposure=615
2026-01-18-12-00-19 iter2 exposure_us=615 mean=162.13736612188163 returncode=0
2026-01-18-12-00-34 final reuse exposure_us=615 mean=162.13736612188163
Iteration 1: running shutter 527us -> rpicam-still --camera 0 --width 9248 --height 6944 --shutter 527 --nopreview 1 -t 5000ms -o /media/pi/USB DISK/winter_images/rpicam_2026-01-18-12-00-01_iter1.jpg --quality 95 --metadata - --metadata-format json
Adjusting exposure: 527 -> 615 (factor 1.167)
Iteration 2: running shutter 615us -> rpicam-still --camera 0 --width 9248 --height 6944 --shutter 615 --nopreview 1 -t 5000ms -o /media/pi/USB DISK/winter_images/rpicam_2026-01-18-12-00-19_iter2.jpg --quality 95 --metadata - --metadata-format json
Mean brightness 162.13736612188163 within tolerance 5.0% of target 170.0 -> reusing image
Capture complete. Final exposure (us): 615
2026-01-18-12-30-01 iter1 exposure_us=615 mean=164.77136945415026 returncode=0
2026-01-18-12-30-15 final reuse exposure_us=615 mean=164.77136945415026
Iteration 1: running shutter 615us -> rpicam-still --camera 0 --width 9248 --height 6944 --shutter 615 --nopreview 1 -t 5000ms -o /media/pi/USB DISK/winter_images/rpicam_2026-01-18-12-30-01_iter1.jpg --quality 95 --metadata - --metadata-format json
Mean brightness 164.77136945415026 within tolerance 5.0% of target 170.0 -> reusing image
Capture complete. Final exposure (us): 615
2026-01-18-13-00-01 iter1 exposure_us=615 mean=167.06096163337844 returncode=0
2026-01-18-13-00-13 final reuse exposure_us=615 mean=167.06096163337844
Iteration 1: running shutter 615us -> rpicam-still --camera 0 --width 9248 --height 6944 --shutter 615 --nopreview 1 -t 5000ms -o /media/pi/USB DISK/winter_images/rpicam_2026-01-18-13-00-01_iter1.jpg --quality 95 --metadata - --metadata-format json
Mean brightness 167.06096163337844 within tolerance 5.0% of target 170.0 -> reusing image
Capture complete. Final exposure (us): 615
2026-01-18-13-30-01 iter1 exposure_us=615 mean=171.9297800439851 returncode=0
2026-01-18-13-30-13 final reuse exposure_us=615 mean=171.9297800439851
Iteration 1: running shutter 615us -> rpicam-still --camera 0 --width 9248 --height 6944 --shutter 615 --nopreview 1 -t 5000ms -o /media/pi/USB DISK/winter_images/rpicam_2026-01-18-13-30-01_iter1.jpg --quality 95 --metadata - --metadata-format json
Mean brightness 171.9297800439851 within tolerance 5.0% of target 170.0 -> reusing image
Capture complete. Final exposure (us): 615
2026-01-18-14-00-01 iter1 exposure_us=615 mean=172.5218406296342 returncode=0
2026-01-18-14-00-15 final reuse exposure_us=615 mean=172.5218406296342
Iteration 1: running shutter 615us -> rpicam-still --camera 0 --width 9248 --height 6944 --shutter 615 --nopreview 1 -t 5000ms -o /media/pi/USB DISK/winter_images/rpicam_2026-01-18-14-00-01_iter1.jpg --quality 95 --metadata - --metadata-format json
Mean brightness 172.5218406296342 within tolerance 5.0% of target 170.0 -> reusing image
Capture complete. Final exposure (us): 615
2026-01-18-14-30-01 iter1 exposure_us=615 mean=179.44162611009182 returncode=0
2026-01-18-14-30-01 iter1 factor=0.892 new_exposure=549
2026-01-18-14-30-16 iter2 exposure_us=549 mean=178.15923323937022 returncode=0
2026-01-18-14-30-27 final reuse exposure_us=549 mean=178.15923323937022
Iteration 1: running shutter 615us -> rpicam-still --camera 0 --width 9248 --height 6944 --shutter 615 --nopreview 1 -t 5000ms -o /media/pi/USB DISK/winter_images/rpicam_2026-01-18-14-30-01_iter1.jpg --quality 95 --metadata - --metadata-format json
Adjusting exposure: 615 -> 549 (factor 0.892)
Iteration 2: running shutter 549us -> rpicam-still --camera 0 --width 9248 --height 6944 --shutter 549 --nopreview 1 -t 5000ms -o /media/pi/USB DISK/winter_images/rpicam_2026-01-18-14-30-16_iter2.jpg --quality 95 --metadata - --metadata-format json
Mean brightness 178.15923323937022 within tolerance 5.0% of target 170.0 -> reusing image
Capture complete. Final exposure (us): 549
2026-01-18-15-00-02 iter1 exposure_us=549 mean=175.92314439265982 returncode=0
2026-01-18-15-00-15 final reuse exposure_us=549 mean=175.92314439265982
Iteration 1: running shutter 549us -> rpicam-still --camera 0 --width 9248 --height 6944 --shutter 549 --nopreview 1 -t 5000ms -o /media/pi/USB DISK/winter_images/rpicam_2026-01-18-15-00-02_iter1.jpg --quality 95 --metadata - --metadata-format json
Mean brightness 175.92314439265982 within tolerance 5.0% of target 170.0 -> reusing image
Capture complete. Final exposure (us): 549
2026-01-18-15-30-01 iter1 exposure_us=549 mean=168.8083808972771 returncode=0
2026-01-18-15-30-15 final reuse exposure_us=549 mean=168.8083808972771
Iteration 1: running shutter 549us -> rpicam-still --camera 0 --width 9248 --height 6944 --shutter 549 --nopreview 1 -t 5000ms -o /media/pi/USB DISK/winter_images/rpicam_2026-01-18-15-30-01_iter1.jpg --quality 95 --metadata - --metadata-format json
Mean brightness 168.8083808972771 within tolerance 5.0% of target 170.0 -> reusing image
Capture complete. Final exposure (us): 549
2026-01-18-16-00-01 iter1 exposure_us=549 mean=177.5908897944555 returncode=0
2026-01-18-16-00-15 final reuse exposure_us=549 mean=177.5908897944555
Iteration 1: running shutter 549us -> rpicam-still --camera 0 --width 9248 --height 6944 --shutter 549 --nopreview 1 -t 5000ms -o /media/pi/USB DISK/winter_images/rpicam_2026-01-18-16-00-01_iter1.jpg --quality 95 --metadata - --metadata-format json
Mean brightness 177.5908897944555 within tolerance 5.0% of target 170.0 -> reusing image
Capture complete. Final exposure (us): 549
2026-01-18-16-30-01 iter1 exposure_us=549 mean=176.55871600522917 returncode=0
2026-01-18-16-30-14 final reuse exposure_us=549 mean=176.55871600522917
Iteration 1: running shutter 549us -> rpicam-still --camera 0 --width 9248 --height 6944 --shutter 549 --nopreview 1 -t 5000ms -o /media/pi/USB DISK/winter_images/rpicam_2026-01-18-16-30-01_iter1.jpg --quality 95 --metadata - --metadata-format json
Mean brightness 176.55871600522917 within tolerance 5.0% of target 170.0 -> reusing image
Capture complete. Final exposure (us): 549
2026-01-18-17-00-01 iter1 exposure_us=549 mean=124.06053371671842 returncode=0
2026-01-18-17-00-01 iter1 factor=2.573 new_exposure=1413
2026-01-18-17-00-14 iter2 exposure_us=1413 mean=171.9689522949538 returncode=0
2026-01-18-17-00-26 final reuse exposure_us=1413 mean=171.9689522949538
Iteration 1: running shutter 549us -> rpicam-still --camera 0 --width 9248 --height 6944 --shutter 549 --nopreview 1 -t 5000ms -o /media/pi/USB DISK/winter_images/rpicam_2026-01-18-17-00-01_iter1.jpg --quality 95 --metadata - --metadata-format json
Adjusting exposure: 549 -> 1413 (factor 2.573)
Iteration 2: running shutter 1413us -> rpicam-still --camera 0 --width 9248 --height 6944 --shutter 1413 --nopreview 1 -t 5001ms -o /media/pi/USB DISK/winter_images/rpicam_2026-01-18-17-00-14_iter2.jpg --quality 95 --metadata - --metadata-format json
Mean brightness 171.9689522949538 within tolerance 5.0% of target 170.0 -> reusing image
Capture complete. Final exposure (us): 1413
2026-01-18-17-30-01 iter1 exposure_us=1413 mean=92.39643057397888 returncode=0
2026-01-18-17-30-01 iter1 factor=6.228 new_exposure=8801
2026-01-18-17-30-16 iter2 exposure_us=8801 mean=173.37005711099076 returncode=0
2026-01-18-17-30-29 final reuse exposure_us=8801 mean=173.37005711099076
Iteration 1: running shutter 1413us -> rpicam-still --camera 0 --width 9248 --height 6944 --shutter 1413 --nopreview 1 -t 5001ms -o /media/pi/USB DISK/winter_images/rpicam_2026-01-18-17-30-01_iter1.jpg --quality 95 --metadata - --metadata-format json
Adjusting exposure: 1413 -> 8801 (factor 6.228)
Iteration 2: running shutter 8801us -> rpicam-still --camera 0 --width 9248 --height 6944 --shutter 8801 --nopreview 1 -t 5008ms -o /media/pi/USB DISK/winter_images/rpicam_2026-01-18-17-30-16_iter2.jpg --quality 95 --metadata - --metadata-format json
Mean brightness 173.37005711099076 within tolerance 5.0% of target 170.0 -> reusing image
Capture complete. Final exposure (us): 8801
2026-01-18-18-00-01 iter1 exposure_us=8801 mean=20.17539111084424 returncode=0
2026-01-18-18-00-01 iter1 factor=20.000 new_exposure=176020
2026-01-18-18-00-16 iter2 exposure_us=176020 mean=138.82189144707337 returncode=0
2026-01-18-18-00-16 iter2 factor=1.836 new_exposure=323247
2026-01-18-18-00-31 iter3 exposure_us=323247 mean=138.28351610523833 returncode=0
2026-01-18-18-00-31 iter3 factor=1.858 new_exposure=600579
2026-01-18-18-00-44 iter4 exposure_us=600579 mean=136.71712203248828 returncode=0
2026-01-18-18-00-44 iter4 factor=1.923 new_exposure=1154644
2026-01-18-18-01-01 iter5 exposure_us=1154644 mean=134.1385356361769 returncode=0
2026-01-18-18-01-01 iter5 factor=2.036 new_exposure=2350359
2026-01-18-18-01-18 final exposure_us=2350359 mean=132.6733659968079 returncode=0
Iteration 1: running shutter 8801us -> rpicam-still --camera 0 --width 9248 --height 6944 --shutter 8801 --nopreview 1 -t 5008ms -o /media/pi/USB DISK/winter_images/rpicam_2026-01-18-18-00-01_iter1.jpg --quality 95 --metadata - --metadata-format json
Adjusting exposure: 8801 -> 176020 (factor 20.000)
Iteration 2: running shutter 176020us -> rpicam-still --camera 0 --width 9248 --height 6944 --shutter 176020 --nopreview 1 -t 5176ms -o /media/pi/USB DISK/winter_images/rpicam_2026-01-18-18-00-16_iter2.jpg --quality 95 --metadata - --metadata-format json
Adjusting exposure: 176020 -> 323247 (factor 1.836)
Iteration 3: running shutter 323247us -> rpicam-still --camera 0 --width 9248 --height 6944 --shutter 323247 --nopreview 1 -t 5323ms -o /media/pi/USB DISK/winter_images/rpicam_2026-01-18-18-00-31_iter3.jpg --quality 95 --metadata - --metadata-format json
Adjusting exposure: 323247 -> 600579 (factor 1.858)
Iteration 4: running shutter 600579us -> rpicam-still --camera 0 --width 9248 --height 6944 --shutter 600579 --nopreview 1 -t 5600ms -o /media/pi/USB DISK/winter_images/rpicam_2026-01-18-18-00-44_iter4.jpg --quality 95 --metadata - --metadata-format json
Adjusting exposure: 600579 -> 1154644 (factor 1.923)
Iteration 5: running shutter 1154644us -> rpicam-still --camera 0 --width 9248 --height 6944 --shutter 1154644 --nopreview 1 -t 6154ms -o /media/pi/USB DISK/winter_images/rpicam_2026-01-18-18-01-01_iter5.jpg --quality 95 --metadata - --metadata-format json
Adjusting exposure: 1154644 -> 2350359 (factor 2.036)
Final capture attempt 1: rpicam-still --camera 0 --width 9248 --height 6944 --shutter 2350359 --nopreview 1 -t 7350ms -o /media/pi/USB DISK/winter_images/rpicam_2026-01-18-18-01-18_ex2350359us.jpg --quality 95 --metadata - --metadata-format json
Capture complete. Final exposure (us): 2350359
2026-01-18-18-30-01 iter1 exposure_us=2350359 mean=58.57451844738132 returncode=0
2026-01-18-18-30-01 iter1 factor=20.000 new_exposure=47007180
2026-01-18-18-30-22 iter2 exposure_us=47007180 mean=181.44978310791822 returncode=0
2026-01-18-18-30-22 iter2 factor=0.822 new_exposure=38658198
2026-01-18-18-32-56 iter3 exposure_us=38658198 mean=160.37225714452646 returncode=0
2026-01-18-18-32-56 iter3 factor=1.132 new_exposure=43776423
2026-01-18-18-35-04 iter4 exposure_us=43776423 mean=165.04236066609994 returncode=0
2026-01-18-18-36-45 final reuse exposure_us=43776423 mean=165.04236066609994
Iteration 1: running shutter 2350359us -> rpicam-still --camera 0 --width 9248 --height 6944 --shutter 2350359 --nopreview 1 -t 7350ms -o /media/pi/USB DISK/winter_images/rpicam_2026-01-18-18-30-01_iter1.jpg --quality 95 --metadata - --metadata-format json
Adjusting exposure: 2350359 -> 47007180 (factor 20.000)
Iteration 2: running shutter 47007180us -> rpicam-still --camera 0 --width 9248 --height 6944 --shutter 47007180 --nopreview 1 -t 52007ms -o /media/pi/USB DISK/winter_images/rpicam_2026-01-18-18-30-22_iter2.jpg --quality 95 --metadata - --metadata-format json
Adjusting exposure: 47007180 -> 38658198 (factor 0.822)
Iteration 3: running shutter 38658198us -> rpicam-still --camera 0 --width 9248 --height 6944 --shutter 38658198 --nopreview 1 -t 43658ms -o /media/pi/USB DISK/winter_images/rpicam_2026-01-18-18-32-56_iter3.jpg --quality 95 --metadata - --metadata-format json
Adjusting exposure: 38658198 -> 43776423 (factor 1.132)
Iteration 4: running shutter 43776423us -> rpicam-still --camera 0 --width 9248 --height 6944 --shutter 43776423 --nopreview 1 -t 48776ms -o /media/pi/USB DISK/winter_images/rpicam_2026-01-18-18-35-04_iter4.jpg --quality 95 --metadata - --metadata-format json
Mean brightness 165.04236066609994 within tolerance 5.0% of target 170.0 -> reusing image
Capture complete. Final exposure (us): 43776423
2026-01-18-19-00-01 iter1 exposure_us=43776423 mean=153.29025668023377 returncode=0
2026-01-18-19-00-01 iter1 factor=1.359 new_exposure=59498905
2026-01-18-19-02-26 iter2 exposure_us=59498905 mean=175.7427424680439 returncode=0
2026-01-18-19-05-36 final reuse exposure_us=59498905 mean=175.7427424680439
Iteration 1: running shutter 43776423us -> rpicam-still --camera 0 --width 9248 --height 6944 --shutter 43776423 --nopreview 1 -t 48776ms -o /media/pi/USB DISK/winter_images/rpicam_2026-01-18-19-00-01_iter1.jpg --quality 95 --metadata - --metadata-format json
Adjusting exposure: 43776423 -> 59498905 (factor 1.359)
Iteration 2: running shutter 59498905us -> rpicam-still --camera 0 --width 9248 --height 6944 --shutter 59498905 --nopreview 1 -t 64498ms -o /media/pi/USB DISK/winter_images/rpicam_2026-01-18-19-02-26_iter2.jpg --quality 95 --metadata - --metadata-format json
Mean brightness 175.7427424680439 within tolerance 5.0% of target 170.0 -> reusing image
Capture complete. Final exposure (us): 59498905
2026-01-18-19-30-01 iter1 exposure_us=59498905 mean=173.91440534720175 returncode=0
2026-01-18-19-33-13 final reuse exposure_us=59498905 mean=173.91440534720175
Iteration 1: running shutter 59498905us -> rpicam-still --camera 0 --width 9248 --height 6944 --shutter 59498905 --nopreview 1 -t 64498ms -o /media/pi/USB DISK/winter_images/rpicam_2026-01-18-19-30-01_iter1.jpg --quality 95 --metadata - --metadata-format json
Mean brightness 173.91440534720175 within tolerance 5.0% of target 170.0 -> reusing image
Capture complete. Final exposure (us): 59498905
2026-01-18-20-00-01 iter1 exposure_us=59498905 mean=192.7975804863276 returncode=0
2026-01-18-20-00-01 iter1 factor=0.686 new_exposure=40789746
2026-01-18-20-03-11 iter2 exposure_us=40789746 mean=167.33329212481362 returncode=0
2026-01-18-20-05-30 final reuse exposure_us=40789746 mean=167.33329212481362
Iteration 1: running shutter 59498905us -> rpicam-still --camera 0 --width 9248 --height 6944 --shutter 59498905 --nopreview 1 -t 64498ms -o /media/pi/USB DISK/winter_images/rpicam_2026-01-18-20-00-01_iter1.jpg --quality 95 --metadata - --metadata-format json
Adjusting exposure: 59498905 -> 40789746 (factor 0.686)
Iteration 2: running shutter 40789746us -> rpicam-still --camera 0 --width 9248 --height 6944 --shutter 40789746 --nopreview 1 -t 45789ms -o /media/pi/USB DISK/winter_images/rpicam_2026-01-18-20-03-11_iter2.jpg --quality 95 --metadata - --metadata-format json
Mean brightness 167.33329212481362 within tolerance 5.0% of target 170.0 -> reusing image
Capture complete. Final exposure (us): 40789746
2026-01-18-20-30-01 iter1 exposure_us=40789746 mean=168.49283759696954 returncode=0
2026-01-18-20-32-17 final reuse exposure_us=40789746 mean=168.49283759696954
Iteration 1: running shutter 40789746us -> rpicam-still --camera 0 --width 9248 --height 6944 --shutter 40789746 --nopreview 1 -t 45789ms -o /media/pi/USB DISK/winter_images/rpicam_2026-01-18-20-30-01_iter1.jpg --quality 95 --metadata - --metadata-format json
Mean brightness 168.49283759696954 within tolerance 5.0% of target 170.0 -> reusing image
Capture complete. Final exposure (us): 40789746
2026-01-18-21-00-01 iter1 exposure_us=40789746 mean=182.14275991172084 returncode=0
2026-01-18-21-00-01 iter1 factor=0.813 new_exposure=33163627
2026-01-18-21-02-16 iter2 exposure_us=33163627 mean=166.90607134323724 returncode=0
2026-01-18-21-04-07 final reuse exposure_us=33163627 mean=166.90607134323724
Iteration 1: running shutter 40789746us -> rpicam-still --camera 0 --width 9248 --height 6944 --shutter 40789746 --nopreview 1 -t 45789ms -o /media/pi/USB DISK/winter_images/rpicam_2026-01-18-21-00-01_iter1.jpg --quality 95 --metadata - --metadata-format json
Adjusting exposure: 40789746 -> 33163627 (factor 0.813)
Iteration 2: running shutter 33163627us -> rpicam-still --camera 0 --width 9248 --height 6944 --shutter 33163627 --nopreview 1 -t 38163ms -o /media/pi/USB DISK/winter_images/rpicam_2026-01-18-21-02-16_iter2.jpg --quality 95 --metadata - --metadata-format json
Mean brightness 166.90607134323724 within tolerance 5.0% of target 170.0 -> reusing image
Capture complete. Final exposure (us): 33163627
2026-01-18-21-30-02 iter1 exposure_us=33163627 mean=161.2807272191372 returncode=0
2026-01-18-21-30-02 iter1 factor=1.113 new_exposure=36896468
2026-01-18-21-31-55 iter2 exposure_us=36896468 mean=166.3366055981216 returncode=0
2026-01-18-21-33-57 final reuse exposure_us=36896468 mean=166.3366055981216
Iteration 1: running shutter 33163627us -> rpicam-still --camera 0 --width 9248 --height 6944 --shutter 33163627 --nopreview 1 -t 38163ms -o /media/pi/USB DISK/winter_images/rpicam_2026-01-18-21-30-02_iter1.jpg --quality 95 --metadata - --metadata-format json
Adjusting exposure: 33163627 -> 36896468 (factor 1.113)
Iteration 2: running shutter 36896468us -> rpicam-still --camera 0 --width 9248 --height 6944 --shutter 36896468 --nopreview 1 -t 41896ms -o /media/pi/USB DISK/winter_images/rpicam_2026-01-18-21-31-55_iter2.jpg --quality 95 --metadata - --metadata-format json
Mean brightness 166.3366055981216 within tolerance 5.0% of target 170.0 -> reusing image
Capture complete. Final exposure (us): 36896468
2026-01-18-22-00-01 iter1 exposure_us=36896468 mean=161.60102568882746 returncode=0
2026-01-18-22-02-05 final reuse exposure_us=36896468 mean=161.60102568882746
Iteration 1: running shutter 36896468us -> rpicam-still --camera 0 --width 9248 --height 6944 --shutter 36896468 --nopreview 1 -t 41896ms -o /media/pi/USB DISK/winter_images/rpicam_2026-01-18-22-00-01_iter1.jpg --quality 95 --metadata - --metadata-format json
Mean brightness 161.60102568882746 within tolerance 5.0% of target 170.0 -> reusing image
Capture complete. Final exposure (us): 36896468
2026-01-18-22-30-01 iter1 exposure_us=36896468 mean=127.9654720306944 returncode=0
2026-01-18-22-30-01 iter1 factor=2.345 new_exposure=86507378
2026-01-18-22-32-07 iter2 exposure_us=86507378 mean=187.902290821007 returncode=0
2026-01-18-22-32-07 iter2 factor=0.750 new_exposure=64880534
2026-01-18-22-36-42 iter3 exposure_us=64880534 mean=167.70889000909898 returncode=0
2026-01-18-22-39-06 final reuse exposure_us=64880534 mean=167.70889000909898
Iteration 1: running shutter 36896468us -> rpicam-still --camera 0 --width 9248 --height 6944 --shutter 36896468 --nopreview 1 -t 41896ms -o /media/pi/USB DISK/winter_images/rpicam_2026-01-18-22-30-01_iter1.jpg --quality 95 --metadata - --metadata-format json
Adjusting exposure: 36896468 -> 86507378 (factor 2.345)
Iteration 2: running shutter 86507378us -> rpicam-still --camera 0 --width 9248 --height 6944 --shutter 86507378 --nopreview 1 -t 91507ms -o /media/pi/USB DISK/winter_images/rpicam_2026-01-18-22-32-07_iter2.jpg --quality 95 --metadata - --metadata-format json
Adjusting exposure: 86507378 -> 64880534 (factor 0.750)
Iteration 3: running shutter 64880534us -> rpicam-still --camera 0 --width 9248 --height 6944 --shutter 64880534 --nopreview 1 -t 69880ms -o /media/pi/USB DISK/winter_images/rpicam_2026-01-18-22-36-42_iter3.jpg --quality 95 --metadata - --metadata-format json
Mean brightness 167.70889000909898 within tolerance 5.0% of target 170.0 -> reusing image
Capture complete. Final exposure (us): 64880534
2026-01-18-23-00-01 iter1 exposure_us=64880534 mean=154.22831046481093 returncode=0
2026-01-18-23-00-01 iter1 factor=1.321 new_exposure=85675850
2026-01-18-23-03-30 iter2 exposure_us=85675850 mean=181.97797749021336 returncode=0
2026-01-18-23-03-30 iter2 factor=0.815 new_exposure=69847149
2026-01-18-23-08-00 iter3 exposure_us=69847149 mean=188.38624090972965 returncode=0
2026-01-18-23-08-00 iter3 factor=0.750 new_exposure=52385362
2026-01-18-23-11-42 iter4 exposure_us=52385362 mean=182.63330058660085 returncode=0
2026-01-18-23-11-42 iter4 factor=0.807 new_exposure=42249037
2026-01-18-23-14-33 iter5 exposure_us=42249037 mean=169.5682476463961 returncode=0
2026-01-18-23-16-55 final reuse exposure_us=42249037 mean=169.5682476463961
Iteration 1: running shutter 64880534us -> rpicam-still --camera 0 --width 9248 --height 6944 --shutter 64880534 --nopreview 1 -t 69880ms -o /media/pi/USB DISK/winter_images/rpicam_2026-01-18-23-00-01_iter1.jpg --quality 95 --metadata - --metadata-format json
Adjusting exposure: 64880534 -> 85675850 (factor 1.321)
Iteration 2: running shutter 85675850us -> rpicam-still --camera 0 --width 9248 --height 6944 --shutter 85675850 --nopreview 1 -t 90675ms -o /media/pi/USB DISK/winter_images/rpicam_2026-01-18-23-03-30_iter2.jpg --quality 95 --metadata - --metadata-format json
Adjusting exposure: 85675850 -> 69847149 (factor 0.815)
Iteration 3: running shutter 69847149us -> rpicam-still --camera 0 --width 9248 --height 6944 --shutter 69847149 --nopreview 1 -t 74847ms -o /media/pi/USB DISK/winter_images/rpicam_2026-01-18-23-08-00_iter3.jpg --quality 95 --metadata - --metadata-format json
Adjusting exposure: 69847149 -> 52385362 (factor 0.750)
Iteration 4: running shutter 52385362us -> rpicam-still --camera 0 --width 9248 --height 6944 --shutter 52385362 --nopreview 1 -t 57385ms -o /media/pi/USB DISK/winter_images/rpicam_2026-01-18-23-11-42_iter4.jpg --quality 95 --metadata - --metadata-format json
Adjusting exposure: 52385362 -> 42249037 (factor 0.807)
Iteration 5: running shutter 42249037us -> rpicam-still --camera 0 --width 9248 --height 6944 --shutter 42249037 --nopreview 1 -t 47249ms -o /media/pi/USB DISK/winter_images/rpicam_2026-01-18-23-14-33_iter5.jpg --quality 95 --metadata - --metadata-format json
Mean brightness 169.5682476463961 within tolerance 5.0% of target 170.0 -> reusing image
Capture complete. Final exposure (us): 42249037
2026-01-18-23-30-01 iter1 exposure_us=42249037 mean=157.4315310297506 returncode=0
2026-01-18-23-30-01 iter1 factor=1.210 new_exposure=51109005
2026-01-18-23-32-23 iter2 exposure_us=51109005 mean=177.75746641383665 returncode=0
2026-01-18-23-35-10 final reuse exposure_us=51109005 mean=177.75746641383665
Iteration 1: running shutter 42249037us -> rpicam-still --camera 0 --width 9248 --height 6944 --shutter 42249037 --nopreview 1 -t 47249ms -o /media/pi/USB DISK/winter_images/rpicam_2026-01-18-23-30-01_iter1.jpg --quality 95 --metadata - --metadata-format json
Adjusting exposure: 42249037 -> 51109005 (factor 1.210)
Iteration 2: running shutter 51109005us -> rpicam-still --camera 0 --width 9248 --height 6944 --shutter 51109005 --nopreview 1 -t 56109ms -o /media/pi/USB DISK/winter_images/rpicam_2026-01-18-23-32-23_iter2.jpg --quality 95 --metadata - --metadata-format json
Mean brightness 177.75746641383665 within tolerance 5.0% of target 170.0 -> reusing image
Capture complete. Final exposure (us): 51109005
2026-01-19-00-00-01 iter1 exposure_us=51109005 mean=172.09807611597176 returncode=0
2026-01-19-00-02-47 final reuse exposure_us=51109005 mean=172.09807611597176
Iteration 1: running shutter 51109005us -> rpicam-still --camera 0 --width 9248 --height 6944 --shutter 51109005 --nopreview 1 -t 56109ms -o /media/pi/USB DISK/winter_images/rpicam_2026-01-19-00-00-01_iter1.jpg --quality 95 --metadata - --metadata-format json
Mean brightness 172.09807611597176 within tolerance 5.0% of target 170.0 -> reusing image
Capture complete. Final exposure (us): 51109005
2026-01-19-00-30-01 iter1 exposure_us=51109005 mean=198.44361897465936 returncode=0
2026-01-19-00-30-01 iter1 factor=0.629 new_exposure=32131631
2026-01-19-00-32-47 iter2 exposure_us=32131631 mean=163.85836193689406 returncode=0
2026-01-19-00-34-36 final reuse exposure_us=32131631 mean=163.85836193689406
Iteration 1: running shutter 51109005us -> rpicam-still --camera 0 --width 9248 --height 6944 --shutter 51109005 --nopreview 1 -t 56109ms -o /media/pi/USB DISK/winter_images/rpicam_2026-01-19-00-30-01_iter1.jpg --quality 95 --metadata - --metadata-format json
Adjusting exposure: 51109005 -> 32131631 (factor 0.629)
Iteration 2: running shutter 32131631us -> rpicam-still --camera 0 --width 9248 --height 6944 --shutter 32131631 --nopreview 1 -t 37131ms -o /media/pi/USB DISK/winter_images/rpicam_2026-01-19-00-32-47_iter2.jpg --quality 95 --metadata - --metadata-format json
Mean brightness 163.85836193689406 within tolerance 5.0% of target 170.0 -> reusing image
Capture complete. Final exposure (us): 32131631
2026-01-19-01-00-01 iter1 exposure_us=32131631 mean=158.80239915804438 returncode=0
2026-01-19-01-00-01 iter1 factor=1.171 new_exposure=37627721
2026-01-19-01-01-51 iter2 exposure_us=37627721 mean=172.05265483357718 returncode=0
2026-01-19-01-03-58 final reuse exposure_us=37627721 mean=172.05265483357718
Iteration 1: running shutter 32131631us -> rpicam-still --camera 0 --width 9248 --height 6944 --shutter 32131631 --nopreview 1 -t 37131ms -o /media/pi/USB DISK/winter_images/rpicam_2026-01-19-01-00-01_iter1.jpg --quality 95 --metadata - --metadata-format json
Adjusting exposure: 32131631 -> 37627721 (factor 1.171)
Iteration 2: running shutter 37627721us -> rpicam-still --camera 0 --width 9248 --height 6944 --shutter 37627721 --nopreview 1 -t 42627ms -o /media/pi/USB DISK/winter_images/rpicam_2026-01-19-01-01-51_iter2.jpg --quality 95 --metadata - --metadata-format json
Mean brightness 172.05265483357718 within tolerance 5.0% of target 170.0 -> reusing image
Capture complete. Final exposure (us): 37627721
2026-01-19-01-30-01 iter1 exposure_us=37627721 mean=179.52596831249102 returncode=0
2026-01-19-01-30-01 iter1 factor=0.891 new_exposure=33519164
2026-01-19-01-32-05 iter2 exposure_us=33519164 mean=171.752787796066 returncode=0
2026-01-19-01-33-59 final reuse exposure_us=33519164 mean=171.752787796066
Iteration 1: running shutter 37627721us -> rpicam-still --camera 0 --width 9248 --height 6944 --shutter 37627721 --nopreview 1 -t 42627ms -o /media/pi/USB DISK/winter_images/rpicam_2026-01-19-01-30-01_iter1.jpg --quality 95 --metadata - --metadata-format json
Adjusting exposure: 37627721 -> 33519164 (factor 0.891)
Iteration 2: running shutter 33519164us -> rpicam-still --camera 0 --width 9248 --height 6944 --shutter 33519164 --nopreview 1 -t 38519ms -o /media/pi/USB DISK/winter_images/rpicam_2026-01-19-01-32-05_iter2.jpg --quality 95 --metadata - --metadata-format json
Mean brightness 171.752787796066 within tolerance 5.0% of target 170.0 -> reusing image
Capture complete. Final exposure (us): 33519164
2026-01-19-02-00-01 iter1 exposure_us=33519164 mean=188.52056535078452 returncode=0
2026-01-19-02-00-01 iter1 factor=0.733 new_exposure=24578974
2026-01-19-02-01-55 iter2 exposure_us=24578974 mean=169.37403718751494 returncode=0
2026-01-19-02-03-20 final reuse exposure_us=24578974 mean=169.37403718751494
Iteration 1: running shutter 33519164us -> rpicam-still --camera 0 --width 9248 --height 6944 --shutter 33519164 --nopreview 1 -t 38519ms -o /media/pi/USB DISK/winter_images/rpicam_2026-01-19-02-00-01_iter1.jpg --quality 95 --metadata - --metadata-format json
Adjusting exposure: 33519164 -> 24578974 (factor 0.733)
Iteration 2: running shutter 24578974us -> rpicam-still --camera 0 --width 9248 --height 6944 --shutter 24578974 --nopreview 1 -t 29578ms -o /media/pi/USB DISK/winter_images/rpicam_2026-01-19-02-01-55_iter2.jpg --quality 95 --metadata - --metadata-format json
Mean brightness 169.37403718751494 within tolerance 5.0% of target 170.0 -> reusing image
Capture complete. Final exposure (us): 24578974
2026-01-19-02-30-01 iter1 exposure_us=24578974 mean=169.18752124011368 returncode=0
2026-01-19-02-31-31 final reuse exposure_us=24578974 mean=169.18752124011368
Iteration 1: running shutter 24578974us -> rpicam-still --camera 0 --width 9248 --height 6944 --shutter 24578974 --nopreview 1 -t 29578ms -o /media/pi/USB DISK/winter_images/rpicam_2026-01-19-02-30-01_iter1.jpg --quality 95 --metadata - --metadata-format json
Mean brightness 169.18752124011368 within tolerance 5.0% of target 170.0 -> reusing image
Capture complete. Final exposure (us): 24578974
2026-01-19-03-00-01 iter1 exposure_us=24578974 mean=167.02146017621945 returncode=0
2026-01-19-03-01-28 final reuse exposure_us=24578974 mean=167.02146017621945
Iteration 1: running shutter 24578974us -> rpicam-still --camera 0 --width 9248 --height 6944 --shutter 24578974 --nopreview 1 -t 29578ms -o /media/pi/USB DISK/winter_images/rpicam_2026-01-19-03-00-01_iter1.jpg --quality 95 --metadata - --metadata-format json
Mean brightness 167.02146017621945 within tolerance 5.0% of target 170.0 -> reusing image
Capture complete. Final exposure (us): 24578974
2026-01-19-03-30-01 iter1 exposure_us=24578974 mean=190.80535070853531 returncode=0
2026-01-19-03-30-01 iter1 factor=0.707 new_exposure=17383566
2026-01-19-03-31-26 iter2 exposure_us=17383566 mean=165.5436591004108 returncode=0
2026-01-19-03-32-32 final reuse exposure_us=17383566 mean=165.5436591004108
Iteration 1: running shutter 24578974us -> rpicam-still --camera 0 --width 9248 --height 6944 --shutter 24578974 --nopreview 1 -t 29578ms -o /media/pi/USB DISK/winter_images/rpicam_2026-01-19-03-30-01_iter1.jpg --quality 95 --metadata - --metadata-format json
Adjusting exposure: 24578974 -> 17383566 (factor 0.707)
Iteration 2: running shutter 17383566us -> rpicam-still --camera 0 --width 9248 --height 6944 --shutter 17383566 --nopreview 1 -t 22383ms -o /media/pi/USB DISK/winter_images/rpicam_2026-01-19-03-31-26_iter2.jpg --quality 95 --metadata - --metadata-format json
Mean brightness 165.5436591004108 within tolerance 5.0% of target 170.0 -> reusing image
Capture complete. Final exposure (us): 17383566
2026-01-19-04-00-01 iter1 exposure_us=17383566 mean=151.20945061418186 returncode=0
2026-01-19-04-00-01 iter1 factor=1.421 new_exposure=24702951
2026-01-19-04-01-07 iter2 exposure_us=24702951 mean=178.13807537661648 returncode=0
2026-01-19-04-02-33 final reuse exposure_us=24702951 mean=178.13807537661648
Iteration 1: running shutter 17383566us -> rpicam-still --camera 0 --width 9248 --height 6944 --shutter 17383566 --nopreview 1 -t 22383ms -o /media/pi/USB DISK/winter_images/rpicam_2026-01-19-04-00-01_iter1.jpg --quality 95 --metadata - --metadata-format json
Adjusting exposure: 17383566 -> 24702951 (factor 1.421)
Iteration 2: running shutter 24702951us -> rpicam-still --camera 0 --width 9248 --height 6944 --shutter 24702951 --nopreview 1 -t 29702ms -o /media/pi/USB DISK/winter_images/rpicam_2026-01-19-04-01-07_iter2.jpg --quality 95 --metadata - --metadata-format json
Mean brightness 178.13807537661648 within tolerance 5.0% of target 170.0 -> reusing image
Capture complete. Final exposure (us): 24702951
2026-01-19-04-30-01 iter1 exposure_us=24702951 mean=155.33664896594905 returncode=0
2026-01-19-04-30-01 iter1 factor=1.279 new_exposure=31586725
2026-01-19-04-31-29 iter2 exposure_us=31586725 mean=170.86535904387847 returncode=0
2026-01-19-04-33-17 final reuse exposure_us=31586725 mean=170.86535904387847
Iteration 1: running shutter 24702951us -> rpicam-still --camera 0 --width 9248 --height 6944 --shutter 24702951 --nopreview 1 -t 29702ms -o /media/pi/USB DISK/winter_images/rpicam_2026-01-19-04-30-01_iter1.jpg --quality 95 --metadata - --metadata-format json
Adjusting exposure: 24702951 -> 31586725 (factor 1.279)
Iteration 2: running shutter 31586725us -> rpicam-still --camera 0 --width 9248 --height 6944 --shutter 31586725 --nopreview 1 -t 36586ms -o /media/pi/USB DISK/winter_images/rpicam_2026-01-19-04-31-29_iter2.jpg --quality 95 --metadata - --metadata-format json
Mean brightness 170.86535904387847 within tolerance 5.0% of target 170.0 -> reusing image
Capture complete. Final exposure (us): 31586725
2026-01-19-05-00-01 iter1 exposure_us=31586725 mean=172.34884683311773 returncode=0
2026-01-19-05-01-48 final reuse exposure_us=31586725 mean=172.34884683311773
Iteration 1: running shutter 31586725us -> rpicam-still --camera 0 --width 9248 --height 6944 --shutter 31586725 --nopreview 1 -t 36586ms -o /media/pi/USB DISK/winter_images/rpicam_2026-01-19-05-00-01_iter1.jpg --quality 95 --metadata - --metadata-format json
Mean brightness 172.34884683311773 within tolerance 5.0% of target 170.0 -> reusing image
Capture complete. Final exposure (us): 31586725
2026-01-19-05-30-01 iter1 exposure_us=31586725 mean=102.14426171544875 returncode=0
2026-01-19-05-30-01 iter1 factor=4.610 new_exposure=145616116
2026-01-19-05-31-49 iter2 exposure_us=145616116 mean=241.34495346110455 returncode=0
2026-01-19-05-31-49 iter2 factor=0.050 new_exposure=7280806 [saturated]
2026-01-19-05-36-51 iter3 exposure_us=7280806 mean=74.76240612617201 returncode=0
2026-01-19-05-36-51 iter3 factor=1.250 new_exposure=9101008
2026-01-19-05-37-24 iter4 exposure_us=9101008 mean=87.4834219511156 returncode=0
2026-01-19-05-37-24 iter4 factor=1.250 new_exposure=11376260
2026-01-19-05-38-05 iter5 exposure_us=11376260 mean=104.54454232475723 returncode=0
2026-01-19-05-38-05 iter5 factor=4.300 new_exposure=48915013
2026-01-19-05-38-51 final exposure_us=48915013 mean=222.64729576602937 returncode=0
Iteration 1: running shutter 31586725us -> rpicam-still --camera 0 --width 9248 --height 6944 --shutter 31586725 --nopreview 1 -t 36586ms -o /media/pi/USB DISK/winter_images/rpicam_2026-01-19-05-30-01_iter1.jpg --quality 95 --metadata - --metadata-format json
Adjusting exposure: 31586725 -> 145616116 (factor 4.610)
Iteration 2: running shutter 145616116us -> rpicam-still --camera 0 --width 9248 --height 6944 --shutter 145616116 --nopreview 1 -t 150616ms -o /media/pi/USB DISK/winter_images/rpicam_2026-01-19-05-31-49_iter2.jpg --quality 95 --metadata - --metadata-format json
Adjusting exposure (saturated): 145616116 -> 7280806 (factor 0.050)
Iteration 3: running shutter 7280806us -> rpicam-still --camera 0 --width 9248 --height 6944 --shutter 7280806 --nopreview 1 -t 12280ms -o /media/pi/USB DISK/winter_images/rpicam_2026-01-19-05-36-51_iter3.jpg --quality 95 --metadata - --metadata-format json
Adjusting exposure: 7280806 -> 9101008 (factor 1.250)
Iteration 4: running shutter 9101008us -> rpicam-still --camera 0 --width 9248 --height 6944 --shutter 9101008 --nopreview 1 -t 14101ms -o /media/pi/USB DISK/winter_images/rpicam_2026-01-19-05-37-24_iter4.jpg --quality 95 --metadata - --metadata-format json
Adjusting exposure: 9101008 -> 11376260 (factor 1.250)
Iteration 5: running shutter 11376260us -> rpicam-still --camera 0 --width 9248 --height 6944 --shutter 11376260 --nopreview 1 -t 16376ms -o /media/pi/USB DISK/winter_images/rpicam_2026-01-19-05-38-05_iter5.jpg --quality 95 --metadata - --metadata-format json
Adjusting exposure: 11376260 -> 48915013 (factor 4.300)
Final capture attempt 1: rpicam-still --camera 0 --width 9248 --height 6944 --shutter 48915013 --nopreview 1 -t 53915ms -o /media/pi/USB DISK/winter_images/rpicam_2026-01-19-05-38-51_ex48915013us.jpg --quality 95 --metadata - --metadata-format json
Capture complete. Final exposure (us): 48915013
2026-01-19-06-00-01 iter1 exposure_us=48915013 mean=219.0582369814921 returncode=0
2026-01-19-06-00-01 iter1 factor=0.467 new_exposure=22861787
2026-01-19-06-02-40 iter2 exposure_us=22861787 mean=172.30779171770106 returncode=0
2026-01-19-06-04-00 final reuse exposure_us=22861787 mean=172.30779171770106
Iteration 1: running shutter 48915013us -> rpicam-still --camera 0 --width 9248 --height 6944 --shutter 48915013 --nopreview 1 -t 53915ms -o /media/pi/USB DISK/winter_images/rpicam_2026-01-19-06-00-01_iter1.jpg --quality 95 --metadata - --metadata-format json
Adjusting exposure: 48915013 -> 22861787 (factor 0.467)
Iteration 2: running shutter 22861787us -> rpicam-still --camera 0 --width 9248 --height 6944 --shutter 22861787 --nopreview 1 -t 27861ms -o /media/pi/USB DISK/winter_images/rpicam_2026-01-19-06-02-40_iter2.jpg --quality 95 --metadata - --metadata-format json
Mean brightness 172.30779171770106 within tolerance 5.0% of target 170.0 -> reusing image
Capture complete. Final exposure (us): 22861787
2026-01-19-06-30-01 iter1 exposure_us=22861787 mean=166.15286969196478 returncode=0
2026-01-19-06-31-23 final reuse exposure_us=22861787 mean=166.15286969196478
Iteration 1: running shutter 22861787us -> rpicam-still --camera 0 --width 9248 --height 6944 --shutter 22861787 --nopreview 1 -t 27861ms -o /media/pi/USB DISK/winter_images/rpicam_2026-01-19-06-30-01_iter1.jpg --quality 95 --metadata - --metadata-format json
Mean brightness 166.15286969196478 within tolerance 5.0% of target 170.0 -> reusing image
Capture complete. Final exposure (us): 22861787
2026-01-19-07-00-02 iter1 exposure_us=22861787 mean=172.52708986523928 returncode=0
2026-01-19-07-01-00 final reuse exposure_us=22861787 mean=172.52708986523928
Iteration 1: running shutter 22861787us -> rpicam-still --camera 0 --width 9248 --height 6944 --shutter 22861787 --nopreview 1 -t 27861ms -o /media/pi/USB DISK/winter_images/rpicam_2026-01-19-07-00-02_iter1.jpg --quality 95 --metadata - --metadata-format json
Mean brightness 172.52708986523928 within tolerance 5.0% of target 170.0 -> reusing image
Capture complete. Final exposure (us): 22861787
2026-01-19-07-30-01 iter1 exposure_us=22861787 mean=190.0435254776721 returncode=0
2026-01-19-07-30-01 iter1 factor=0.716 new_exposure=16364310
2026-01-19-07-31-21 iter2 exposure_us=16364310 mean=170.1214037715715 returncode=0
2026-01-19-07-32-24 final reuse exposure_us=16364310 mean=170.1214037715715
Iteration 1: running shutter 22861787us -> rpicam-still --camera 0 --width 9248 --height 6944 --shutter 22861787 --nopreview 1 -t 27861ms -o /media/pi/USB DISK/winter_images/rpicam_2026-01-19-07-30-01_iter1.jpg --quality 95 --metadata - --metadata-format json
Adjusting exposure: 22861787 -> 16364310 (factor 0.716)
Iteration 2: running shutter 16364310us -> rpicam-still --camera 0 --width 9248 --height 6944 --shutter 16364310 --nopreview 1 -t 21364ms -o /media/pi/USB DISK/winter_images/rpicam_2026-01-19-07-31-21_iter2.jpg --quality 95 --metadata - --metadata-format json
Mean brightness 170.1214037715715 within tolerance 5.0% of target 170.0 -> reusing image
Capture complete. Final exposure (us): 16364310
2026-01-19-08-00-01 iter1 exposure_us=16364310 mean=252.96161164003078 returncode=0
2026-01-19-08-00-01 iter1 factor=0.050 new_exposure=818216 [saturated]
2026-01-19-08-01-01 iter2 exposure_us=818216 mean=238.74451919421114 returncode=0
2026-01-19-08-01-01 iter2 factor=0.361 new_exposure=295403
2026-01-19-08-01-14 iter3 exposure_us=295403 mean=191.93739121449102 returncode=0
2026-01-19-08-01-14 iter3 factor=0.695 new_exposure=205250
2026-01-19-08-01-27 iter4 exposure_us=205250 mean=187.43019017750007 returncode=0
2026-01-19-08-01-27 iter4 factor=0.746 new_exposure=153148
2026-01-19-08-01-41 iter5 exposure_us=153148 mean=186.80510654065944 returncode=0
2026-01-19-08-01-41 iter5 factor=0.754 new_exposure=115423
2026-01-19-08-01-53 final exposure_us=115423 mean=186.72171883533417 returncode=0
Iteration 1: running shutter 16364310us -> rpicam-still --camera 0 --width 9248 --height 6944 --shutter 16364310 --nopreview 1 -t 21364ms -o /media/pi/USB DISK/winter_images/rpicam_2026-01-19-08-00-01_iter1.jpg --quality 95 --metadata - --metadata-format json
Adjusting exposure (saturated): 16364310 -> 818216 (factor 0.050)
Iteration 2: running shutter 818216us -> rpicam-still --camera 0 --width 9248 --height 6944 --shutter 818216 --nopreview 1 -t 5818ms -o /media/pi/USB DISK/winter_images/rpicam_2026-01-19-08-01-01_iter2.jpg --quality 95 --metadata - --metadata-format json
Adjusting exposure: 818216 -> 295403 (factor 0.361)
Iteration 3: running shutter 295403us -> rpicam-still --camera 0 --width 9248 --height 6944 --shutter 295403 --nopreview 1 -t 5295ms -o /media/pi/USB DISK/winter_images/rpicam_2026-01-19-08-01-14_iter3.jpg --quality 95 --metadata - --metadata-format json
Adjusting exposure: 295403 -> 205250 (factor 0.695)
Iteration 4: running shutter 205250us -> rpicam-still --camera 0 --width 9248 --height 6944 --shutter 205250 --nopreview 1 -t 5205ms -o /media/pi/USB DISK/winter_images/rpicam_2026-01-19-08-01-27_iter4.jpg --quality 95 --metadata - --metadata-format json
Adjusting exposure: 205250 -> 153148 (factor 0.746)
Iteration 5: running shutter 153148us -> rpicam-still --camera 0 --width 9248 --height 6944 --shutter 153148 --nopreview 1 -t 5153ms -o /media/pi/USB DISK/winter_images/rpicam_2026-01-19-08-01-41_iter5.jpg --quality 95 --metadata - --metadata-format json
Adjusting exposure: 153148 -> 115423 (factor 0.754)
Final capture attempt 1: rpicam-still --camera 0 --width 9248 --height 6944 --shutter 115423 --nopreview 1 -t 5115ms -o /media/pi/USB DISK/winter_images/rpicam_2026-01-19-08-01-53_ex115423us.jpg --quality 95 --metadata - --metadata-format json
Capture complete. Final exposure (us): 115423
2026-01-19-08-30-01 iter1 exposure_us=115423 mean=249.03881476615194 returncode=0
2026-01-19-08-30-01 iter1 factor=0.050 new_exposure=5771 [saturated]
2026-01-19-08-30-13 iter2 exposure_us=5771 mean=183.11876190006956 returncode=0
2026-01-19-08-30-13 iter2 factor=0.800 new_exposure=4617
2026-01-19-08-30-27 iter3 exposure_us=4617 mean=183.81208665866725 returncode=0
2026-01-19-08-30-27 iter3 factor=0.791 new_exposure=3652
2026-01-19-08-30-39 iter4 exposure_us=3652 mean=185.3875916190124 returncode=0
2026-01-19-08-30-39 iter4 factor=0.771 new_exposure=2816
2026-01-19-08-30-53 iter5 exposure_us=2816 mean=184.10954557493065 returncode=0
2026-01-19-08-30-53 iter5 factor=0.787 new_exposure=2217
2026-01-19-08-31-05 final exposure_us=2217 mean=183.64280799784336 returncode=0
Iteration 1: running shutter 115423us -> rpicam-still --camera 0 --width 9248 --height 6944 --shutter 115423 --nopreview 1 -t 5115ms -o /media/pi/USB DISK/winter_images/rpicam_2026-01-19-08-30-01_iter1.jpg --quality 95 --metadata - --metadata-format json
Adjusting exposure (saturated): 115423 -> 5771 (factor 0.050)
Iteration 2: running shutter 5771us -> rpicam-still --camera 0 --width 9248 --height 6944 --shutter 5771 --nopreview 1 -t 5005ms -o /media/pi/USB DISK/winter_images/rpicam_2026-01-19-08-30-13_iter2.jpg --quality 95 --metadata - --metadata-format json
Adjusting exposure: 5771 -> 4617 (factor 0.800)
Iteration 3: running shutter 4617us -> rpicam-still --camera 0 --width 9248 --height 6944 --shutter 4617 --nopreview 1 -t 5004ms -o /media/pi/USB DISK/winter_images/rpicam_2026-01-19-08-30-27_iter3.jpg --quality 95 --metadata - --metadata-format json
Adjusting exposure: 4617 -> 3652 (factor 0.791)
Iteration 4: running shutter 3652us -> rpicam-still --camera 0 --width 9248 --height 6944 --shutter 3652 --nopreview 1 -t 5003ms -o /media/pi/USB DISK/winter_images/rpicam_2026-01-19-08-30-39_iter4.jpg --quality 95 --metadata - --metadata-format json
Adjusting exposure: 3652 -> 2816 (factor 0.771)
Iteration 5: running shutter 2816us -> rpicam-still --camera 0 --width 9248 --height 6944 --shutter 2816 --nopreview 1 -t 5002ms -o /media/pi/USB DISK/winter_images/rpicam_2026-01-19-08-30-53_iter5.jpg --quality 95 --metadata - --metadata-format json
Adjusting exposure: 2816 -> 2217 (factor 0.787)
Final capture attempt 1: rpicam-still --camera 0 --width 9248 --height 6944 --shutter 2217 --nopreview 1 -t 5002ms -o /media/pi/USB DISK/winter_images/rpicam_2026-01-19-08-31-05_ex2217us.jpg --quality 95 --metadata - --metadata-format json
Capture complete. Final exposure (us): 2217
2026-01-19-09-00-01 iter1 exposure_us=2217 mean=200.7453826733492 returncode=0
2026-01-19-09-00-01 iter1 factor=0.607 new_exposure=1346
2026-01-19-09-00-13 iter2 exposure_us=1346 mean=199.51488210989447 returncode=0
2026-01-19-09-00-13 iter2 factor=0.619 new_exposure=833
2026-01-19-09-00-26 iter3 exposure_us=833 mean=201.44601396876942 returncode=0
2026-01-19-09-00-26 iter3 factor=0.601 new_exposure=501
2026-01-19-09-00-38 iter4 exposure_us=501 mean=184.55705936979274 returncode=0
2026-01-19-09-00-38 iter4 factor=0.782 new_exposure=392
2026-01-19-09-00-52 iter5 exposure_us=392 mean=182.51106898004102 returncode=0
2026-01-19-09-00-52 iter5 factor=0.808 new_exposure=317
2026-01-19-09-01-06 final exposure_us=317 mean=180.62317585730332 returncode=0
Iteration 1: running shutter 2217us -> rpicam-still --camera 0 --width 9248 --height 6944 --shutter 2217 --nopreview 1 -t 5002ms -o /media/pi/USB DISK/winter_images/rpicam_2026-01-19-09-00-01_iter1.jpg --quality 95 --metadata - --metadata-format json
Adjusting exposure: 2217 -> 1346 (factor 0.607)
Iteration 2: running shutter 1346us -> rpicam-still --camera 0 --width 9248 --height 6944 --shutter 1346 --nopreview 1 -t 5001ms -o /media/pi/USB DISK/winter_images/rpicam_2026-01-19-09-00-13_iter2.jpg --quality 95 --metadata - --metadata-format json
Adjusting exposure: 1346 -> 833 (factor 0.619)
Iteration 3: running shutter 833us -> rpicam-still --camera 0 --width 9248 --height 6944 --shutter 833 --nopreview 1 -t 5000ms -o /media/pi/USB DISK/winter_images/rpicam_2026-01-19-09-00-26_iter3.jpg --quality 95 --metadata - --metadata-format json
Adjusting exposure: 833 -> 501 (factor 0.601)
Iteration 4: running shutter 501us -> rpicam-still --camera 0 --width 9248 --height 6944 --shutter 501 --nopreview 1 -t 5000ms -o /media/pi/USB DISK/winter_images/rpicam_2026-01-19-09-00-38_iter4.jpg --quality 95 --metadata - --metadata-format json
Adjusting exposure: 501 -> 392 (factor 0.782)
Iteration 5: running shutter 392us -> rpicam-still --camera 0 --width 9248 --height 6944 --shutter 392 --nopreview 1 -t 5000ms -o /media/pi/USB DISK/winter_images/rpicam_2026-01-19-09-00-52_iter5.jpg --quality 95 --metadata - --metadata-format json
Adjusting exposure: 392 -> 317 (factor 0.808)
Final capture attempt 1: rpicam-still --camera 0 --width 9248 --height 6944 --shutter 317 --nopreview 1 -t 5000ms -o /media/pi/USB DISK/winter_images/rpicam_2026-01-19-09-01-06_ex317us.jpg --quality 95 --metadata - --metadata-format json
Capture complete. Final exposure (us): 317
2026-01-19-09-30-01 iter1 exposure_us=317 mean=191.2110534641691 returncode=0
2026-01-19-09-30-01 iter1 factor=0.703 new_exposure=223
2026-01-19-09-30-15 iter2 exposure_us=223 mean=190.57643141237165 returncode=0
2026-01-19-09-30-15 iter2 factor=0.710 new_exposure=158
2026-01-19-09-30-30 iter3 exposure_us=158 mean=189.65426999784734 returncode=0
2026-01-19-09-30-30 iter3 factor=0.720 new_exposure=114
2026-01-19-09-30-42 iter4 exposure_us=114 mean=188.26620016483824 returncode=0
2026-01-19-09-30-42 iter4 factor=0.736 new_exposure=100
2026-01-19-09-30-56 iter5 exposure_us=100 mean=191.14259399279754 returncode=0
2026-01-19-09-31-08 final reuse exposure_us=100 mean=191.14259399279754
Iteration 1: running shutter 317us -> rpicam-still --camera 0 --width 9248 --height 6944 --shutter 317 --nopreview 1 -t 5000ms -o /media/pi/USB DISK/winter_images/rpicam_2026-01-19-09-30-01_iter1.jpg --quality 95 --metadata - --metadata-format json
Adjusting exposure: 317 -> 223 (factor 0.703)
Iteration 2: running shutter 223us -> rpicam-still --camera 0 --width 9248 --height 6944 --shutter 223 --nopreview 1 -t 5000ms -o /media/pi/USB DISK/winter_images/rpicam_2026-01-19-09-30-15_iter2.jpg --quality 95 --metadata - --metadata-format json
Adjusting exposure: 223 -> 158 (factor 0.710)
Iteration 3: running shutter 158us -> rpicam-still --camera 0 --width 9248 --height 6944 --shutter 158 --nopreview 1 -t 5000ms -o /media/pi/USB DISK/winter_images/rpicam_2026-01-19-09-30-30_iter3.jpg --quality 95 --metadata - --metadata-format json
Adjusting exposure: 158 -> 114 (factor 0.720)
Iteration 4: running shutter 114us -> rpicam-still --camera 0 --width 9248 --height 6944 --shutter 114 --nopreview 1 -t 5000ms -o /media/pi/USB DISK/winter_images/rpicam_2026-01-19-09-30-42_iter4.jpg --quality 95 --metadata - --metadata-format json
Adjusting exposure: 114 -> 100 (factor 0.736)
Iteration 5: running shutter 100us -> rpicam-still --camera 0 --width 9248 --height 6944 --shutter 100 --nopreview 1 -t 5000ms -o /media/pi/USB DISK/winter_images/rpicam_2026-01-19-09-30-56_iter5.jpg --quality 95 --metadata - --metadata-format json
Reached MinExposure while still above target brightness; stopping loop and reusing image
Capture complete. Final exposure (us): 100
2026-01-19-10-00-01 iter1 exposure_us=100 mean=185.89401542979027 returncode=0
2026-01-19-10-00-15 final reuse exposure_us=100 mean=185.89401542979027
Iteration 1: running shutter 100us -> rpicam-still --camera 0 --width 9248 --height 6944 --shutter 100 --nopreview 1 -t 5000ms -o /media/pi/USB DISK/winter_images/rpicam_2026-01-19-10-00-01_iter1.jpg --quality 95 --metadata - --metadata-format json
Reached MinExposure while still above target brightness; stopping loop and reusing image
Capture complete. Final exposure (us): 100
